-- MySQL dump 10.13  Distrib 5.6.20, for Win64 (x86_64)
--
-- Host: localhost    Database: chinese_db
-- ------------------------------------------------------
-- Server version	5.6.20

/*!40101 SET @OLD_CHARACTER_SET_CLIENT=@@CHARACTER_SET_CLIENT */;
/*!40101 SET @OLD_CHARACTER_SET_RESULTS=@@CHARACTER_SET_RESULTS */;
/*!40101 SET @OLD_COLLATION_CONNECTION=@@COLLATION_CONNECTION */;
/*!40101 SET NAMES utf8 */;
/*!40103 SET @OLD_TIME_ZONE=@@TIME_ZONE */;
/*!40103 SET TIME_ZONE='+00:00' */;
/*!40014 SET @OLD_UNIQUE_CHECKS=@@UNIQUE_CHECKS, UNIQUE_CHECKS=0 */;
/*!40014 SET @OLD_FOREIGN_KEY_CHECKS=@@FOREIGN_KEY_CHECKS, FOREIGN_KEY_CHECKS=0 */;
/*!40101 SET @OLD_SQL_MODE=@@SQL_MODE, SQL_MODE='NO_AUTO_VALUE_ON_ZERO' */;
/*!40111 SET @OLD_SQL_NOTES=@@SQL_NOTES, SQL_NOTES=0 */;

--
-- Table structure for table `auth_group`
--

DROP TABLE IF EXISTS `auth_group`;
/*!40101 SET @saved_cs_client     = @@character_set_client */;
/*!40101 SET character_set_client = utf8 */;
CREATE TABLE `auth_group` (
  `id` int(11) NOT NULL AUTO_INCREMENT,
  `name` varchar(80) COLLATE utf8_bin NOT NULL,
  PRIMARY KEY (`id`),
  UNIQUE KEY `name` (`name`)
) ENGINE=InnoDB DEFAULT CHARSET=utf8 COLLATE=utf8_bin;
/*!40101 SET character_set_client = @saved_cs_client */;

--
-- Dumping data for table `auth_group`
--

LOCK TABLES `auth_group` WRITE;
/*!40000 ALTER TABLE `auth_group` DISABLE KEYS */;
/*!40000 ALTER TABLE `auth_group` ENABLE KEYS */;
UNLOCK TABLES;

--
-- Table structure for table `auth_group_permissions`
--

DROP TABLE IF EXISTS `auth_group_permissions`;
/*!40101 SET @saved_cs_client     = @@character_set_client */;
/*!40101 SET character_set_client = utf8 */;
CREATE TABLE `auth_group_permissions` (
  `id` int(11) NOT NULL AUTO_INCREMENT,
  `group_id` int(11) NOT NULL,
  `permission_id` int(11) NOT NULL,
  PRIMARY KEY (`id`),
  UNIQUE KEY `group_id` (`group_id`,`permission_id`),
  KEY `auth_group_permissions_5f412f9a` (`group_id`),
  KEY `auth_group_permissions_83d7f98b` (`permission_id`),
  CONSTRAINT `group_id_refs_id_f4b32aac` FOREIGN KEY (`group_id`) REFERENCES `auth_group` (`id`),
  CONSTRAINT `permission_id_refs_id_6ba0f519` FOREIGN KEY (`permission_id`) REFERENCES `auth_permission` (`id`)
) ENGINE=InnoDB DEFAULT CHARSET=utf8 COLLATE=utf8_bin;
/*!40101 SET character_set_client = @saved_cs_client */;

--
-- Dumping data for table `auth_group_permissions`
--

LOCK TABLES `auth_group_permissions` WRITE;
/*!40000 ALTER TABLE `auth_group_permissions` DISABLE KEYS */;
/*!40000 ALTER TABLE `auth_group_permissions` ENABLE KEYS */;
UNLOCK TABLES;

--
-- Table structure for table `auth_permission`
--

DROP TABLE IF EXISTS `auth_permission`;
/*!40101 SET @saved_cs_client     = @@character_set_client */;
/*!40101 SET character_set_client = utf8 */;
CREATE TABLE `auth_permission` (
  `id` int(11) NOT NULL AUTO_INCREMENT,
  `name` varchar(50) COLLATE utf8_bin NOT NULL,
  `content_type_id` int(11) NOT NULL,
  `codename` varchar(100) COLLATE utf8_bin NOT NULL,
  PRIMARY KEY (`id`),
  UNIQUE KEY `content_type_id` (`content_type_id`,`codename`),
  KEY `auth_permission_37ef4eb4` (`content_type_id`),
  CONSTRAINT `content_type_id_refs_id_d043b34a` FOREIGN KEY (`content_type_id`) REFERENCES `django_content_type` (`id`)
) ENGINE=InnoDB AUTO_INCREMENT=82 DEFAULT CHARSET=utf8 COLLATE=utf8_bin;
/*!40101 SET character_set_client = @saved_cs_client */;

--
-- Dumping data for table `auth_permission`
--

LOCK TABLES `auth_permission` WRITE;
/*!40000 ALTER TABLE `auth_permission` DISABLE KEYS */;
INSERT INTO `auth_permission` VALUES (1,'Can add log entry',1,'add_logentry'),(2,'Can change log entry',1,'change_logentry'),(3,'Can delete log entry',1,'delete_logentry'),(4,'Can add permission',2,'add_permission'),(5,'Can change permission',2,'change_permission'),(6,'Can delete permission',2,'delete_permission'),(7,'Can add group',3,'add_group'),(8,'Can change group',3,'change_group'),(9,'Can delete group',3,'delete_group'),(10,'Can add user',4,'add_user'),(11,'Can change user',4,'change_user'),(12,'Can delete user',4,'delete_user'),(13,'Can add content type',5,'add_contenttype'),(14,'Can change content type',5,'change_contenttype'),(15,'Can delete content type',5,'delete_contenttype'),(16,'Can add session',6,'add_session'),(17,'Can change session',6,'change_session'),(18,'Can delete session',6,'delete_session'),(19,'Can add lesson',7,'add_lesson'),(20,'Can change lesson',7,'change_lesson'),(21,'Can delete lesson',7,'delete_lesson'),(22,'Can add word zh',8,'add_wordzh'),(23,'Can change word zh',8,'change_wordzh'),(24,'Can delete word zh',8,'delete_wordzh'),(25,'Can add word pl',9,'add_wordpl'),(26,'Can change word pl',9,'change_wordpl'),(27,'Can delete word pl',9,'delete_wordpl'),(28,'Can add word translation',10,'add_wordtranslation'),(29,'Can change word translation',10,'change_wordtranslation'),(30,'Can delete word translation',10,'delete_wordtranslation'),(31,'Can add sentence zh',11,'add_sentencezh'),(32,'Can change sentence zh',11,'change_sentencezh'),(33,'Can delete sentence zh',11,'delete_sentencezh'),(34,'Can add sentence pl',12,'add_sentencepl'),(35,'Can change sentence pl',12,'change_sentencepl'),(36,'Can delete sentence pl',12,'delete_sentencepl'),(37,'Can add sentence translation',13,'add_sentencetranslation'),(38,'Can change sentence translation',13,'change_sentencetranslation'),(39,'Can delete sentence translation',13,'delete_sentencetranslation'),(40,'Can add migration history',14,'add_migrationhistory'),(41,'Can change migration history',14,'change_migrationhistory'),(42,'Can delete migration history',14,'delete_migrationhistory'),(43,'Can add subscription',15,'add_subscription'),(44,'Can change subscription',15,'change_subscription'),(45,'Can delete subscription',15,'delete_subscription'),(49,'Can add lesson action',17,'add_lessonaction'),(50,'Can change lesson action',17,'change_lessonaction'),(51,'Can delete lesson action',17,'delete_lessonaction'),(55,'Can add exercise action',19,'add_exerciseaction'),(56,'Can change exercise action',19,'change_exerciseaction'),(57,'Can delete exercise action',19,'delete_exerciseaction'),(64,'Can add abstract exercise action description',22,'add_abstractexerciseactiondescription'),(65,'Can change abstract exercise action description',22,'change_abstractexerciseactiondescription'),(66,'Can delete abstract exercise action description',22,'delete_abstractexerciseactiondescription'),(67,'Can add word zh exercise action description',23,'add_wordzhexerciseactiondescription'),(68,'Can change word zh exercise action description',23,'change_wordzhexerciseactiondescription'),(69,'Can delete word zh exercise action description',23,'delete_wordzhexerciseactiondescription'),(70,'Can add word pl exercise action description',24,'add_wordplexerciseactiondescription'),(71,'Can change word pl exercise action description',24,'change_wordplexerciseactiondescription'),(72,'Can delete word pl exercise action description',24,'delete_wordplexerciseactiondescription'),(73,'Can add word skill',25,'add_wordskill'),(74,'Can change word skill',25,'change_wordskill'),(75,'Can delete word skill',25,'delete_wordskill'),(76,'Can add sentence zh exercise action description',26,'add_sentencezhexerciseactiondescription'),(77,'Can change sentence zh exercise action description',26,'change_sentencezhexerciseactiondescription'),(78,'Can delete sentence zh exercise action description',26,'delete_sentencezhexerciseactiondescription'),(79,'Can add sentence pl exercise action description',27,'add_sentenceplexerciseactiondescription'),(80,'Can change sentence pl exercise action description',27,'change_sentenceplexerciseactiondescription'),(81,'Can delete sentence pl exercise action description',27,'delete_sentenceplexerciseactiondescription');
/*!40000 ALTER TABLE `auth_permission` ENABLE KEYS */;
UNLOCK TABLES;

--
-- Table structure for table `auth_user`
--

DROP TABLE IF EXISTS `auth_user`;
/*!40101 SET @saved_cs_client     = @@character_set_client */;
/*!40101 SET character_set_client = utf8 */;
CREATE TABLE `auth_user` (
  `id` int(11) NOT NULL AUTO_INCREMENT,
  `password` varchar(128) COLLATE utf8_bin NOT NULL,
  `last_login` datetime NOT NULL,
  `is_superuser` tinyint(1) NOT NULL,
  `username` varchar(30) COLLATE utf8_bin NOT NULL,
  `first_name` varchar(30) COLLATE utf8_bin NOT NULL,
  `last_name` varchar(30) COLLATE utf8_bin NOT NULL,
  `email` varchar(75) COLLATE utf8_bin NOT NULL,
  `is_staff` tinyint(1) NOT NULL,
  `is_active` tinyint(1) NOT NULL,
  `date_joined` datetime NOT NULL,
  PRIMARY KEY (`id`),
  UNIQUE KEY `username` (`username`)
) ENGINE=InnoDB AUTO_INCREMENT=10 DEFAULT CHARSET=utf8 COLLATE=utf8_bin;
/*!40101 SET character_set_client = @saved_cs_client */;

--
-- Dumping data for table `auth_user`
--

LOCK TABLES `auth_user` WRITE;
/*!40000 ALTER TABLE `auth_user` DISABLE KEYS */;
INSERT INTO `auth_user` VALUES (1,'pbkdf2_sha256$12000$c5n8PguFG3DS$NLlwNvrozWrwkKMWVOuziB9oz9vUYPS1hoYVvGX96J4=','2014-11-15 15:33:19',1,'admin','','','',1,1,'2014-08-26 17:31:54'),(3,'pbkdf2_sha256$12000$1nckTyVAoezd$e2i+1T/OvMc/LiLgo6fSYh2fvhyEyW4+FmFc8NHXqho=','2014-09-11 19:19:54',0,'sdf','','','sdf@df.df',0,1,'2014-09-11 19:19:54'),(6,'pbkdf2_sha256$12000$7zxSumZhJxD8$53hiIvS+l9ff8QCaLioa35NrN5nzMhixzlTr1e44LkM=','2014-09-11 19:43:13',0,'asdasd','','','asdasd@as.asd',0,1,'2014-09-11 19:43:13'),(7,'pbkdf2_sha256$12000$E3z5XoQ07epG$m21mlWwgFd7wI73X2pNZaEfEmMqjZ/NGbSTAD0xE/ok=','2014-09-11 19:48:38',0,'asaf','','','asdasd@as.asd',0,1,'2014-09-11 19:48:38'),(9,'pbkdf2_sha256$12000$xWp5PF9oFGTQ$IMI8mFHuRsSN+hkOYZTOq/3FNA1TyuqX2NEC16ujKYI=','2014-09-11 19:49:44',0,'asd','','','sdf@df.df',0,1,'2014-09-11 19:49:44');
/*!40000 ALTER TABLE `auth_user` ENABLE KEYS */;
UNLOCK TABLES;

--
-- Table structure for table `auth_user_groups`
--

DROP TABLE IF EXISTS `auth_user_groups`;
/*!40101 SET @saved_cs_client     = @@character_set_client */;
/*!40101 SET character_set_client = utf8 */;
CREATE TABLE `auth_user_groups` (
  `id` int(11) NOT NULL AUTO_INCREMENT,
  `user_id` int(11) NOT NULL,
  `group_id` int(11) NOT NULL,
  PRIMARY KEY (`id`),
  UNIQUE KEY `user_id` (`user_id`,`group_id`),
  KEY `auth_user_groups_6340c63c` (`user_id`),
  KEY `auth_user_groups_5f412f9a` (`group_id`),
  CONSTRAINT `group_id_refs_id_274b862c` FOREIGN KEY (`group_id`) REFERENCES `auth_group` (`id`),
  CONSTRAINT `user_id_refs_id_40c41112` FOREIGN KEY (`user_id`) REFERENCES `auth_user` (`id`)
) ENGINE=InnoDB DEFAULT CHARSET=utf8 COLLATE=utf8_bin;
/*!40101 SET character_set_client = @saved_cs_client */;

--
-- Dumping data for table `auth_user_groups`
--

LOCK TABLES `auth_user_groups` WRITE;
/*!40000 ALTER TABLE `auth_user_groups` DISABLE KEYS */;
/*!40000 ALTER TABLE `auth_user_groups` ENABLE KEYS */;
UNLOCK TABLES;

--
-- Table structure for table `auth_user_user_permissions`
--

DROP TABLE IF EXISTS `auth_user_user_permissions`;
/*!40101 SET @saved_cs_client     = @@character_set_client */;
/*!40101 SET character_set_client = utf8 */;
CREATE TABLE `auth_user_user_permissions` (
  `id` int(11) NOT NULL AUTO_INCREMENT,
  `user_id` int(11) NOT NULL,
  `permission_id` int(11) NOT NULL,
  PRIMARY KEY (`id`),
  UNIQUE KEY `user_id` (`user_id`,`permission_id`),
  KEY `auth_user_user_permissions_6340c63c` (`user_id`),
  KEY `auth_user_user_permissions_83d7f98b` (`permission_id`),
  CONSTRAINT `permission_id_refs_id_35d9ac25` FOREIGN KEY (`permission_id`) REFERENCES `auth_permission` (`id`),
  CONSTRAINT `user_id_refs_id_4dc23c39` FOREIGN KEY (`user_id`) REFERENCES `auth_user` (`id`)
) ENGINE=InnoDB DEFAULT CHARSET=utf8 COLLATE=utf8_bin;
/*!40101 SET character_set_client = @saved_cs_client */;

--
-- Dumping data for table `auth_user_user_permissions`
--

LOCK TABLES `auth_user_user_permissions` WRITE;
/*!40000 ALTER TABLE `auth_user_user_permissions` DISABLE KEYS */;
/*!40000 ALTER TABLE `auth_user_user_permissions` ENABLE KEYS */;
UNLOCK TABLES;

--
-- Table structure for table `chinesetool_abstractexerciseactiondescription`
--

DROP TABLE IF EXISTS `chinesetool_abstractexerciseactiondescription`;
/*!40101 SET @saved_cs_client     = @@character_set_client */;
/*!40101 SET character_set_client = utf8 */;
CREATE TABLE `chinesetool_abstractexerciseactiondescription` (
  `id` int(11) NOT NULL AUTO_INCREMENT,
  `exercise_id` int(11) NOT NULL,
  PRIMARY KEY (`id`),
  KEY `chinesetool_abstractexerciseactiondescription_c18e0af4` (`exercise_id`),
  CONSTRAINT `exercise_id_refs_id_5d386722` FOREIGN KEY (`exercise_id`) REFERENCES `chinesetool_exerciseaction` (`id`)
) ENGINE=InnoDB AUTO_INCREMENT=741 DEFAULT CHARSET=utf8 COLLATE=utf8_bin;
/*!40101 SET character_set_client = @saved_cs_client */;

--
-- Dumping data for table `chinesetool_abstractexerciseactiondescription`
--

LOCK TABLES `chinesetool_abstractexerciseactiondescription` WRITE;
/*!40000 ALTER TABLE `chinesetool_abstractexerciseactiondescription` DISABLE KEYS */;
INSERT INTO `chinesetool_abstractexerciseactiondescription` VALUES (1,81),(2,82),(3,83),(4,84),(5,85),(6,86),(7,87),(8,88),(9,89),(10,90),(11,91),(12,92),(13,93),(14,94),(15,95),(16,96),(17,97),(18,98),(19,99),(20,100),(21,101),(22,102),(23,103),(24,104),(25,105),(26,106),(27,107),(28,108),(29,109),(30,110),(31,111),(32,112),(33,113),(34,114),(35,115),(36,116),(37,117),(38,118),(39,119),(40,120),(41,121),(42,122),(43,123),(44,124),(45,125),(46,126),(47,127),(48,128),(49,129),(50,130),(51,131),(52,132),(53,133),(54,134),(55,135),(56,136),(57,137),(58,138),(59,139),(60,140),(61,141),(62,142),(63,143),(64,144),(65,145),(66,146),(67,147),(68,148),(69,149),(70,150),(71,151),(72,152),(73,153),(74,154),(75,155),(76,156),(77,157),(78,158),(79,159),(80,160),(81,161),(82,162),(83,163),(84,164),(85,165),(86,166),(87,167),(88,168),(89,169),(90,170),(91,171),(92,172),(93,173),(94,174),(95,175),(96,176),(97,177),(98,178),(99,179),(100,180),(101,181),(102,182),(103,183),(104,184),(105,185),(106,186),(107,187),(108,188),(109,189),(110,190),(111,191),(112,192),(113,193),(114,194),(115,195),(116,196),(117,197),(118,198),(119,199),(120,200),(121,201),(122,202),(123,203),(124,204),(125,205),(126,206),(127,207),(128,208),(129,209),(130,210),(131,211),(132,212),(133,213),(134,214),(135,215),(136,216),(137,217),(138,218),(139,219),(140,220),(141,221),(142,222),(143,223),(144,224),(145,225),(146,226),(147,227),(148,228),(149,229),(150,230),(151,231),(152,232),(153,233),(154,234),(155,235),(156,236),(157,237),(158,238),(159,239),(160,240),(161,241),(162,242),(163,243),(164,244),(165,245),(166,246),(167,247),(168,248),(169,249),(170,250),(171,251),(172,252),(173,253),(174,254),(175,255),(176,256),(177,257),(178,258),(179,259),(180,260),(181,261),(182,262),(183,263),(184,264),(185,265),(186,266),(187,267),(188,268),(189,269),(190,270),(191,271),(192,272),(193,273),(194,274),(195,275),(196,276),(197,277),(198,278),(199,279),(200,280),(201,281),(202,282),(203,283),(204,284),(205,285),(206,286),(207,287),(208,288),(209,289),(210,290),(211,291),(212,292),(213,293),(214,294),(215,295),(216,296),(217,297),(218,298),(219,299),(220,300),(221,301),(222,302),(223,303),(224,304),(225,305),(226,306),(227,307),(228,308),(229,309),(230,310),(231,311),(232,312),(233,313),(234,314),(235,315),(236,316),(237,317),(238,318),(239,319),(240,320),(241,321),(242,322),(243,323),(244,324),(245,325),(246,326),(247,327),(248,328),(249,329),(250,330),(251,331),(252,332),(253,333),(254,334),(255,335),(256,336),(257,337),(258,338),(259,339),(260,340),(261,341),(262,342),(263,343),(264,344),(265,345),(266,346),(267,347),(268,348),(269,349),(270,350),(271,351),(272,352),(273,353),(274,354),(275,355),(276,356),(277,357),(278,358),(279,359),(280,360),(281,361),(282,362),(283,363),(284,364),(285,365),(286,366),(287,367),(288,368),(289,369),(290,370),(291,371),(292,372),(293,373),(294,374),(295,375),(296,376),(297,377),(298,378),(299,379),(300,380),(301,381),(302,382),(303,383),(304,384),(305,385),(306,386),(307,387),(308,388),(309,389),(310,390),(311,391),(312,392),(313,393),(314,394),(315,395),(316,396),(317,397),(318,398),(319,399),(320,400),(321,401),(322,402),(323,403),(324,404),(325,405),(326,406),(327,407),(328,408),(329,409),(330,410),(331,411),(332,412),(333,413),(334,414),(335,415),(336,416),(337,417),(338,418),(339,419),(340,420),(341,421),(342,422),(343,423),(344,424),(345,425),(346,426),(347,427),(348,428),(349,429),(350,430),(351,431),(352,432),(353,433),(354,434),(355,435),(356,436),(357,437),(358,438),(359,439),(360,440),(361,441),(362,442),(363,443),(364,444),(365,445),(366,446),(367,447),(368,448),(369,449),(370,450),(371,451),(372,452),(373,453),(374,454),(375,455),(376,456),(377,457),(378,458),(379,459),(380,460),(381,461),(382,462),(383,463),(384,464),(385,465),(386,466),(387,467),(388,468),(389,469),(390,470),(391,471),(392,472),(393,473),(394,474),(395,475),(396,476),(397,477),(398,478),(399,479),(400,480),(401,481),(402,482),(403,483),(404,484),(405,485),(406,486),(407,487),(408,488),(409,489),(410,490),(411,491),(412,492),(413,493),(414,494),(415,495),(416,496),(417,497),(418,498),(419,499),(420,500),(421,501),(422,502),(423,503),(424,504),(425,505),(426,506),(427,507),(428,508),(429,509),(430,510),(431,511),(432,512),(433,513),(434,514),(435,515),(436,516),(437,517),(438,518),(439,519),(440,520),(441,521),(442,522),(443,523),(444,524),(445,525),(446,526),(447,527),(448,528),(449,529),(450,530),(451,531),(452,532),(453,533),(454,534),(455,535),(456,536),(457,537),(458,538),(459,539),(460,540),(461,541),(462,542),(463,543),(464,544),(465,545),(466,546),(467,547),(468,548),(469,549),(470,550),(471,551),(472,552),(473,553),(474,554),(475,555),(476,556),(477,557),(478,558),(479,559),(480,560),(481,561),(482,562),(483,563),(484,564),(485,565),(486,566),(487,567),(488,568),(489,569),(490,570),(491,571),(492,572),(493,573),(494,574),(495,575),(496,576),(497,577),(498,578),(499,579),(500,580),(501,581),(502,582),(503,583),(504,584),(505,585),(506,586),(507,587),(508,588),(509,589),(510,590),(511,591),(512,592),(513,593),(514,594),(515,595),(516,596),(517,597),(518,598),(519,599),(520,600),(521,601),(522,602),(523,603),(524,604),(525,605),(526,606),(527,607),(528,608),(529,609),(530,610),(531,611),(532,612),(533,613),(534,614),(535,615),(536,616),(537,617),(538,618),(539,619),(540,620),(541,621),(542,622),(543,623),(544,624),(545,625),(546,626),(547,627),(548,628),(549,629),(550,630),(551,631),(552,632),(553,633),(554,634),(555,635),(556,636),(557,637),(558,638),(559,639),(560,640),(561,641),(562,642),(563,643),(564,644),(565,645),(566,646),(567,647),(568,648),(569,649),(570,650),(571,651),(572,652),(573,653),(574,654),(575,655),(576,656),(577,657),(578,658),(579,659),(580,660),(581,661),(582,662),(583,663),(584,664),(585,665),(586,666),(587,667),(588,668),(589,669),(590,670),(591,671),(592,672),(593,673),(594,674),(595,675),(596,676),(597,677),(598,678),(599,679),(600,680),(601,681),(602,682),(603,683),(604,684),(605,685),(606,686),(607,687),(608,688),(609,689),(610,690),(611,691),(612,692),(613,693),(614,694),(615,695),(616,696),(617,697),(618,698),(619,699),(620,700),(621,701),(622,702),(623,703),(624,704),(625,705),(626,706),(627,707),(628,708),(629,709),(630,710),(631,711),(632,712),(633,713),(634,714),(635,715),(636,716),(637,717),(638,718),(639,719),(640,720),(641,723),(642,724),(643,725),(644,726),(645,727),(646,728),(647,729),(648,730),(649,731),(650,732),(651,733),(652,734),(653,735),(654,736),(655,737),(656,738),(657,739),(658,740),(659,741),(660,742),(661,743),(662,744),(663,745),(664,746),(665,747),(666,748),(667,749),(668,750),(669,751),(670,752),(671,753),(672,754),(673,755),(674,756),(675,757),(676,758),(677,759),(678,760),(679,761),(680,762),(681,763),(682,764),(683,765),(684,766),(685,767),(686,768),(687,769),(688,770),(689,771),(690,772),(691,773),(692,774),(693,775),(694,776),(695,777),(696,778),(697,779),(698,780),(699,781),(700,782),(701,783),(702,784),(703,785),(704,786),(705,787),(706,788),(707,789),(708,790),(709,791),(710,792),(711,793),(712,794),(713,795),(714,796),(715,797),(716,798),(717,799),(718,800),(719,801),(720,802),(721,803),(722,804),(723,805),(724,806),(725,807),(726,808),(727,809),(728,810),(729,811),(730,812),(731,813),(732,814),(733,815),(734,816),(735,817),(736,818),(737,819),(738,820),(739,821),(740,822);
/*!40000 ALTER TABLE `chinesetool_abstractexerciseactiondescription` ENABLE KEYS */;
UNLOCK TABLES;

--
-- Table structure for table `chinesetool_exerciseaction`
--

DROP TABLE IF EXISTS `chinesetool_exerciseaction`;
/*!40101 SET @saved_cs_client     = @@character_set_client */;
/*!40101 SET character_set_client = utf8 */;
CREATE TABLE `chinesetool_exerciseaction` (
  `id` int(11) NOT NULL AUTO_INCREMENT,
  `lesson_action_id` int(11) NOT NULL,
  `type` varchar(1) COLLATE utf8_bin NOT NULL,
  `number` int(11) NOT NULL,
  `result` int(11) NOT NULL,
  PRIMARY KEY (`id`),
  KEY `chinesetool_exerciseaction_ff58a6f6` (`lesson_action_id`),
  KEY `chinesetool_exerciseaction_403d8ff3` (`type`),
  CONSTRAINT `lesson_action_id_refs_id_e21c761f` FOREIGN KEY (`lesson_action_id`) REFERENCES `chinesetool_lessonaction` (`id`)
) ENGINE=InnoDB AUTO_INCREMENT=823 DEFAULT CHARSET=utf8 COLLATE=utf8_bin;
/*!40101 SET character_set_client = @saved_cs_client */;

--
-- Dumping data for table `chinesetool_exerciseaction`
--

LOCK TABLES `chinesetool_exerciseaction` WRITE;
/*!40000 ALTER TABLE `chinesetool_exerciseaction` DISABLE KEYS */;
INSERT INTO `chinesetool_exerciseaction` VALUES (1,2,'',0,0),(2,2,'',0,0),(3,2,'',0,0),(4,2,'',0,0),(5,2,'',0,0),(6,3,'',0,0),(7,3,'',0,0),(8,3,'',0,0),(9,3,'',0,0),(10,3,'',0,0),(11,4,'',0,0),(12,4,'',0,0),(13,4,'',0,0),(14,4,'',0,0),(15,4,'',0,0),(16,5,'',0,0),(17,5,'',0,0),(18,5,'',0,0),(19,5,'',0,0),(20,5,'',0,0),(21,6,'',0,0),(22,6,'',0,0),(23,6,'',0,0),(24,6,'',0,0),(25,6,'',0,0),(26,7,'',0,0),(27,7,'',0,0),(28,7,'',0,0),(29,7,'',0,0),(30,7,'',0,0),(31,8,'',0,0),(32,8,'',0,0),(33,8,'',0,0),(34,8,'',0,0),(35,8,'',0,0),(36,9,'',0,0),(37,9,'',0,0),(38,9,'',0,0),(39,9,'',0,0),(40,9,'',0,0),(41,10,'',0,0),(42,10,'',0,0),(43,10,'',0,0),(44,10,'',0,0),(45,10,'',0,0),(46,11,'',0,0),(47,11,'',0,0),(48,11,'',0,0),(49,11,'',0,0),(50,11,'',0,0),(51,12,'',0,0),(52,12,'',0,0),(53,12,'',0,0),(54,12,'',0,0),(55,12,'',0,0),(56,13,'',0,0),(57,13,'',0,0),(58,13,'',0,0),(59,13,'',0,0),(60,13,'',0,0),(61,14,'',0,0),(62,14,'',0,0),(63,14,'',0,0),(64,14,'',0,0),(65,14,'',0,0),(66,15,'',0,0),(67,15,'',0,0),(68,15,'',0,0),(69,15,'',0,0),(70,15,'',0,0),(71,16,'',0,0),(72,16,'',0,0),(73,16,'',0,0),(74,16,'',0,0),(75,16,'',0,0),(76,17,'',0,0),(77,17,'',0,0),(78,17,'',0,0),(79,17,'',0,0),(80,17,'',0,0),(81,28,'1',1,0),(82,28,'1',2,0),(83,28,'1',3,0),(84,28,'1',4,0),(85,28,'1',5,0),(86,29,'1',1,0),(87,29,'1',2,0),(88,29,'1',3,0),(89,29,'1',4,0),(90,29,'1',5,0),(91,30,'1',1,0),(92,30,'1',2,0),(93,30,'1',3,0),(94,30,'1',4,0),(95,30,'1',5,0),(96,31,'1',1,0),(97,31,'1',2,0),(98,31,'1',3,0),(99,31,'1',4,0),(100,31,'1',5,0),(101,32,'1',1,0),(102,32,'1',2,0),(103,32,'1',3,0),(104,32,'1',4,0),(105,32,'1',5,0),(106,33,'1',1,0),(107,33,'1',2,0),(108,33,'1',3,0),(109,33,'1',4,0),(110,33,'1',5,0),(111,34,'1',1,0),(112,34,'1',2,0),(113,34,'1',3,0),(114,34,'1',4,0),(115,34,'1',5,0),(116,35,'1',1,0),(117,35,'1',2,0),(118,35,'1',3,0),(119,35,'1',4,0),(120,35,'1',5,0),(121,36,'1',1,0),(122,36,'1',2,0),(123,36,'1',3,0),(124,36,'1',4,0),(125,36,'1',5,0),(126,37,'1',1,0),(127,37,'1',2,0),(128,37,'1',3,0),(129,37,'1',4,0),(130,37,'1',5,0),(131,38,'1',1,0),(132,38,'1',2,0),(133,38,'1',3,0),(134,38,'1',4,0),(135,38,'1',5,0),(136,39,'1',1,0),(137,39,'1',2,0),(138,39,'1',3,0),(139,39,'1',4,0),(140,39,'1',5,0),(141,40,'1',1,0),(142,40,'1',2,0),(143,40,'1',3,0),(144,40,'1',4,0),(145,40,'1',5,0),(146,41,'1',1,0),(147,41,'1',2,0),(148,41,'1',3,0),(149,41,'1',4,0),(150,41,'1',5,0),(151,42,'1',1,0),(152,42,'1',2,0),(153,42,'1',3,0),(154,42,'1',4,0),(155,42,'1',5,0),(156,43,'1',1,0),(157,43,'1',2,0),(158,43,'1',3,0),(159,43,'1',4,0),(160,43,'1',5,0),(161,44,'1',1,0),(162,44,'1',2,0),(163,44,'1',3,0),(164,44,'1',4,0),(165,44,'1',5,0),(166,45,'1',1,0),(167,45,'1',2,0),(168,45,'1',3,0),(169,45,'1',4,0),(170,45,'1',5,0),(171,46,'1',1,0),(172,46,'1',2,0),(173,46,'1',3,0),(174,46,'1',4,0),(175,46,'1',5,0),(176,47,'1',1,0),(177,47,'1',2,0),(178,47,'1',3,0),(179,47,'1',4,0),(180,47,'1',5,0),(181,48,'1',1,0),(182,48,'1',2,0),(183,48,'1',3,0),(184,48,'1',4,0),(185,48,'1',5,0),(186,49,'1',1,0),(187,49,'1',2,0),(188,49,'1',3,0),(189,49,'1',4,0),(190,49,'1',5,0),(191,50,'1',1,0),(192,50,'1',2,0),(193,50,'1',3,0),(194,50,'1',4,0),(195,50,'1',5,0),(196,51,'1',1,0),(197,51,'1',2,0),(198,51,'1',3,0),(199,51,'1',4,0),(200,51,'1',5,0),(201,52,'1',1,0),(202,52,'1',2,0),(203,52,'1',3,0),(204,52,'1',4,0),(205,52,'1',5,0),(206,53,'1',1,0),(207,53,'1',2,0),(208,53,'1',3,0),(209,53,'1',4,0),(210,53,'1',5,0),(211,54,'1',1,0),(212,54,'1',2,0),(213,54,'1',3,0),(214,54,'1',4,0),(215,54,'1',5,0),(216,55,'1',1,0),(217,55,'1',2,0),(218,55,'1',3,0),(219,55,'1',4,0),(220,55,'1',5,0),(221,56,'1',1,0),(222,56,'1',2,0),(223,56,'1',3,0),(224,56,'1',4,0),(225,56,'1',5,0),(226,57,'1',1,0),(227,57,'1',2,0),(228,57,'1',3,0),(229,57,'1',4,0),(230,57,'1',5,0),(231,58,'1',1,0),(232,58,'1',2,0),(233,58,'1',3,0),(234,58,'1',4,0),(235,58,'1',5,0),(236,59,'1',1,0),(237,59,'1',2,0),(238,59,'1',3,0),(239,59,'1',4,0),(240,59,'1',5,0),(241,60,'1',1,0),(242,60,'1',2,0),(243,60,'1',3,0),(244,60,'1',4,0),(245,60,'1',5,0),(246,61,'1',1,0),(247,61,'1',2,0),(248,61,'1',3,0),(249,61,'1',4,0),(250,61,'1',5,0),(251,62,'1',1,0),(252,62,'1',2,0),(253,62,'1',3,0),(254,62,'1',4,0),(255,62,'1',5,0),(256,63,'1',1,0),(257,63,'1',2,0),(258,63,'1',3,0),(259,63,'1',4,0),(260,63,'1',5,0),(261,64,'1',1,0),(262,64,'1',2,0),(263,64,'1',3,0),(264,64,'1',4,0),(265,64,'1',5,0),(266,65,'1',1,0),(267,65,'1',2,0),(268,65,'1',3,0),(269,65,'1',4,0),(270,65,'1',5,0),(271,66,'1',1,0),(272,66,'1',2,0),(273,66,'1',3,0),(274,66,'1',4,0),(275,66,'1',5,0),(276,67,'1',1,0),(277,67,'1',2,0),(278,67,'1',3,0),(279,67,'1',4,0),(280,67,'1',5,0),(281,68,'1',1,0),(282,68,'1',2,0),(283,68,'1',3,0),(284,68,'1',4,0),(285,68,'1',5,0),(286,69,'1',1,0),(287,69,'1',2,0),(288,69,'1',3,0),(289,69,'1',4,0),(290,69,'1',5,0),(291,70,'1',1,0),(292,70,'1',2,0),(293,70,'1',3,0),(294,70,'1',4,0),(295,70,'1',5,0),(296,71,'1',1,0),(297,71,'1',2,0),(298,71,'1',3,0),(299,71,'1',4,0),(300,71,'1',5,0),(301,72,'1',1,0),(302,72,'1',2,0),(303,72,'1',3,0),(304,72,'1',4,0),(305,72,'1',5,0),(306,73,'1',1,0),(307,73,'1',2,0),(308,73,'1',3,0),(309,73,'1',4,0),(310,73,'1',5,0),(311,74,'1',1,0),(312,74,'1',2,0),(313,74,'1',3,0),(314,74,'1',4,0),(315,74,'1',5,0),(316,75,'1',1,0),(317,75,'1',2,0),(318,75,'1',3,0),(319,75,'1',4,0),(320,75,'1',5,0),(321,76,'1',1,0),(322,76,'1',2,0),(323,76,'1',3,0),(324,76,'1',4,0),(325,76,'1',5,0),(326,77,'1',1,0),(327,77,'1',2,0),(328,77,'1',3,0),(329,77,'1',4,0),(330,77,'1',5,0),(331,78,'1',1,0),(332,78,'1',2,0),(333,78,'1',3,0),(334,78,'1',4,0),(335,78,'1',5,0),(336,79,'1',1,0),(337,79,'1',2,0),(338,79,'1',3,0),(339,79,'1',4,0),(340,79,'1',5,0),(341,80,'1',1,0),(342,80,'1',2,0),(343,80,'1',3,0),(344,80,'1',4,0),(345,80,'1',5,0),(346,81,'1',1,0),(347,81,'1',2,0),(348,81,'1',3,0),(349,81,'1',4,0),(350,81,'1',5,0),(351,82,'1',1,0),(352,82,'1',2,0),(353,82,'1',3,0),(354,82,'1',4,0),(355,82,'1',5,0),(356,83,'1',1,0),(357,83,'1',2,0),(358,83,'1',3,0),(359,83,'1',4,0),(360,83,'1',5,0),(361,84,'1',1,0),(362,84,'1',2,0),(363,84,'1',3,0),(364,84,'1',4,0),(365,84,'1',5,0),(366,85,'1',1,0),(367,85,'1',2,0),(368,85,'1',3,0),(369,85,'1',4,0),(370,85,'1',5,0),(371,86,'1',1,0),(372,86,'1',2,0),(373,86,'1',3,0),(374,86,'1',4,0),(375,86,'1',5,0),(376,87,'1',1,0),(377,87,'1',2,0),(378,87,'1',3,0),(379,87,'1',4,0),(380,87,'1',5,0),(381,88,'1',1,0),(382,88,'1',2,0),(383,88,'1',3,0),(384,88,'1',4,0),(385,88,'1',5,0),(386,89,'1',1,0),(387,89,'1',2,0),(388,89,'1',3,0),(389,89,'1',4,0),(390,89,'1',5,0),(391,90,'1',1,0),(392,90,'1',2,0),(393,90,'1',3,0),(394,90,'1',4,0),(395,90,'1',5,0),(396,91,'1',1,0),(397,91,'1',2,0),(398,91,'1',3,0),(399,91,'1',4,0),(400,91,'1',5,0),(401,92,'1',1,0),(402,92,'1',2,0),(403,92,'1',3,0),(404,92,'1',4,0),(405,92,'1',5,0),(406,93,'1',1,0),(407,93,'1',2,0),(408,93,'1',3,0),(409,93,'1',4,0),(410,93,'1',5,0),(411,94,'1',1,0),(412,94,'1',2,0),(413,94,'1',3,0),(414,94,'1',4,0),(415,94,'1',5,0),(416,95,'1',1,0),(417,95,'1',2,0),(418,95,'1',3,0),(419,95,'1',4,0),(420,95,'1',5,0),(421,96,'1',1,0),(422,96,'1',2,0),(423,96,'1',3,0),(424,96,'1',4,0),(425,96,'1',5,0),(426,97,'1',1,0),(427,97,'1',2,0),(428,97,'1',3,0),(429,97,'1',4,0),(430,97,'1',5,0),(431,98,'1',1,0),(432,98,'1',2,0),(433,98,'1',3,0),(434,98,'1',4,0),(435,98,'1',5,0),(436,99,'1',1,0),(437,99,'1',2,0),(438,99,'1',3,0),(439,99,'1',4,0),(440,99,'1',5,0),(441,100,'1',1,0),(442,100,'1',2,0),(443,100,'1',3,0),(444,100,'1',4,0),(445,100,'1',5,0),(446,101,'1',1,0),(447,101,'1',2,0),(448,101,'1',3,0),(449,101,'1',4,0),(450,101,'1',5,0),(451,102,'1',1,0),(452,102,'1',2,0),(453,102,'1',3,0),(454,102,'1',4,0),(455,102,'1',5,0),(456,103,'1',1,0),(457,103,'1',2,0),(458,103,'1',3,0),(459,103,'1',4,0),(460,103,'1',5,0),(461,104,'1',1,0),(462,104,'1',2,0),(463,104,'1',3,0),(464,104,'1',4,0),(465,104,'1',5,0),(466,105,'1',1,0),(467,105,'1',2,0),(468,105,'1',3,0),(469,105,'1',4,0),(470,105,'1',5,0),(471,106,'1',1,0),(472,106,'1',2,0),(473,106,'1',3,0),(474,106,'1',4,0),(475,106,'1',5,0),(476,107,'1',1,0),(477,107,'1',2,0),(478,107,'1',3,0),(479,107,'1',4,0),(480,107,'1',5,0),(481,108,'1',1,0),(482,108,'1',2,0),(483,108,'1',3,0),(484,108,'1',4,0),(485,108,'1',5,0),(486,109,'1',1,0),(487,109,'1',2,0),(488,109,'1',3,0),(489,109,'1',4,0),(490,109,'1',5,0),(491,110,'1',1,0),(492,110,'1',2,0),(493,110,'1',3,0),(494,110,'1',4,0),(495,110,'1',5,0),(496,111,'1',1,0),(497,111,'1',2,0),(498,111,'1',3,0),(499,111,'1',4,0),(500,111,'1',5,0),(501,112,'1',1,0),(502,112,'1',2,0),(503,112,'1',3,0),(504,112,'1',4,0),(505,112,'1',5,0),(506,113,'1',1,0),(507,113,'1',2,0),(508,113,'1',3,0),(509,113,'1',4,0),(510,113,'1',5,0),(511,114,'1',1,0),(512,114,'1',2,0),(513,114,'1',3,0),(514,114,'1',4,0),(515,114,'1',5,0),(516,115,'1',1,0),(517,115,'1',2,0),(518,115,'1',3,0),(519,115,'1',4,0),(520,115,'1',5,0),(521,116,'1',1,0),(522,116,'1',2,0),(523,116,'1',3,0),(524,116,'1',4,0),(525,116,'1',5,0),(526,117,'1',1,0),(527,117,'1',2,0),(528,117,'1',3,0),(529,117,'1',4,0),(530,117,'1',5,0),(531,118,'1',1,0),(532,118,'1',2,0),(533,118,'1',3,0),(534,118,'1',4,0),(535,118,'1',5,0),(536,119,'1',1,0),(537,119,'1',2,0),(538,119,'1',3,0),(539,119,'1',4,0),(540,119,'1',5,0),(541,120,'1',1,0),(542,120,'1',2,0),(543,120,'1',3,0),(544,120,'1',4,0),(545,120,'1',5,0),(546,121,'1',1,0),(547,121,'1',2,0),(548,121,'1',3,0),(549,121,'1',4,0),(550,121,'1',5,0),(551,122,'1',1,0),(552,122,'1',2,0),(553,122,'1',3,0),(554,122,'1',4,0),(555,122,'1',5,0),(556,123,'1',1,0),(557,123,'1',2,0),(558,123,'1',3,0),(559,123,'1',4,0),(560,123,'1',5,0),(561,124,'1',1,0),(562,124,'1',2,0),(563,124,'1',3,0),(564,124,'1',4,0),(565,124,'1',5,0),(566,125,'w',1,0),(567,125,'w',2,0),(568,125,'w',3,0),(569,125,'w',4,0),(570,125,'w',5,0),(571,126,'s',1,0),(572,126,'s',2,0),(573,126,'s',3,0),(574,126,'s',4,0),(575,126,'s',5,0),(576,127,'s',1,0),(577,127,'s',2,0),(578,127,'s',3,0),(579,127,'s',4,0),(580,127,'s',5,0),(581,128,'w',1,0),(582,128,'w',2,0),(583,128,'w',3,0),(584,128,'w',4,0),(585,128,'w',5,0),(586,129,'s',1,0),(587,129,'s',2,0),(588,129,'s',3,0),(589,129,'s',4,0),(590,129,'s',5,0),(591,130,'w',1,0),(592,130,'w',2,0),(593,130,'w',3,0),(594,130,'w',4,0),(595,130,'w',5,0),(596,131,'w',1,0),(597,131,'w',2,0),(598,131,'w',3,0),(599,131,'w',4,0),(600,131,'w',5,0),(601,132,'w',1,0),(602,132,'w',2,0),(603,132,'w',3,0),(604,132,'w',4,0),(605,132,'w',5,0),(606,133,'w',1,0),(607,133,'w',2,0),(608,133,'w',3,0),(609,133,'w',4,0),(610,133,'w',5,0),(611,134,'w',1,0),(612,134,'w',2,0),(613,134,'w',3,0),(614,134,'w',4,0),(615,134,'w',5,0),(616,135,'w',1,0),(617,135,'w',2,0),(618,135,'w',3,0),(619,135,'w',4,0),(620,135,'w',5,0),(621,136,'w',1,0),(622,136,'w',2,0),(623,136,'w',3,0),(624,136,'w',4,0),(625,136,'w',5,0),(626,137,'w',1,0),(627,137,'w',2,0),(628,137,'w',3,0),(629,137,'w',4,0),(630,137,'w',5,0),(631,139,'w',1,0),(632,139,'w',2,0),(633,139,'w',3,0),(634,139,'w',4,0),(635,139,'w',5,0),(636,140,'w',1,0),(637,140,'w',2,0),(638,140,'w',3,0),(639,140,'w',4,0),(640,140,'w',5,0),(641,141,'w',1,0),(642,141,'w',2,0),(643,141,'w',3,0),(644,141,'w',4,0),(645,141,'w',5,0),(646,142,'w',1,0),(647,142,'w',2,0),(648,142,'w',3,0),(649,142,'w',4,0),(650,142,'w',5,0),(651,143,'w',1,0),(652,143,'w',2,0),(653,143,'w',3,0),(654,143,'w',4,0),(655,143,'w',5,0),(656,144,'w',1,0),(657,144,'w',2,0),(658,144,'w',3,0),(659,144,'w',4,0),(660,144,'w',5,0),(661,145,'w',1,0),(662,145,'w',2,0),(663,145,'w',3,0),(664,145,'w',4,0),(665,145,'w',5,0),(666,146,'w',1,0),(667,146,'w',2,0),(668,146,'w',3,0),(669,146,'w',4,0),(670,146,'w',5,0),(671,147,'w',1,0),(672,147,'w',2,0),(673,147,'w',3,0),(674,147,'w',4,0),(675,147,'w',5,0),(676,148,'w',1,0),(677,148,'w',2,0),(678,148,'w',3,0),(679,148,'w',4,0),(680,148,'w',5,0),(681,149,'w',1,0),(682,149,'w',2,0),(683,149,'w',3,0),(684,149,'w',4,0),(685,149,'w',5,0),(686,150,'w',1,0),(687,150,'w',2,0),(688,150,'w',3,0),(689,150,'w',4,0),(690,150,'w',5,0),(691,151,'w',1,0),(692,151,'w',2,0),(693,151,'w',3,0),(694,151,'w',4,0),(695,151,'w',5,0),(696,152,'w',1,0),(697,152,'w',2,0),(698,152,'w',3,0),(699,152,'w',4,0),(700,152,'w',5,0),(701,153,'w',1,0),(702,153,'w',2,0),(703,153,'w',3,0),(704,153,'w',4,0),(705,153,'w',5,0),(706,154,'w',1,0),(707,154,'w',2,0),(708,154,'w',3,0),(709,154,'w',4,0),(710,154,'w',5,0),(711,155,'w',1,0),(712,155,'w',2,0),(713,155,'w',3,0),(714,155,'w',4,0),(715,155,'w',5,0),(716,156,'w',1,0),(717,156,'w',2,0),(718,156,'w',3,0),(719,156,'w',4,0),(720,156,'w',5,0),(723,159,'c',1,0),(724,159,'c',2,0),(725,159,'c',3,0),(726,159,'c',4,0),(727,159,'c',5,0),(728,160,'c',1,0),(729,160,'c',2,0),(730,160,'c',3,0),(731,160,'c',4,0),(732,160,'c',5,0),(733,161,'c',1,0),(734,161,'c',2,0),(735,161,'c',3,0),(736,161,'c',4,0),(737,161,'c',5,0),(738,162,'e',1,0),(739,162,'e',2,0),(740,162,'e',3,0),(741,162,'e',4,0),(742,162,'e',5,0),(743,163,'e',1,0),(744,163,'e',2,0),(745,163,'e',3,0),(746,163,'e',4,0),(747,163,'e',5,0),(748,164,'e',1,0),(749,164,'e',2,0),(750,164,'e',3,0),(751,164,'e',4,0),(752,164,'e',5,0),(753,165,'c',1,0),(754,165,'c',2,0),(755,165,'c',3,0),(756,165,'c',4,0),(757,165,'c',5,0),(758,166,'c',1,0),(759,166,'c',2,0),(760,166,'c',3,0),(761,166,'c',4,0),(762,166,'c',5,0),(763,167,'e',1,0),(764,167,'e',2,0),(765,167,'e',3,0),(766,167,'e',4,0),(767,167,'e',5,0),(768,168,'e',1,0),(769,168,'e',2,0),(770,168,'e',3,0),(771,168,'e',4,0),(772,168,'e',5,0),(773,169,'e',1,0),(774,169,'e',2,0),(775,169,'e',3,0),(776,169,'e',4,0),(777,169,'e',5,0),(778,170,'e',1,0),(779,170,'e',2,0),(780,170,'e',3,0),(781,170,'e',4,0),(782,170,'e',5,0),(783,171,'c',1,0),(784,171,'c',2,0),(785,171,'c',3,0),(786,171,'c',4,0),(787,171,'c',5,0),(788,172,'c',1,0),(789,172,'c',2,0),(790,172,'c',3,0),(791,172,'c',4,0),(792,172,'c',5,0),(793,173,'e',1,0),(794,173,'e',2,0),(795,173,'e',3,0),(796,173,'e',4,0),(797,173,'e',5,0),(798,174,'e',1,0),(799,174,'e',2,0),(800,174,'e',3,0),(801,174,'e',4,0),(802,174,'e',5,0),(803,175,'e',1,0),(804,175,'e',2,0),(805,175,'e',3,0),(806,175,'e',4,0),(807,175,'e',5,0),(808,176,'e',1,0),(809,176,'e',2,0),(810,176,'e',3,0),(811,176,'e',4,0),(812,176,'e',5,0),(813,177,'c',1,0),(814,177,'c',2,0),(815,177,'c',3,0),(816,177,'c',4,0),(817,177,'c',5,0),(818,178,'c',1,0),(819,178,'c',2,0),(820,178,'c',3,0),(821,178,'c',4,0),(822,178,'c',5,0);
/*!40000 ALTER TABLE `chinesetool_exerciseaction` ENABLE KEYS */;
UNLOCK TABLES;

--
-- Table structure for table `chinesetool_lesson`
--

DROP TABLE IF EXISTS `chinesetool_lesson`;
/*!40101 SET @saved_cs_client     = @@character_set_client */;
/*!40101 SET character_set_client = utf8 */;
CREATE TABLE `chinesetool_lesson` (
  `id` int(11) NOT NULL AUTO_INCREMENT,
  `level` int(11) NOT NULL,
  PRIMARY KEY (`id`)
) ENGINE=InnoDB AUTO_INCREMENT=4 DEFAULT CHARSET=utf8 COLLATE=utf8_bin;
/*!40101 SET character_set_client = @saved_cs_client */;

--
-- Dumping data for table `chinesetool_lesson`
--

LOCK TABLES `chinesetool_lesson` WRITE;
/*!40000 ALTER TABLE `chinesetool_lesson` DISABLE KEYS */;
INSERT INTO `chinesetool_lesson` VALUES (3,0);
/*!40000 ALTER TABLE `chinesetool_lesson` ENABLE KEYS */;
UNLOCK TABLES;

--
-- Table structure for table `chinesetool_lessonaction`
--

DROP TABLE IF EXISTS `chinesetool_lessonaction`;
/*!40101 SET @saved_cs_client     = @@character_set_client */;
/*!40101 SET character_set_client = utf8 */;
CREATE TABLE `chinesetool_lessonaction` (
  `id` int(11) NOT NULL AUTO_INCREMENT,
  `fails` int(11) NOT NULL,
  `user_id` int(11) NOT NULL,
  `lesson_id` int(11) DEFAULT NULL,
  `total_exercises_number` int(11) NOT NULL,
  `current_exercise_number` int(11) NOT NULL,
  PRIMARY KEY (`id`),
  KEY `chinesetool_lessonaction_6340c63c` (`user_id`),
  KEY `chinesetool_lessonaction_37003e55` (`lesson_id`),
  CONSTRAINT `lesson_id_refs_id_ea897e7e` FOREIGN KEY (`lesson_id`) REFERENCES `chinesetool_lesson` (`id`),
  CONSTRAINT `user_id_refs_id_6762f5c2` FOREIGN KEY (`user_id`) REFERENCES `auth_user` (`id`)
) ENGINE=InnoDB AUTO_INCREMENT=179 DEFAULT CHARSET=utf8 COLLATE=utf8_bin;
/*!40101 SET character_set_client = @saved_cs_client */;

--
-- Dumping data for table `chinesetool_lessonaction`
--

LOCK TABLES `chinesetool_lessonaction` WRITE;
/*!40000 ALTER TABLE `chinesetool_lessonaction` DISABLE KEYS */;
INSERT INTO `chinesetool_lessonaction` VALUES (1,0,1,NULL,0,0),(2,0,1,NULL,0,0),(3,0,1,NULL,0,0),(4,0,1,NULL,0,0),(5,0,1,NULL,0,0),(6,0,1,NULL,0,0),(7,0,1,NULL,0,0),(8,0,1,NULL,0,0),(9,0,1,NULL,0,0),(10,0,1,NULL,0,0),(11,0,1,NULL,0,0),(12,0,1,NULL,0,0),(13,0,1,NULL,0,0),(14,0,1,NULL,0,0),(15,0,1,NULL,0,0),(16,0,1,NULL,0,0),(17,0,1,NULL,0,0),(18,0,1,NULL,0,0),(19,0,1,NULL,0,0),(20,0,1,NULL,0,0),(21,0,1,NULL,0,0),(22,0,1,NULL,0,0),(23,0,1,NULL,0,0),(24,0,1,NULL,0,0),(25,0,1,NULL,0,0),(26,0,1,NULL,0,0),(27,0,1,NULL,0,0),(28,0,1,NULL,0,0),(29,0,1,NULL,0,0),(30,0,1,NULL,0,0),(31,0,1,NULL,0,0),(32,0,1,NULL,0,0),(33,0,1,NULL,0,0),(34,0,1,NULL,0,0),(35,0,1,NULL,0,0),(36,0,1,NULL,0,0),(37,0,1,NULL,0,0),(38,0,1,NULL,0,0),(39,0,1,NULL,0,0),(40,0,1,NULL,0,0),(41,0,1,NULL,0,0),(42,0,1,NULL,0,0),(43,0,1,NULL,0,0),(44,0,1,NULL,0,0),(45,0,1,NULL,0,0),(46,0,1,NULL,0,0),(47,0,1,NULL,0,0),(48,0,1,NULL,0,0),(49,0,1,NULL,0,0),(50,0,1,NULL,0,0),(51,0,1,NULL,0,0),(52,0,1,NULL,0,0),(53,0,1,NULL,0,0),(54,0,1,NULL,0,0),(55,0,1,NULL,0,0),(56,0,1,NULL,0,0),(57,0,1,NULL,0,0),(58,0,1,NULL,0,0),(59,0,1,NULL,0,0),(60,0,1,NULL,0,0),(61,0,1,NULL,0,0),(62,0,1,NULL,0,0),(63,0,1,NULL,0,0),(64,0,1,NULL,0,0),(65,0,1,NULL,0,0),(66,0,1,NULL,0,0),(67,0,1,NULL,0,0),(68,0,1,NULL,0,0),(69,0,1,NULL,0,0),(70,1,1,NULL,0,0),(71,2,1,NULL,0,0),(72,1,1,NULL,0,0),(73,3,1,NULL,0,0),(74,3,1,NULL,0,0),(75,6,1,NULL,0,0),(76,5,1,NULL,0,0),(77,5,1,NULL,0,0),(78,0,1,NULL,5,0),(79,5,1,NULL,5,5),(80,1,1,NULL,5,1),(81,5,1,NULL,5,5),(82,2,1,NULL,5,2),(83,5,1,NULL,5,5),(84,1,1,NULL,5,2),(85,1,1,NULL,5,1),(86,0,1,NULL,5,1),(87,1,1,NULL,5,1),(88,5,1,NULL,5,5),(89,2,1,NULL,5,3),(90,5,1,NULL,5,5),(91,5,1,NULL,5,5),(92,0,1,NULL,5,0),(93,5,1,NULL,5,5),(94,0,1,NULL,5,0),(95,0,1,NULL,5,0),(96,0,1,NULL,5,0),(97,0,1,NULL,5,0),(98,0,1,NULL,5,0),(99,0,1,NULL,5,0),(100,0,1,NULL,5,0),(101,0,1,NULL,5,0),(102,0,1,NULL,5,0),(103,0,1,NULL,5,0),(104,0,1,NULL,5,0),(105,0,1,NULL,5,0),(106,0,1,NULL,5,0),(107,0,1,NULL,5,0),(108,0,1,NULL,5,0),(109,0,1,NULL,5,0),(110,0,1,NULL,5,0),(111,0,1,NULL,5,0),(112,0,1,NULL,5,0),(113,0,1,NULL,5,0),(114,0,1,NULL,5,0),(115,1,1,NULL,5,5),(116,0,1,NULL,5,0),(117,1,1,NULL,5,2),(118,0,1,NULL,5,4),(119,0,1,NULL,5,0),(120,0,1,NULL,5,0),(121,0,1,NULL,5,0),(122,0,1,NULL,5,0),(123,0,1,NULL,5,0),(124,0,1,NULL,5,0),(125,0,1,NULL,5,0),(126,0,1,NULL,5,0),(127,0,1,NULL,5,0),(128,0,1,NULL,5,0),(129,0,1,NULL,5,0),(130,0,1,NULL,5,0),(131,0,1,NULL,5,0),(132,0,1,NULL,5,0),(133,0,1,NULL,5,0),(134,0,1,NULL,5,0),(135,0,1,NULL,5,0),(136,0,1,NULL,5,0),(137,0,1,NULL,5,0),(138,0,1,NULL,5,0),(139,0,1,NULL,5,0),(140,0,1,NULL,5,0),(141,0,1,NULL,5,0),(142,0,1,NULL,5,0),(143,0,1,NULL,5,0),(144,0,1,NULL,5,0),(145,0,1,NULL,5,0),(146,0,1,NULL,5,0),(147,0,1,NULL,5,0),(148,0,1,NULL,5,0),(149,0,1,NULL,5,0),(150,0,1,NULL,5,0),(151,0,1,NULL,5,0),(152,0,1,NULL,5,0),(153,0,1,NULL,5,0),(154,0,1,NULL,5,0),(155,0,1,NULL,5,0),(156,0,1,NULL,5,1),(157,0,1,NULL,5,0),(158,0,1,NULL,5,0),(159,0,1,NULL,5,1),(160,0,1,NULL,5,2),(161,1,1,NULL,5,5),(162,0,1,NULL,5,1),(163,0,1,NULL,5,0),(164,0,1,NULL,5,1),(165,0,1,NULL,5,0),(166,0,1,NULL,5,0),(167,0,1,NULL,5,1),(168,0,1,NULL,5,1),(169,4,1,NULL,5,5),(170,2,1,NULL,5,3),(171,1,1,NULL,5,1),(172,0,1,NULL,5,0),(173,1,1,NULL,5,1),(174,0,1,NULL,5,0),(175,0,1,NULL,5,2),(176,0,1,NULL,5,0),(177,0,1,NULL,5,0),(178,1,1,NULL,5,5);
/*!40000 ALTER TABLE `chinesetool_lessonaction` ENABLE KEYS */;
UNLOCK TABLES;

--
-- Table structure for table `chinesetool_sentencepl`
--

DROP TABLE IF EXISTS `chinesetool_sentencepl`;
/*!40101 SET @saved_cs_client     = @@character_set_client */;
/*!40101 SET character_set_client = utf8 */;
CREATE TABLE `chinesetool_sentencepl` (
  `id` int(11) NOT NULL AUTO_INCREMENT,
  `level` int(11) NOT NULL,
  `sentence` longtext COLLATE utf8_bin NOT NULL,
  PRIMARY KEY (`id`)
) ENGINE=InnoDB AUTO_INCREMENT=9 DEFAULT CHARSET=utf8 COLLATE=utf8_bin;
/*!40101 SET character_set_client = @saved_cs_client */;

--
-- Dumping data for table `chinesetool_sentencepl`
--

LOCK TABLES `chinesetool_sentencepl` WRITE;
/*!40000 ALTER TABLE `chinesetool_sentencepl` DISABLE KEYS */;
INSERT INTO `chinesetool_sentencepl` VALUES (1,0,'Cześć!'),(2,0,'Gdzie jesteś?'),(3,0,'Lubię cię.'),(4,0,'Jestem Polakiem.'),(5,0,'Chcę wybrać się do Chin.'),(6,0,'On jest moim przyjacielem.'),(7,0,'Nie rozumiem.'),(8,0,'Jak masz na imię?');
/*!40000 ALTER TABLE `chinesetool_sentencepl` ENABLE KEYS */;
UNLOCK TABLES;

--
-- Table structure for table `chinesetool_sentenceplexerciseactiondescription`
--

DROP TABLE IF EXISTS `chinesetool_sentenceplexerciseactiondescription`;
/*!40101 SET @saved_cs_client     = @@character_set_client */;
/*!40101 SET character_set_client = utf8 */;
CREATE TABLE `chinesetool_sentenceplexerciseactiondescription` (
  `abstractexerciseactiondescription_ptr_id` int(11) NOT NULL,
  `sentence_id` int(11) NOT NULL,
  PRIMARY KEY (`abstractexerciseactiondescription_ptr_id`)
) ENGINE=InnoDB DEFAULT CHARSET=utf8 COLLATE=utf8_bin;
/*!40101 SET character_set_client = @saved_cs_client */;

--
-- Dumping data for table `chinesetool_sentenceplexerciseactiondescription`
--

LOCK TABLES `chinesetool_sentenceplexerciseactiondescription` WRITE;
/*!40000 ALTER TABLE `chinesetool_sentenceplexerciseactiondescription` DISABLE KEYS */;
/*!40000 ALTER TABLE `chinesetool_sentenceplexerciseactiondescription` ENABLE KEYS */;
UNLOCK TABLES;

--
-- Table structure for table `chinesetool_sentencetranslation`
--

DROP TABLE IF EXISTS `chinesetool_sentencetranslation`;
/*!40101 SET @saved_cs_client     = @@character_set_client */;
/*!40101 SET character_set_client = utf8 */;
CREATE TABLE `chinesetool_sentencetranslation` (
  `id` int(11) NOT NULL AUTO_INCREMENT,
  `sentence_zh_id` int(11) NOT NULL,
  `sentence_pl_id` int(11) NOT NULL,
  PRIMARY KEY (`id`),
  KEY `chinesetool_sentencetranslation_a86f1aae` (`sentence_zh_id`),
  KEY `chinesetool_sentencetranslation_9108fd47` (`sentence_pl_id`),
  CONSTRAINT `sentence_pl_id_refs_id_b65767aa` FOREIGN KEY (`sentence_pl_id`) REFERENCES `chinesetool_sentencepl` (`id`),
  CONSTRAINT `sentence_zh_id_refs_id_5b0289db` FOREIGN KEY (`sentence_zh_id`) REFERENCES `chinesetool_sentencezh` (`id`)
) ENGINE=InnoDB AUTO_INCREMENT=9 DEFAULT CHARSET=utf8 COLLATE=utf8_bin;
/*!40101 SET character_set_client = @saved_cs_client */;

--
-- Dumping data for table `chinesetool_sentencetranslation`
--

LOCK TABLES `chinesetool_sentencetranslation` WRITE;
/*!40000 ALTER TABLE `chinesetool_sentencetranslation` DISABLE KEYS */;
INSERT INTO `chinesetool_sentencetranslation` VALUES (1,2,2),(2,1,1),(3,3,3),(4,4,4),(5,5,5),(6,6,6),(7,7,7),(8,8,8);
/*!40000 ALTER TABLE `chinesetool_sentencetranslation` ENABLE KEYS */;
UNLOCK TABLES;

--
-- Table structure for table `chinesetool_sentencezh`
--

DROP TABLE IF EXISTS `chinesetool_sentencezh`;
/*!40101 SET @saved_cs_client     = @@character_set_client */;
/*!40101 SET character_set_client = utf8 */;
CREATE TABLE `chinesetool_sentencezh` (
  `id` int(11) NOT NULL AUTO_INCREMENT,
  `level` int(11) NOT NULL,
  `sentence` longtext COLLATE utf8_bin NOT NULL,
  PRIMARY KEY (`id`)
) ENGINE=InnoDB AUTO_INCREMENT=9 DEFAULT CHARSET=utf8 COLLATE=utf8_bin;
/*!40101 SET character_set_client = @saved_cs_client */;

--
-- Dumping data for table `chinesetool_sentencezh`
--

LOCK TABLES `chinesetool_sentencezh` WRITE;
/*!40000 ALTER TABLE `chinesetool_sentencezh` DISABLE KEYS */;
INSERT INTO `chinesetool_sentencezh` VALUES (1,0,'你好！'),(2,0,'你在哪里？'),(3,0,'我喜欢你'),(4,0,'我是波兰人。'),(5,0,'我想去中国。'),(6,0,'他是我的朋友。'),(7,0,'我不懂。'),(8,0,'你叫什么名字？');
/*!40000 ALTER TABLE `chinesetool_sentencezh` ENABLE KEYS */;
UNLOCK TABLES;

--
-- Table structure for table `chinesetool_sentencezhexerciseactiondescription`
--

DROP TABLE IF EXISTS `chinesetool_sentencezhexerciseactiondescription`;
/*!40101 SET @saved_cs_client     = @@character_set_client */;
/*!40101 SET character_set_client = utf8 */;
CREATE TABLE `chinesetool_sentencezhexerciseactiondescription` (
  `abstractexerciseactiondescription_ptr_id` int(11) NOT NULL,
  `sentence_id` int(11) NOT NULL,
  PRIMARY KEY (`abstractexerciseactiondescription_ptr_id`)
) ENGINE=InnoDB DEFAULT CHARSET=utf8 COLLATE=utf8_bin;
/*!40101 SET character_set_client = @saved_cs_client */;

--
-- Dumping data for table `chinesetool_sentencezhexerciseactiondescription`
--

LOCK TABLES `chinesetool_sentencezhexerciseactiondescription` WRITE;
/*!40000 ALTER TABLE `chinesetool_sentencezhexerciseactiondescription` DISABLE KEYS */;
INSERT INTO `chinesetool_sentencezhexerciseactiondescription` VALUES (656,2),(657,6),(658,4),(659,8),(660,7),(661,1),(662,8),(663,2),(664,6),(665,4),(666,6),(667,5),(668,3),(669,8),(670,4),(681,6),(682,7),(683,1),(684,5),(685,8),(686,3),(687,7),(688,5),(689,1),(690,2),(691,4),(692,7),(693,5),(694,6),(695,3),(696,8),(697,5),(698,1),(699,2),(700,6),(711,2),(712,6),(713,5),(714,8),(715,7),(716,1),(717,6),(718,2),(719,4),(720,7),(721,4),(722,5),(723,1),(724,7),(725,8),(726,6),(727,2),(728,3),(729,8),(730,1);
/*!40000 ALTER TABLE `chinesetool_sentencezhexerciseactiondescription` ENABLE KEYS */;
UNLOCK TABLES;

--
-- Table structure for table `chinesetool_subscription`
--

DROP TABLE IF EXISTS `chinesetool_subscription`;
/*!40101 SET @saved_cs_client     = @@character_set_client */;
/*!40101 SET character_set_client = utf8 */;
CREATE TABLE `chinesetool_subscription` (
  `id` int(11) NOT NULL AUTO_INCREMENT,
  `name_id` int(11) NOT NULL,
  `registration_date` datetime NOT NULL,
  `last_login_date` datetime NOT NULL,
  `abo_date` datetime NOT NULL,
  PRIMARY KEY (`id`),
  KEY `chinesetool_subscription_4da47e07` (`name_id`),
  CONSTRAINT `name_id_refs_id_e6e066ce` FOREIGN KEY (`name_id`) REFERENCES `auth_user` (`id`)
) ENGINE=InnoDB AUTO_INCREMENT=8 DEFAULT CHARSET=utf8 COLLATE=utf8_bin;
/*!40101 SET character_set_client = @saved_cs_client */;

--
-- Dumping data for table `chinesetool_subscription`
--

LOCK TABLES `chinesetool_subscription` WRITE;
/*!40000 ALTER TABLE `chinesetool_subscription` DISABLE KEYS */;
INSERT INTO `chinesetool_subscription` VALUES (1,3,'2014-09-11 19:19:54','2014-09-11 19:19:54','2014-10-11 19:19:54'),(4,6,'2014-09-11 19:43:13','2014-09-11 19:43:13','2014-10-11 19:43:13'),(5,7,'2014-09-11 19:48:38','2014-09-11 19:48:38','2014-10-11 19:48:38'),(7,9,'2014-09-11 19:49:44','2014-09-11 19:49:44','2014-10-11 19:49:44');
/*!40000 ALTER TABLE `chinesetool_subscription` ENABLE KEYS */;
UNLOCK TABLES;

--
-- Table structure for table `chinesetool_wordpl`
--

DROP TABLE IF EXISTS `chinesetool_wordpl`;
/*!40101 SET @saved_cs_client     = @@character_set_client */;
/*!40101 SET character_set_client = utf8 */;
CREATE TABLE `chinesetool_wordpl` (
  `id` int(11) NOT NULL AUTO_INCREMENT,
  `word` varchar(100) COLLATE utf8_bin NOT NULL,
  PRIMARY KEY (`id`),
  UNIQUE KEY `word` (`word`)
) ENGINE=InnoDB AUTO_INCREMENT=136101 DEFAULT CHARSET=utf8 COLLATE=utf8_bin;
/*!40101 SET character_set_client = @saved_cs_client */;

--
-- Dumping data for table `chinesetool_wordpl`
--

LOCK TABLES `chinesetool_wordpl` WRITE;
/*!40000 ALTER TABLE `chinesetool_wordpl` DISABLE KEYS */;
INSERT INTO `chinesetool_wordpl` VALUES (135706,'(klasyfikator artykułów)'),(136039,'(klasyfikator dla arkuszy papieru)'),(136058,'(klasyfikator dla jednej rzeczy z pary)'),(136100,'(klasyfikator dla miast)'),(135512,'(klasyfikator dla pomieszczeń)'),(135576,'(klasyfikator dla roślin)'),(136059,'(klasyfikator dla rzeczy w kształcie kija)'),(135616,'(klasyfikator dla samochodów)'),(135515,'(klasyfikator dla ubrań)'),(135558,'(klasyfikator dla zdań)'),(135351,'(klasyfikator posiłków)'),(135314,'(liczebnik porządkowy)'),(135322,'(określenie godziny)'),(135298,'(partukuła atrybutu)'),(135300,'(partykuła komplementu)'),(135651,'(partykuła liczby mnogiej)'),(135140,'(partykuła modalna na końcu zdania)'),(135634,'(partykuła modalna wyrażająca ponaglenie)'),(135635,'(partykuła modalna wyrażająca pytanie)'),(136050,'(partykuła oznaczająca trwanie czynności)'),(135443,'(partykuła oznaczające przeszłe doświadczenie)'),(135299,'(partykuła przysłówkowa)'),(135414,'(podstawowy klasyfikator)'),(135137,'(słowo funkcyjne)'),(135196,'(zakaz)'),(135168,'-krotnie'),(135934,'Nowy Rok'),(135943,'OK'),(135391,'Pan'),(135392,'Pani'),(135683,'Ty'),(135311,'Ziemia'),(135125,'ach'),(135812,'akademik'),(135491,'aktywność'),(135493,'albo'),(135285,'ale'),(135553,'alkohol'),(135134,'aranżować'),(135891,'artykuł'),(135376,'aspekt'),(136051,'autentyczny'),(135237,'auto'),(135427,'autobus'),(135954,'badać'),(135922,'banan'),(135993,'bank'),(135958,'bankiet'),(135421,'bardziej'),(135382,'bardzo'),(135870,'bawić się'),(135495,'baza'),(135696,'bać się'),(135644,'bez znaczenia'),(135141,'biały'),(135858,'biblioteka'),(135701,'biegać'),(135710,'bilet'),(135157,'biuro'),(135270,'bić'),(135544,'blisko'),(135989,'bo'),(135388,'bogaty'),(135223,'boisko'),(135228,'brakować'),(135649,'brama'),(135907,'brać prysznic'),(135221,'brać udział'),(136031,'brudny'),(135517,'budować'),(135712,'butelka'),(135929,'buty'),(135787,'być'),(135287,'być jako'),(135398,'być odpowiedzialnym'),(135904,'być przyzwyczajonym'),(136030,'być w'),(135618,'być w stanie'),(136065,'być zmuszonym do'),(135832,'ból'),(135269,'błąd'),(135201,'całkiem dobrze'),(135736,'cały'),(135630,'chaotyczny'),(135964,'chcieć'),(135478,'chemia'),(135654,'chleb'),(136026,'chmura'),(135199,'choroba'),(135814,'choć'),(135194,'chwalić'),(135976,'chwilę'),(135274,'chyba'),(136023,'chętny'),(135615,'chłodny'),(136049,'ci'),(135540,'ciasny'),(135320,'ciasto'),(135766,'ciało'),(135131,'cichy'),(135909,'cienki'),(135694,'ciepły'),(135598,'ciągnąć'),(135563,'ciężarówka'),(136071,'ciężki'),(135690,'ciężko pracować'),(135768,'co'),(135827,'cukier'),(135828,'cukierek'),(135887,'cywilizacja'),(135643,'czapka'),(135464,'czarny'),(135780,'czas'),(136005,'czasem'),(135305,'czekać'),(135465,'czerwony'),(135809,'cztery'),(135402,'czuć'),(135401,'czysty'),(135343,'czytać'),(135344,'czytać na głos'),(135230,'często'),(135211,'część'),(135743,'człowiek'),(135693,'córka'),(135216,'danie'),(135417,'dać'),(136013,'deszcz'),(135885,'dlaczego'),(135258,'dmuchać'),(136029,'do widzenia'),(135454,'dobry'),(135510,'dodać'),(135796,'dojrzały'),(135279,'doktor'),(135293,'doktryna'),(135509,'dom'),(135215,'dopiero'),(135407,'dopiero co'),(135733,'dostać'),(135572,'dostrzegać'),(135291,'dotrzeć'),(135550,'doświadczenie'),(135434,'drapać'),(135292,'droga'),(135439,'drogi'),(135798,'drzewo'),(135648,'drzwi'),(135546,'duch'),(135352,'dużo'),(135273,'duży'),(135359,'dwa'),(135846,'dyktando'),(135830,'dyskutować'),(135881,'działać'),(135448,'dziecko'),(135386,'dzielić'),(135778,'dziesięć'),(135876,'dziesięć tysięcy'),(135552,'dziewięć'),(135752,'dzień'),(135749,'dzień miesiąca'),(135404,'dziękować'),(135931,'dziękuję'),(135539,'dziś'),(135231,'długi'),(135152,'długi czas'),(135551,'długo'),(135180,'długopis'),(135769,'dźwięk'),(135524,'edukacja'),(135573,'egzamin'),(135549,'ekonomia'),(135323,'elektryczność'),(135742,'entuzjastyczny'),(135422,'fabryka'),(135450,'ferie'),(135333,'film'),(135901,'fizyka'),(135162,'gazeta'),(135781,'gdy'),(135665,'gdzie'),(135321,'godzina'),(135592,'gorzki'),(135741,'gorący'),(135548,'gospodarka'),(135372,'gotowany ryż'),(135179,'gra'),(135582,'gram'),(136014,'gramatyka'),(135193,'grać'),(135136,'grupa'),(135584,'grzeczny'),(135757,'góra'),(135356,'głodny'),(135856,'głowa'),(135276,'głośny'),(136075,'główny'),(135767,'głęboki'),(135446,'haha'),(135883,'halo'),(135226,'herbata'),(135609,'historia'),(135374,'hotel'),(135461,'i'),(135307,'i tak dalej'),(135355,'ile'),(135659,'imię'),(135198,'inni'),(135197,'inny'),(135952,'instytut'),(136006,'interesujący'),(135308,'itd.'),(135734,'iść do'),(135571,'iść do lekarza'),(135763,'iść do szkoły'),(135761,'iść na lekcje'),(135896,'ja'),(135711,'jabłko'),(135782,'jadalnia'),(135500,'jajko'),(136035,'jak'),(135353,'jak dużo'),(135746,'jakikolwiek'),(135218,'jarzyna'),(135617,'jasny'),(135969,'jeden'),(135859,'jednoczyć się'),(135731,'jesień'),(135447,'jeszcze'),(135469,'jezioro'),(135244,'jeść'),(135715,'jeździć na'),(135965,'jeżeli'),(135658,'jutro'),(135982,'już'),(136015,'język'),(135994,'język angielski'),(135452,'język chiński'),(135366,'język francuski'),(135750,'język japoński'),(135590,'język mówiony'),(135868,'język obcy'),(135406,'kadra'),(135172,'kapitał'),(135578,'kaszel'),(135562,'kawa'),(135593,'kawałek'),(135416,'każdego rodzaju'),(135415,'każdy'),(135394,'kelner'),(135877,'kierować się do'),(135377,'kierunek'),(135504,'kilka'),(135428,'kilogram'),(135429,'kilometr'),(135146,'klasa'),(135697,'klaskać'),(135692,'kobieta'),(135130,'kochanie'),(135127,'kochać'),(135873,'kolacja'),(135852,'kolega ze szkoły'),(135955,'kolor'),(135508,'kontynuować'),(135833,'kopać'),(135940,'koperta'),(135171,'korzeń'),(135601,'koszykówka'),(135960,'koza'),(135145,'kołysać'),(135633,'koń'),(135911,'kończyć zajęcia'),(135317,'kropka'),(135684,'krowa'),(135704,'krytykować'),(135981,'krzesło'),(135451,'krzyczeć'),(135345,'krótki'),(135170,'książka'),(136025,'księżyc'),(135801,'kto'),(135664,'który'),(135164,'kubek'),(135886,'kultura'),(135636,'kupić'),(135499,'kurczak'),(135583,'kwartał'),(135811,'kwaśny'),(135471,'kwiat'),(135632,'kłopotliwy'),(135302,'lampa'),(135329,'lampa elektryczna'),(135815,'lat'),(135304,'latarnia'),(135915,'lato'),(135384,'lecieć'),(135963,'lek'),(135280,'lekarz'),(135585,'lekcja'),(135725,'lekki'),(135207,'lepiej'),(136097,'lewo'),(135829,'leżeć'),(135813,'liczyć'),(135888,'literatura'),(135890,'literatura i sztuka'),(135496,'lotnisko'),(135905,'lubić'),(135745,'lud'),(135744,'ludzie'),(135655,'makaron'),(135475,'malować'),(135631,'mama'),(135556,'mandarynka'),(135498,'maszyna'),(135799,'matematyka'),(135660,'matka'),(135764,'mało'),(135926,'mały'),(135177,'mecz'),(135652,'metr'),(135240,'miasto'),(135313,'miejsce'),(136024,'miesiąc'),(136077,'mieszkać'),(136001,'mieć'),(135361,'mieć gorączkę'),(135903,'mieć nadzieję'),(135362,'mieć wysoką temperaturę'),(135554,'miniony'),(135387,'minuta'),(135871,'miska'),(135777,'mistrz'),(136062,'między'),(135754,'mięso'),(135686,'mleko'),(135449,'morze'),(135723,'most'),(135479,'mowa'),(135967,'może'),(135579,'możliwe'),(135182,'musieć'),(135991,'muzyka'),(135897,'my'),(135906,'myć'),(135807,'myśl'),(135560,'myśleć'),(135580,'móc'),(135519,'mówić'),(135128,'mąż'),(135724,'młoda osoba'),(135647,'młodsza siostra'),(135316,'młodszy brat'),(135682,'młody'),(135759,'na'),(135301,'na pewno'),(135611,'na przykład'),(135348,'na wprost'),(135468,'nagle'),(135627,'nagrać dźwięk'),(135857,'nagły'),(136091,'najbardziej'),(136095,'najbliższy'),(135916,'najpierw'),(135656,'narodowość'),(135824,'nastawienie'),(135527,'następnie'),(135612,'natychmiast'),(135395,'nauczyciel'),(135577,'nauka'),(135470,'nawzajem'),(135945,'nazwisko'),(135195,'nie'),(135208,'nie chcieć'),(135646,'nie ma'),(135209,'nie potrzebować'),(135206,'nie tak dobry jak'),(135203,'nie tylko'),(135880,'niebezpieczny'),(135600,'niebieski'),(135837,'niebo'),(135942,'niedziela'),(135205,'niedługo'),(136003,'niektóre'),(135779,'niezwykle'),(135149,'nieść'),(135200,'nieźle'),(135126,'niski'),(135175,'niż'),(135968,'noc'),(135861,'noga'),(135281,'nosić'),(135772,'nowe słowo'),(135933,'nowy'),(135645,'nudny'),(135459,'numer'),(135289,'nóż'),(135867,'obcy kraj'),(135662,'obecnie'),(135389,'obfity'),(135900,'obiad'),(135161,'objąć'),(135342,'oboje'),(135699,'obok'),(135477,'obraz'),(135393,'obsługa'),(135956,'oczy'),(135288,'oczywiście'),(135265,'od'),(135347,'odcinek czasu'),(135482,'oddać'),(135526,'odebrać'),(135605,'odejść'),(135364,'odkryć'),(136022,'odległy'),(135946,'odpoczywać'),(135462,'odpowiedni'),(135486,'odpowiedzieć'),(135219,'odwiedzać'),(135570,'oglądać'),(135139,'ojciec'),(136089,'ojczyzna'),(135256,'okno'),(135399,'okolica'),(136073,'około'),(135349,'okres'),(136021,'okrągły'),(135818,'on'),(135821,'ona'),(135820,'one'),(135819,'oni'),(136044,'opiekować się'),(135987,'opinia'),(135433,'opowieść'),(136019,'oryginalny'),(135135,'osiem'),(135243,'osiągnięcie'),(135784,'osiągnąć'),(136087,'ostatecznie'),(136093,'ostateczny'),(136094,'ostatnio'),(135596,'ostry'),(135297,'otrzymać'),(135564,'otworzyć'),(135959,'owca'),(135803,'owoc'),(135181,'ołówek'),(135405,'ośmielić się'),(135921,'pachnący'),(135507,'pamiętać'),(135917,'pan'),(135432,'panienka'),(135927,'panna'),(136066,'papier'),(135800,'para'),(135430,'park'),(135839,'pasek'),(135569,'patrzyć'),(135441,'państwo'),(135860,'pchać'),(135638,'pełny'),(135719,'pieniądze'),(135523,'pierogi'),(135315,'pierwszy'),(135502,'pilny'),(135413,'piosenka'),(135889,'pisarz'),(135930,'pisać'),(135705,'piwo'),(135460,'pić'),(135709,'piękny'),(135225,'piętro'),(135626,'piętrowy budynek'),(135899,'pięć'),(135732,'piłka'),(136088,'piłka nożna'),(135233,'plac'),(135222,'plac zabaw'),(135506,'plan'),(135133,'planować'),(135708,'plaster'),(135992,'pochmurny'),(135419,'pochodzenie'),(135492,'pociąg'),(135998,'poczta'),(136092,'początkowy'),(135910,'pod'),(135810,'podarować'),(135520,'podać'),(135444,'podejść'),(135557,'podnieść'),(135628,'podróż'),(135494,'podstawa'),(135835,'podwyższyć'),(135838,'pogoda'),(135250,'pojawić się'),(135191,'pokazać'),(135378,'pokój'),(136057,'polityka'),(136076,'pomysł'),(135268,'pomyłka'),(135158,'pomóc'),(135354,'ponad'),(135357,'ponadto'),(135990,'ponieważ'),(135914,'popołudnie'),(135202,'poprawnie'),(135174,'porównać'),(136002,'posiadać'),(135371,'posiłek'),(135739,'potem'),(135487,'potrafić'),(135947,'potrzebować'),(135850,'powiadomić'),(135411,'powiedzieć'),(135588,'powietrze'),(135400,'powinien'),(135640,'powolny'),(135396,'powtarzać'),(135893,'pozdrawiać'),(135804,'poziom'),(135740,'pozwolić'),(135144,'położyć'),(135673,'południe'),(135613,'połączenie'),(135535,'pożyczyć'),(135426,'praca'),(135932,'pracochłonny'),(135425,'pracować'),(135783,'praktykować'),(135295,'prawda'),(135737,'prawdziwy'),(136054,'prawidłowy'),(136009,'prawo'),(135608,'prezent'),(135894,'problem'),(135771,'produkować'),(135530,'program'),(135729,'prosić'),(135730,'prosić o wolne'),(135513,'prosty'),(135849,'prowadzić do'),(135774,'prowincja'),(135252,'przebić'),(135408,'przed chwilą'),(135762,'przedpołudnie'),(135536,'przedstawić'),(135266,'przedtem'),(136016,'przegląd'),(135794,'przegrać'),(135442,'przejść'),(135254,'przejść przez'),(135424,'przemysł'),(135148,'przenosić'),(135350,'przepraszam'),(135445,'przeszłość'),(135368,'przetłumaczyć'),(135793,'przewieźć'),(135620,'przewodzić'),(135367,'przewrócić'),(135169,'przez'),(135403,'przeziębienie'),(136081,'przygotować'),(136017,'przygotować się do lekcji'),(135702,'przyjaciel'),(136007,'przyjazny'),(136008,'przyjażń'),(135795,'przyjemny'),(135599,'przyjść'),(135912,'przyjść na dół'),(135239,'przystanek'),(135518,'przyszłość'),(135657,'przyszły rok'),(135160,'przytulić'),(135788,'próbować'),(135324,'prąd'),(135142,'pusty'),(135895,'pytanie'),(135892,'pytać'),(135913,'pójść na dół'),(135150,'pół'),(135151,'pół dnia'),(135537,'pół kilograma'),(135165,'północ'),(135166,'północna strona'),(135738,'później'),(135872,'późno'),(135591,'płakać'),(135721,'płytki'),(136000,'pływać'),(135848,'raczej'),(136012,'radosny'),(136033,'rano'),(135188,'raz'),(135972,'razem'),(135420,'razem z'),(135167,'razy'),(135176,'relatywnie'),(135284,'reprezentant'),(135373,'restauracja'),(135775,'reszta'),(135153,'robić'),(136045,'robić zdjęcie'),(135423,'robotnik'),(135680,'rocznik'),(136070,'rodzaj'),(135679,'rok'),(135689,'rolnictwo'),(136040,'rosnąć'),(136085,'rower'),(135220,'rozglądać się'),(135825,'rozmawiać'),(135489,'rozmowa'),(135331,'rozmowa telefoniczna'),(135339,'rozumieć'),(135365,'rozwijać'),(135533,'rozwiązać'),(136027,'ruch'),(135340,'ruszać'),(136028,'ruszyć się'),(136011,'ryba'),(135474,'rysować'),(135476,'rysunek'),(135653,'ryż'),(135337,'rzecz'),(135463,'rzeka'),(135748,'rzetelny'),(136056,'rząd'),(135522,'róg'),(135229,'różnić się'),(135790,'ręka'),(136083,'samego siebie'),(135691,'samica'),(135674,'samiec'),(135236,'samochód'),(135385,'samolot'),(135232,'scena'),(135212,'sekcja'),(135296,'sens'),(135936,'serce'),(135698,'siatkówka'),(135714,'siedem'),(136099,'siedzieć'),(135864,'skarpetki'),(135758,'sklep'),(135841,'skok'),(135397,'skomplikowany'),(135869,'skończyć'),(135532,'skończyć się'),(135455,'smaczny'),(135756,'spacerować'),(135805,'spać'),(135831,'specjalny'),(135132,'spokojny'),(135155,'sposób'),(135488,'spotkanie'),(135514,'spotkać'),(135765,'społeczeństwo'),(135581,'spragniony'),(135786,'sprawa'),(135227,'sprawdzić'),(135370,'sprzeciwiać się'),(135637,'sprzedać'),(135245,'spóżnić się'),(135473,'spędzać'),(135238,'stacja'),(135534,'starsza siostra'),(135412,'starszy brat'),(135602,'stary'),(136038,'stać'),(135185,'stać się'),(135143,'sto'),(135986,'sto milionów'),(135792,'stolica'),(135418,'stopa'),(135335,'stracić'),(135183,'strona'),(135624,'strumień'),(135623,'student-obcokrajowiec'),(136082,'stół'),(135242,'sukces'),(135358,'syn'),(135728,'sytuacja'),(135159,'syty'),(135440,'szanowne nazwisko'),(135944,'szczęście'),(135625,'sześć'),(135163,'szklanka'),(135951,'szkoła'),(136068,'szkoła średnia'),(135979,'szpital'),(135985,'sztuka'),(136043,'szukać'),(135595,'szybki'),(135727,'słoneczny'),(135263,'słownik'),(135261,'słowo'),(135823,'słońce'),(135843,'słuchać'),(136004,'słynny'),(135845,'słyszeć, że'),(135190,'tablica'),(136047,'tak'),(136048,'tak bardzo'),(135970,'tak sobie'),(135977,'taki sam'),(135251,'taksówka'),(135669,'tam'),(135707,'tani'),(135138,'tata'),(135842,'tańczyć'),(135260,'taśma magnetyczna'),(135671,'te'),(135505,'technologia'),(135587,'tekst'),(135330,'telefon'),(135332,'telewizja'),(135666,'ten'),(135538,'ten rok'),(135919,'teraz'),(135661,'teraźniejszość'),(135574,'test'),(135586,'textbook'),(135966,'też'),(135210,'tkanina'),(135667,'to'),(135974,'to samo miejsce'),(135770,'ton'),(135854,'towarzysz'),(135326,'tramwaj'),(135438,'transmitować'),(135224,'trawa'),(135836,'trening fizyczny'),(135318,'trochę'),(135327,'trolejbus'),(135437,'troszczyć się o'),(135597,'trudność'),(135675,'trudny'),(135543,'trwać'),(135511,'trwać przy'),(135214,'trzeć'),(135755,'trzy'),(136041,'trzymać'),(136046,'tu'),(135614,'twarz'),(135677,'ty'),(135941,'tydzień'),(136064,'tylko'),(135718,'tysiąć'),(135923,'tęsknić'),(135369,'tłumacz'),(135806,'tłumaczyć'),(135980,'ubranie'),(135253,'ubrać'),(135700,'uciekać'),(135278,'uczelnia'),(135950,'uczeń'),(135938,'uczucia'),(135521,'uczyć'),(135949,'uczyć się'),(136080,'udawać'),(135271,'uderzyć'),(135939,'ufać'),(135241,'ukończyć'),(135528,'ulica'),(135808,'umrzeć'),(135937,'umysł'),(135277,'uniwersytet'),(135290,'upadek'),(136052,'uporządkowany'),(135789,'uporządkować'),(135334,'upuścić'),(135773,'urodziny'),(135565,'uruchomić'),(135589,'usta'),(135844,'usłyszeć'),(135797,'uważać za'),(135898,'uścisnąć ręce'),(135610,'użyć'),(135855,'very happy'),(135606,'w'),(135286,'w (miejscu lub czasie)'),(135884,'w celu'),(136055,'w czasie'),(135235,'w kierunku'),(135267,'w przeszłości'),(135531,'w rezultacie'),(135878,'w stronę'),(135672,'w tamten sposób'),(135670,'w ten sposób'),(135851,'w tym samym czasie'),(135217,'warzywo'),(136072,'ważny'),(136032,'wcześnie'),(135983,'wcześniej'),(136096,'wczoraj'),(135247,'wdychać'),(135650,'wejście'),(135542,'wejść'),(135760,'wejść na'),(135410,'wesoły'),(135607,'wewnątrz'),(135935,'wiadomości'),(135925,'wiadomość'),(135390,'wiatr'),(135874,'wieczorne spotkanie'),(135875,'wieczór'),(136061,'wiedza'),(136060,'wiedzieć'),(135681,'wiek'),(135948,'wiele'),(135882,'wielki'),(135920,'wierzyć'),(135687,'wieś'),(135688,'wieśniak'),(135259,'wiosna'),(135481,'witać'),(135380,'wizyta'),(135668,'więc'),(135204,'wkrótce'),(135802,'woda'),(135717,'woda gazowana'),(135525,'wołać'),(135703,'wpaść'),(135996,'wpływ'),(135485,'wrócić'),(135336,'wschód'),(136063,'wskazywać na'),(135545,'wspaniały'),(135695,'wspinać się'),(135918,'współczesny'),(135716,'wstać'),(135275,'wszyscy'),(135817,'wszystkie'),(135975,'wszystko'),(135555,'wtedy'),(135678,'wy'),(136020,'wybaczyć'),(135381,'wybrać się na wakacje'),(135862,'wycofać'),(135363,'wydarzyć się'),(135924,'wydawać odgłos'),(135984,'wydawać się'),(135472,'wydać'),(135908,'wydział'),(135961,'wygląd'),(135458,'wyglądać jak'),(135375,'wygodny'),(135995,'wygrać'),(135383,'wyjątkowo'),(135246,'wyjąć'),(135249,'wyjść'),(135840,'wymagania'),(135483,'wymienić'),(135262,'wyrażenie'),(135248,'wyruszyć'),(135409,'wysoki'),(135431,'wystarczyć'),(136036,'wystawa'),(135957,'wystąpić'),(135360,'wysłać'),(135213,'wytrzeć'),(135379,'wywiad'),(135192,'wyświetlić'),(135663,'wziąć'),(135685,'wół'),(136084,'własny'),(136053,'właściwy'),(135642,'włos'),(136067,'wśród'),(135594,'yuan'),(136018,'yuan (waluta)'),(135264,'z'),(135720,'z przodu'),(135467,'z tyłu'),(135466,'za'),(135973,'za chwilę'),(135283,'zabrać'),(135622,'zachować na pamiątkę'),(135902,'zachód'),(135566,'zacząć'),(135568,'zacząć szkołę'),(136098,'zadanie domowe'),(135639,'zadowolony'),(136037,'zajmować'),(135154,'zajmować się'),(135641,'zajęty'),(135456,'zaleta'),(135272,'zamierzać'),(135435,'zamknąć'),(135319,'zamówić'),(135306,'zanim'),(135497,'zansa'),(135879,'zapomnieć'),(135294,'zasada'),(135816,'zatem'),(135847,'zatrzymać się'),(135503,'zatłoczony'),(135676,'zawartość'),(135178,'zawody'),(135978,'zawsze'),(135282,'założyć'),(135501,'zbierać'),(135822,'zbyt'),(135559,'zdanie'),(135575,'zdawać egzamin'),(135547,'zdać'),(135561,'zdecydować'),(135541,'zdenerwowany'),(135863,'zdjąć'),(135516,'zdrowy'),(136069,'zegar'),(135189,'zegarek'),(135791,'zegarek na rękę'),(135480,'zepsuty'),(135619,'zero'),(135147,'zespół'),(135173,'zeszyt'),(135735,'zeszły rok'),(135866,'zewnątrz'),(135865,'zewnętrzny'),(135853,'zgadzać się'),(135629,'zielony'),(135312,'ziemia'),(135338,'zima'),(135604,'zimny'),(136042,'zmartwiony'),(135187,'zmienić'),(135184,'zmienić się'),(135186,'zmienić się w'),(135603,'zmęczony'),(135999,'znaczek pocztowy'),(135988,'znaczenie'),(135436,'znajomość'),(136086,'znak'),(135453,'znak chiński'),(135747,'znać'),(135713,'zniszczony'),(136010,'znowu'),(136090,'zorganizować'),(135621,'zostać'),(135826,'zupa'),(135341,'zwierzę'),(135309,'zwisać'),(135834,'zwiększyć'),(136078,'zwracać uwagę'),(135776,'zwycięstwo'),(135971,'zwyczajny'),(135997,'zwłaszcza'),(135346,'ćwiczyć'),(135457,'ładny'),(135753,'łatwy'),(135255,'łódź'),(135257,'łóżko'),(135722,'ściana'),(135928,'śmiać się'),(136034,'śniadanie'),(135953,'śnieg'),(135234,'śpiewać'),(135156,'środek'),(135785,'świat'),(135303,'światło'),(135328,'światło elektryczne'),(136074,'świnia'),(135529,'święto'),(135567,'żartować'),(135129,'żona'),(135751,'życie'),(136079,'życzyć'),(135490,'żyć'),(135484,'żółty'),(135962,'żądać');
/*!40000 ALTER TABLE `chinesetool_wordpl` ENABLE KEYS */;
UNLOCK TABLES;

--
-- Table structure for table `chinesetool_wordplexerciseactiondescription`
--

DROP TABLE IF EXISTS `chinesetool_wordplexerciseactiondescription`;
/*!40101 SET @saved_cs_client     = @@character_set_client */;
/*!40101 SET character_set_client = utf8 */;
CREATE TABLE `chinesetool_wordplexerciseactiondescription` (
  `abstractexerciseactiondescription_ptr_id` int(11) NOT NULL,
  `word_id` int(11) NOT NULL,
  PRIMARY KEY (`abstractexerciseactiondescription_ptr_id`),
  KEY `chinesetool_wordplexerciseactiondescription_558fda87` (`word_id`),
  CONSTRAINT `abstractexerciseactiondescription_ptr_id_refs_id_e785a3b5` FOREIGN KEY (`abstractexerciseactiondescription_ptr_id`) REFERENCES `chinesetool_abstractexerciseactiondescription` (`id`),
  CONSTRAINT `word_id_refs_id_69548e62` FOREIGN KEY (`word_id`) REFERENCES `chinesetool_wordpl` (`id`)
) ENGINE=InnoDB DEFAULT CHARSET=utf8 COLLATE=utf8_bin;
/*!40101 SET character_set_client = @saved_cs_client */;

--
-- Dumping data for table `chinesetool_wordplexerciseactiondescription`
--

LOCK TABLES `chinesetool_wordplexerciseactiondescription` WRITE;
/*!40000 ALTER TABLE `chinesetool_wordplexerciseactiondescription` DISABLE KEYS */;
/*!40000 ALTER TABLE `chinesetool_wordplexerciseactiondescription` ENABLE KEYS */;
UNLOCK TABLES;

--
-- Table structure for table `chinesetool_wordskill`
--

DROP TABLE IF EXISTS `chinesetool_wordskill`;
/*!40101 SET @saved_cs_client     = @@character_set_client */;
/*!40101 SET character_set_client = utf8 */;
CREATE TABLE `chinesetool_wordskill` (
  `id` int(11) NOT NULL AUTO_INCREMENT,
  `word_zh_id` int(11) NOT NULL,
  `user_id` int(11) NOT NULL,
  `last_time` datetime NOT NULL,
  `correct` int(11) NOT NULL,
  `correct_run` int(11) NOT NULL,
  `wrong` int(11) NOT NULL,
  PRIMARY KEY (`id`),
  KEY `chinesetool_wordskill_e5b47d84` (`word_zh_id`),
  KEY `chinesetool_wordskill_6340c63c` (`user_id`),
  CONSTRAINT `user_id_refs_id_f62e30b2` FOREIGN KEY (`user_id`) REFERENCES `auth_user` (`id`),
  CONSTRAINT `word_zh_id_refs_id_381ffdf5` FOREIGN KEY (`word_zh_id`) REFERENCES `chinesetool_wordzh` (`id`)
) ENGINE=InnoDB DEFAULT CHARSET=utf8 COLLATE=utf8_bin;
/*!40101 SET character_set_client = @saved_cs_client */;

--
-- Dumping data for table `chinesetool_wordskill`
--

LOCK TABLES `chinesetool_wordskill` WRITE;
/*!40000 ALTER TABLE `chinesetool_wordskill` DISABLE KEYS */;
/*!40000 ALTER TABLE `chinesetool_wordskill` ENABLE KEYS */;
UNLOCK TABLES;

--
-- Table structure for table `chinesetool_wordtranslation`
--

DROP TABLE IF EXISTS `chinesetool_wordtranslation`;
/*!40101 SET @saved_cs_client     = @@character_set_client */;
/*!40101 SET character_set_client = utf8 */;
CREATE TABLE `chinesetool_wordtranslation` (
  `id` int(11) NOT NULL AUTO_INCREMENT,
  `word_zh_id` int(11) NOT NULL,
  `word_pl_id` int(11) NOT NULL,
  PRIMARY KEY (`id`),
  UNIQUE KEY `word_zh_id` (`word_zh_id`,`word_pl_id`),
  KEY `chinesetool_wordtranslation_e5b47d84` (`word_zh_id`),
  KEY `chinesetool_wordtranslation_1ac5d68e` (`word_pl_id`),
  CONSTRAINT `word_pl_id_refs_id_6d7a0bbb` FOREIGN KEY (`word_pl_id`) REFERENCES `chinesetool_wordpl` (`id`),
  CONSTRAINT `word_zh_id_refs_id_d596beb8` FOREIGN KEY (`word_zh_id`) REFERENCES `chinesetool_wordzh` (`id`)
) ENGINE=InnoDB AUTO_INCREMENT=201462 DEFAULT CHARSET=utf8 COLLATE=utf8_bin;
/*!40101 SET character_set_client = @saved_cs_client */;

--
-- Dumping data for table `chinesetool_wordtranslation`
--

LOCK TABLES `chinesetool_wordtranslation` WRITE;
/*!40000 ALTER TABLE `chinesetool_wordtranslation` DISABLE KEYS */;
INSERT INTO `chinesetool_wordtranslation` VALUES (200308,116258,135125),(200309,116259,135126),(200310,116260,135127),(200311,116261,135128),(200312,116261,135129),(200313,116261,135130),(200314,116262,135131),(200315,116262,135132),(200316,116263,135133),(200317,116263,135134),(200318,116264,135135),(200319,116265,135136),(200320,116265,135137),(200321,116266,135138),(200322,116266,135139),(200323,116267,135140),(200324,116268,135141),(200325,116268,135142),(200326,116269,135143),(200327,116270,135144),(200328,116270,135145),(200329,116271,135146),(200330,116271,135147),(200331,116272,135148),(200332,116272,135149),(200333,116273,135150),(200334,116274,135151),(200335,116274,135152),(200336,116275,135153),(200337,116275,135154),(200338,116276,135155),(200339,116276,135156),(200340,116277,135157),(200341,116278,135158),(200342,116279,135159),(200343,116280,135160),(200344,116280,135161),(200345,116281,135162),(200346,116282,135163),(200347,116282,135164),(200348,116283,135163),(200349,116283,135164),(200350,116284,135165),(200351,116285,135165),(200352,116285,135166),(200353,116286,135167),(200354,116286,135168),(200355,116287,135169),(200356,116288,135170),(200357,116288,135171),(200358,116288,135172),(200360,116289,135170),(200359,116289,135173),(200362,116289,135175),(200361,116290,135174),(200363,116291,135176),(200364,116292,135177),(200365,116292,135178),(200366,116292,135179),(200367,116293,135180),(200368,116293,135181),(200369,116294,135182),(200370,116295,135183),(200371,116296,135184),(200372,116296,135185),(200373,116297,135186),(200374,116298,135187),(200375,116299,135188),(200376,116300,135189),(200377,116300,135190),(200378,116301,135191),(200380,116302,135191),(200379,116302,135192),(200381,116303,135193),(200382,116304,135194),(200383,116305,135195),(200384,116305,135196),(200385,116306,135197),(200386,116307,135198),(200387,116308,135199),(200388,116309,135195),(200389,116310,135200),(200390,116310,135201),(200391,116310,135202),(200392,116311,135203),(200393,116312,135204),(200394,116312,135205),(200395,116313,135206),(200396,116313,135207),(200397,116314,135197),(200399,116315,135195),(200398,116315,135208),(200400,116316,135209),(200401,116317,135210),(200402,116318,135211),(200403,116318,135212),(200404,116319,135213),(200405,116319,135214),(200406,116320,135215),(200407,116321,135216),(200408,116321,135217),(200409,116321,135218),(200410,116322,135219),(200411,116322,135220),(200412,116323,135221),(200413,116324,135222),(200414,116324,135223),(200415,116325,135224),(200416,116326,135225),(200417,116327,135226),(200418,116328,135227),(200419,116329,135228),(200420,116329,135229),(200421,116330,135230),(200422,116331,135230),(200423,116332,135231),(200424,116333,135232),(200425,116333,135233),(200426,116334,135234),(200427,116335,135235),(200428,116336,135236),(200429,116336,135237),(200430,116337,135238),(200431,116337,135239),(200432,116338,135240),(200433,116339,135240),(200435,116340,135185),(200434,116340,135241),(200436,116341,135242),(200437,116341,135243),(200438,116342,135244),(200439,116343,135245),(200440,116344,135246),(200441,116344,135247),(200442,116345,135246),(200443,116346,135248),(200444,116347,135249),(200445,116348,135249),(200446,116349,135250),(200447,116350,135251),(200448,116352,135252),(200449,116352,135253),(200450,116352,135254),(200451,116353,135255),(200452,116354,135256),(200453,116355,135256),(200454,116356,135257),(200455,116357,135258),(200456,116358,135259),(200457,116359,135259),(200458,116360,135260),(200459,116361,135261),(200460,116361,135262),(200461,116362,135263),(200462,116363,135188),(200463,116364,135264),(200464,116364,135265),(200465,116365,135266),(200466,116365,135267),(200467,116366,135268),(200468,116366,135269),(200469,116367,135268),(200470,116367,135269),(200473,116368,135193),(200471,116368,135270),(200472,116368,135271),(200475,116369,135133),(200474,116369,135272),(200476,116370,135273),(200477,116371,135274),(200478,116372,135275),(200479,116373,135276),(200480,116374,135277),(200481,116374,135278),(200482,116375,135279),(200483,116375,135280),(200484,116376,135281),(200485,116376,135282),(200486,116377,135283),(200487,116378,135284),(200488,116379,135285),(200489,116380,135286),(200490,116380,135287),(200491,116381,135288),(200492,116382,135289),(200493,116383,135290),(200494,116384,135291),(200495,116385,135292),(200496,116385,135293),(200497,116386,135294),(200498,116386,135295),(200499,116386,135296),(200500,116387,135297),(200504,116387,135300),(200501,116388,135297),(200502,116389,135298),(200503,116390,135299),(200506,116396,135302),(200507,116396,135303),(200508,116396,135304),(200509,116397,135305),(200510,116397,135307),(200511,116397,135308),(200512,116398,135126),(200513,116398,135309),(200515,116399,135311),(200514,116399,135312),(200516,116400,135313),(200517,116401,135314),(200518,116402,135315),(200519,116403,135316),(200520,116404,135317),(200521,116404,135318),(200522,116404,135319),(200523,116405,135320),(200524,116406,135321),(200525,116406,135322),(200526,116407,135323),(200527,116407,135324),(200528,116408,135326),(200529,116408,135327),(200530,116409,135328),(200531,116409,135329),(200532,116410,135330),(200533,116410,135331),(200534,116411,135332),(200535,116412,135333),(200536,116413,135334),(200537,116413,135335),(200538,116414,135335),(200539,116415,135336),(200540,116416,135336),(200541,116417,135337),(200542,116418,135338),(200543,116419,135338),(200544,116420,135339),(200545,116421,135340),(200546,116422,135341),(200548,116423,135275),(200547,116423,135342),(200549,116424,135343),(200550,116424,135344),(200551,116425,135345),(200552,116426,135346),(200553,116427,135347),(200555,116427,135349),(200557,116428,135202),(200556,116428,135235),(200554,116428,135348),(200558,116429,135350),(200559,116430,135351),(200560,116431,135352),(200561,116431,135353),(200562,116431,135354),(200563,116432,135355),(200564,116433,135356),(200565,116434,135357),(200566,116435,135358),(200567,116436,135359),(200568,116437,135360),(200569,116438,135361),(200570,116438,135362),(200571,116439,135363),(200572,116440,135364),(200573,116441,135365),(200574,116442,135366),(200575,116443,135366),(200576,116444,135367),(200577,116445,135368),(200578,116445,135369),(200579,116446,135370),(200580,116447,135371),(200581,116447,135372),(200582,116448,135373),(200583,116448,135374),(200584,116449,135375),(200585,116450,135155),(200587,116451,135183),(200586,116451,135376),(200588,116452,135377),(200589,116453,135378),(200590,116454,135380),(200591,116455,135144),(200592,116456,135381),(200593,116457,135382),(200594,116457,135383),(200595,116458,135384),(200596,116459,135385),(200597,116460,135386),(200598,116460,135387),(200599,116461,135387),(200600,116462,135388),(200601,116462,135389),(200602,116464,135390),(200603,116465,135392),(200604,116466,135393),(200605,116467,135394),(200606,116468,135395),(200607,116469,135396),(200608,116470,135397),(200609,116471,135139),(200610,116472,135398),(200611,116473,135399),(200612,116474,135400),(200613,116475,135187),(200614,116476,135187),(200615,116477,135401),(200616,116478,135402),(200617,116479,135403),(200618,116480,135404),(200619,116481,135405),(200620,116482,135153),(200621,116483,135406),(200622,116484,135407),(200623,116485,135408),(200624,116486,135180),(200625,116487,135409),(200626,116488,135410),(200627,116489,135153),(200628,116490,135411),(200629,116491,135412),(200630,116492,135413),(200631,116493,135414),(200632,116494,135415),(200633,116495,135416),(200634,116496,135417),(200636,116497,135171),(200635,116497,135418),(200637,116497,135419),(200638,116498,135420),(200639,116499,135421),(200640,116500,135422),(200641,116501,135423),(200642,116502,135424),(200643,116503,135425),(200644,116503,135426),(200645,116504,135427),(200646,116505,135428),(200647,116506,135429),(200648,116507,135430),(200649,116508,135431),(200650,116509,135432),(200651,116510,135433),(200652,116511,135434),(200653,116512,135435),(200654,116513,135436),(200655,116514,135437),(200656,116515,135438),(200657,116516,135439),(200658,116517,135440),(200659,116518,135441),(200660,116519,135441),(200661,116520,135442),(200662,116521,135443),(200663,116522,135444),(200664,116523,135445),(200665,116524,135446),(200666,116525,135447),(200667,116526,135447),(200668,116527,135448),(200669,116528,135449),(200670,116529,135450),(200671,116530,135451),(200672,116531,135452),(200673,116532,135453),(200675,116533,135382),(200674,116533,135454),(200676,116534,135455),(200677,116535,135456),(200678,116536,135457),(200679,116537,135458),(200680,116538,135459),(200681,116539,135460),(200682,116540,135461),(200683,116541,135462),(200684,116542,135463),(200685,116543,135464),(200686,116544,135190),(200687,116545,135382),(200688,116546,135465),(200689,116547,135466),(200690,116548,135467),(200691,116549,135468),(200692,116550,135469),(200693,116551,135470),(200694,116552,135471),(200695,116552,135472),(200696,116552,135473),(200697,116553,135474),(200698,116553,135475),(200699,116553,135476),(200700,116553,135477),(200701,116554,135477),(200702,116555,135478),(200703,116556,135479),(200704,116557,135480),(200705,116558,135481),(200706,116559,135482),(200707,116560,135483),(200708,116561,135484),(200709,116563,135486),(200710,116564,135485),(200711,116565,135485),(200712,116566,135487),(200713,116566,135488),(200714,116567,135489),(200715,116568,135490),(200716,116569,135426),(200717,116570,135491),(200718,116571,135492),(200719,116572,135493),(200720,116573,135494),(200721,116574,135494),(200722,116575,135496),(200723,116576,135497),(200724,116577,135498),(200725,116578,135499),(200726,116579,135500),(200727,116580,135501),(200728,116581,135502),(200729,116582,135503),(200731,116583,135355),(200730,116583,135504),(200732,116584,135505),(200733,116585,135360),(200734,116586,135506),(200735,116587,135507),(200736,116588,135508),(200737,116589,135509),(200738,116590,135509),(200739,116591,135510),(200740,116592,135511),(200741,116593,135512),(200742,116594,135227),(200743,116595,135513),(200744,116596,135514),(200745,116597,135514),(200746,116598,135515),(200747,116599,135516),(200748,116600,135517),(200749,116601,135518),(200750,116602,135463),(200751,116603,135519),(200752,116604,135520),(200753,116605,135521),(200754,116606,135418),(200755,116607,135522),(200756,116608,135523),(200757,116609,135146),(200758,116610,135524),(200759,116611,135525),(200760,116612,135526),(200761,116613,135527),(200762,116614,135528),(200763,116615,135529),(200764,116616,135530),(200765,116617,135529),(200766,116618,135531),(200767,116619,135532),(200768,116620,135533),(200769,116621,135534),(200770,116622,135535),(200771,116623,135536),(200772,116624,135537),(200773,116625,135538),(200774,116626,135539),(200775,116627,135540),(200776,116628,135541),(200777,116629,135542),(200778,116630,135542),(200779,116631,135542),(200780,116632,135543),(200781,116633,135544),(200782,116634,135545),(200783,116635,135546),(200784,116636,135230),(200785,116637,135547),(200786,116638,135548),(200787,116638,135549),(200788,116639,135550),(200789,116640,135551),(200790,116641,135552),(200791,116642,135553),(200792,116643,135554),(200793,116644,135555),(200794,116645,135556),(200795,116646,135557),(200796,116647,135558),(200797,116648,135559),(200798,116649,135560),(200799,116650,135561),(200800,116651,135562),(200801,116652,135563),(200802,116653,135564),(200803,116653,135565),(200804,116654,135566),(200805,116655,135567),(200806,116656,135568),(200807,116657,135569),(200808,116657,135570),(200809,116658,135571),(200810,116659,135572),(200811,116660,135573),(200812,116660,135574),(200813,116660,135575),(200814,116661,135576),(200815,116662,135577),(200816,116663,135578),(200817,116664,135579),(200818,116665,135285),(200819,116666,135580),(200820,116667,135581),(200821,116668,135582),(200822,116669,135582),(200823,116669,135583),(200824,116670,135584),(200825,116671,135585),(200826,116672,135586),(200827,116673,135587),(200828,116674,135588),(200829,116675,135589),(200830,116676,135590),(200831,116677,135591),(200832,116678,135592),(200833,116679,135593),(200834,116679,135594),(200835,116679,135595),(200836,116679,135596),(200837,116680,135597),(200838,116681,135598),(200839,116682,135140),(200840,116683,135599),(200841,116684,135600),(200842,116685,135601),(200843,116686,135426),(200844,116687,135350),(200845,116688,135602),(200846,116689,135395),(200847,116690,135140),(200848,116691,135603),(200849,116692,135604),(200850,116693,135249),(200851,116694,135605),(200852,116695,135606),(200853,116696,135607),(200854,116697,135608),(200855,116698,135609),(200856,116699,135610),(200857,116700,135611),(200858,116701,135612),(200859,116702,135359),(200860,116703,135613),(200861,116704,135614),(200862,116705,135346),(200863,116706,135615),(200864,116707,135359),(200865,116708,135616),(200866,116709,135617),(200867,116710,135618),(200868,116711,135339),(200869,116712,135619),(200870,116713,135620),(200871,116714,135621),(200872,116715,135622),(200873,116716,135623),(200874,116717,135624),(200875,116718,135625),(200876,116719,135626),(200877,116720,135292),(200878,116721,135627),(200879,116722,135628),(200880,116723,135629),(200881,116724,135630),(200882,116725,135631),(200883,116726,135632),(200884,116727,135633),(200885,116728,135612),(200886,116729,135634),(200887,116730,135635),(200888,116731,135636),(200889,116732,135637),(200890,116733,135638),(200891,116734,135639),(200892,116735,135640),(200893,116736,135641),(200894,116737,135642),(200895,116738,135643),(200896,116739,135195),(200897,116740,135644),(200898,116741,135645),(200899,116742,135646),(200900,116743,135415),(200901,116744,135647),(200902,116745,135648),(200903,116745,135649),(200905,116746,135649),(200904,116746,135650),(200906,116747,135651),(200907,116748,135652),(200908,116749,135653),(200909,116750,135654),(200910,116751,135655),(200911,116752,135656),(200912,116753,135657),(200913,116754,135658),(200914,116755,135659),(200915,116756,135660),(200916,116757,135661),(200917,116757,135662),(200918,116758,135663),(200919,116759,135664),(200920,116760,135665),(200921,116761,135665),(200922,116762,135666),(200923,116762,135667),(200924,116762,135668),(200925,116763,135666),(200926,116764,135669),(200928,116765,135668),(200927,116765,135670),(200929,116766,135671),(200930,116767,135672),(200931,116768,135673),(200932,116769,135673),(200933,116770,135674),(200934,116771,135675),(200935,116772,135140),(200936,116773,135607),(200937,116774,135676),(200938,116775,135580),(200939,116776,135580),(200940,116777,135677),(200941,116778,135678),(200942,116779,135679),(200943,116780,135680),(200944,116781,135681),(200945,116782,135682),(200946,116783,135344),(200947,116784,135683),(200948,116785,135684),(200949,116785,135685),(200950,116786,135686),(200951,116787,135687),(200952,116788,135688),(200953,116789,135689),(200954,116790,135690),(200955,116791,135691),(200956,116791,135692),(200957,116792,135693),(200958,116793,135694),(200959,116794,135695),(200960,116795,135696),(200961,116796,135697),(200962,116797,135698),(200963,116798,135360),(200964,116799,135699),(200965,116800,135700),(200966,116801,135701),(200967,116802,135702),(200968,116803,135703),(200969,116804,135704),(200970,116805,135705),(200971,116806,135706),(200972,116807,135707),(200973,116808,135708),(200975,116809,135457),(200974,116809,135709),(200976,116810,135710),(200977,116811,135711),(200978,116812,135712),(200980,116813,135480),(200979,116813,135713),(200981,116814,135714),(200982,116815,135715),(200983,116816,135557),(200984,116817,135716),(200985,116818,135716),(200986,116819,135236),(200987,116820,135717),(200988,116821,135181),(200989,116822,135718),(200990,116823,135719),(200991,116824,135720),(200992,116825,135720),(200993,116826,135721),(200994,116827,135722),(200995,116828,135723),(200996,116829,135724),(200997,116830,135725),(200999,116831,135401),(200998,116831,135617),(201000,116832,135727),(201001,116833,135728),(201002,116834,135729),(201003,116835,135730),(201004,116836,135350),(201005,116837,135731),(201006,116838,135731),(201007,116839,135732),(201009,116840,135297),(201008,116840,135733),(201010,116841,135734),(201011,116842,135735),(201012,116843,135736),(201013,116844,135736),(201014,116845,135736),(201015,116846,135737),(201016,116847,135738),(201017,116847,135739),(201018,116848,135740),(201019,116849,135741),(201020,116850,135742),(201021,116851,135743),(201022,116852,135744),(201023,116853,135745),(201024,116854,135746),(201025,116855,135747),(201026,116856,135560),(201027,116858,135749),(201028,116859,135750),(201029,116860,135751),(201030,116860,135752),(201031,116861,135753),(201032,116862,135754),(201033,116864,135756),(201034,116865,135757),(201035,116866,135758),(201036,116867,135759),(201037,116867,135760),(201038,116868,135759),(201039,116869,135761),(201040,116870,135716),(201041,116871,135760),(201042,116872,135762),(201043,116873,135763),(201044,116874,135764),(201045,116875,135765),(201046,116876,135766),(201047,116877,135767),(201048,116878,135768),(201049,116879,135769),(201050,116880,135770),(201051,116881,135769),(201052,116882,135771),(201053,116883,135772),(201054,116884,135751),(201055,116886,135774),(201056,116887,135775),(201057,116888,135776),(201058,116889,135777),(201059,116890,135778),(201061,116891,135382),(201060,116891,135779),(201062,116892,135780),(201063,116892,135781),(201064,116893,135780),(201065,116894,135782),(201066,116895,135783),(201067,116896,135784),(201068,116897,135610),(201069,116898,135785),(201070,116899,135786),(201071,116900,135786),(201072,116901,135787),(201073,116902,135240),(201074,116903,135788),(201076,116904,135297),(201075,116904,135501),(201077,116905,135789),(201078,116906,135790),(201079,116908,135792),(201080,116909,135793),(201081,116909,135794),(201082,116910,135795),(201083,116911,135170),(201084,116912,135796),(201085,116913,135797),(201086,116914,135798),(201087,116915,135799),(201088,116916,135800),(201089,116917,135801),(201090,116918,135802),(201091,116919,135803),(201092,116920,135804),(201093,116921,135805),(201094,116922,135805),(201095,116923,135519),(201096,116924,135806),(201097,116925,135807),(201098,116926,135808),(201099,116927,135809),(201101,116928,135417),(201100,116928,135810),(201102,116929,135811),(201103,116930,135812),(201104,116931,135813),(201105,116932,135814),(201106,116933,135815),(201108,116934,135668),(201107,116934,135816),(201109,116935,135817),(201110,116936,135818),(201111,116937,135819),(201112,116938,135667),(201113,116939,135820),(201114,116940,135821),(201115,116941,135820),(201116,116942,135557),(201117,116943,135822),(201118,116944,135823),(201119,116945,135824),(201120,116946,135825),(201121,116947,135826),(201122,116948,135827),(201123,116948,135828),(201124,116949,135829),(201125,116950,135830),(201126,116951,135831),(201127,116952,135832),(201128,116953,135833),(201129,116954,135149),(201130,116955,135834),(201131,116955,135835),(201132,116956,135836),(201134,116957,135752),(201133,116957,135837),(201135,116958,135838),(201136,116959,135839),(201137,116960,135840),(201138,116961,135841),(201139,116962,135842),(201140,116963,135843),(201141,116964,135844),(201142,116965,135845),(201143,116966,135846),(201144,116967,135847),(201145,116968,135848),(201146,116969,135849),(201147,116970,135254),(201148,116971,135850),(201149,116972,135851),(201150,116973,135852),(201151,116974,135853),(201152,116975,135854),(201153,116976,135855),(201155,116977,135315),(201154,116977,135856),(201156,116978,135857),(201157,116979,135858),(201158,116980,135859),(201159,116981,135860),(201160,116982,135861),(201161,116983,135862),(201162,116984,135863),(201163,116985,135864),(201164,116986,135865),(201165,116986,135866),(201166,116987,135866),(201167,116988,135867),(201168,116989,135868),(201169,116990,135869),(201170,116991,135241),(201171,116992,135736),(201172,116993,135870),(201173,116994,135871),(201174,116995,135872),(201175,116996,135873),(201176,116997,135874),(201177,116998,135875),(201178,116999,135876),(201179,117000,135877),(201180,117000,135878),(201181,117001,135879),(201182,117002,135880),(201183,117003,135881),(201184,117004,135882),(201185,117005,135883),(201186,117006,135884),(201187,117007,135885),(201188,117008,135886),(201189,117008,135887),(201190,117009,135888),(201191,117010,135889),(201192,117011,135890),(201193,117012,135891),(201194,117013,135892),(201195,117014,135893),(201196,117015,135894),(201197,117015,135895),(201198,117016,135896),(201199,117017,135897),(201200,117018,135898),(201201,117019,135378),(201202,117020,135899),(201203,117021,135900),(201204,117022,135901),(201205,117023,135902),(201206,117024,135902),(201207,117025,135903),(201208,117026,135904),(201209,117027,135905),(201210,117028,135906),(201211,117029,135907),(201212,117030,135908),(201213,117031,135909),(201214,117032,135910),(201215,117033,135910),(201216,117034,135911),(201217,117035,135912),(201218,117036,135913),(201219,117037,135914),(201220,117038,135915),(201221,117039,135915),(201222,117040,135916),(201223,117041,135917),(201224,117042,135918),(201225,117043,135919),(201226,117044,135920),(201227,117045,135921),(201228,117046,135922),(201230,117047,135560),(201229,117047,135923),(201232,117048,135276),(201231,117048,135924),(201233,117049,135458),(201234,117050,135235),(201235,117051,135925),(201236,117052,135926),(201237,117053,135448),(201238,117054,135927),(201239,117055,135321),(201240,117056,135928),(201241,117057,135929),(201242,117058,135930),(201243,117059,135931),(201244,117060,135932),(201245,117061,135933),(201246,117062,135934),(201247,117063,135935),(201248,117064,135936),(201249,117064,135937),(201250,117064,135938),(201251,117065,135939),(201252,117066,135940),(201253,117067,135941),(201254,117068,135942),(201255,117069,135942),(201256,117070,135943),(201257,117071,135944),(201258,117072,135945),(201259,117073,135946),(201260,117074,135947),(201261,117076,135949),(201262,117077,135950),(201263,117078,135949),(201264,117079,135951),(201265,117080,135952),(201266,117081,135953),(201267,117082,135954),(201268,117083,135955),(201269,117084,135956),(201270,117085,135957),(201271,117086,135958),(201272,117087,135959),(201273,117087,135960),(201274,117088,135961),(201275,117089,135962),(201276,117090,135963),(201277,117091,135964),(201278,117092,135965),(201279,117093,135966),(201280,117094,135967),(201281,117095,135183),(201282,117096,135968),(201283,117097,135969),(201284,117098,135970),(201285,117098,135971),(201286,117099,135318),(201287,117100,135301),(201288,117101,135972),(201289,117102,135973),(201291,117103,135972),(201290,117103,135974),(201292,117104,135972),(201293,117105,135975),(201295,117106,135318),(201294,117106,135976),(201296,117107,135318),(201297,117108,135977),(201298,117109,135978),(201299,117110,135280),(201300,117111,135979),(201301,117112,135980),(201302,117113,135981),(201303,117114,135982),(201304,117115,135738),(201305,117116,135983),(201306,117117,135984),(201307,117118,135985),(201308,117119,135986),(201309,117120,135987),(201311,117121,135296),(201310,117121,135988),(201312,117122,135296),(201313,117122,135988),(201314,117123,135989),(201315,117123,135990),(201316,117124,135991),(201317,117125,135992),(201318,117126,135993),(201319,117127,135994),(201320,117128,135994),(201321,117129,135400),(201322,117130,135995),(201323,117131,135996),(201324,117132,135978),(201325,117133,135610),(201326,117134,135997),(201327,117135,135998),(201328,117136,135999),(201329,117137,136000),(201330,117138,136001),(201331,117138,136002),(201332,117139,136003),(201333,117140,136004),(201334,117141,136005),(201335,117142,136003),(201336,117143,136006),(201337,117144,136007),(201338,117145,136008),(201339,117146,136009),(201340,117147,136010),(201341,117148,136011),(201342,117149,136012),(201343,117150,136013),(201344,117151,136014),(201345,117152,136015),(201346,117153,135514),(201347,117154,136017),(201348,117155,136018),(201349,117156,136019),(201350,117157,136020),(201351,117158,136021),(201352,117159,136022),(201354,117160,135964),(201353,117160,136023),(201355,117161,136024),(201356,117162,136025),(201357,117163,136025),(201358,117164,136026),(201359,117165,136027),(201360,117165,136028),(201361,117166,136010),(201362,117167,136029),(201363,117168,135606),(201364,117168,136030),(201365,117169,135897),(201366,117170,135897),(201367,117171,136031),(201368,117172,136032),(201369,117173,136033),(201370,117174,136034),(201371,117175,136035),(201373,117176,136035),(201372,117177,136035),(201375,117178,135510),(201374,117178,135834),(201376,117179,135191),(201377,117179,136036),(201378,117180,136037),(201380,117181,135238),(201381,117181,135239),(201379,117181,136038),(201382,117182,136039),(201383,117183,136040),(201384,117184,136041),(201385,117185,136042),(201386,117186,136043),(201387,117187,136044),(201388,117188,136045),(201389,117189,135666),(201390,117190,135666),(201391,117191,136046),(201392,117192,136046),(201393,117193,136047),(201394,117193,136048),(201395,117194,135671),(201396,117195,135670),(201397,117196,136050),(201398,117197,135737),(201399,117198,136051),(201400,117199,136052),(201404,117200,135513),(201401,117200,136053),(201403,117201,136053),(201402,117201,136054),(201405,117202,136055),(201406,117203,136056),(201407,117204,136057),(201408,117205,136058),(201409,117206,136059),(201410,117207,136060),(201411,117208,136061),(201412,117209,136062),(201413,117210,136063),(201414,117211,136064),(201415,117212,136065),(201416,117213,136066),(201417,117214,135156),(201418,117215,136067),(201419,117216,135452),(201420,117217,135673),(201421,117218,136068),(201422,117219,136069),(201423,117220,135321),(201424,117221,136070),(201425,117222,136071),(201426,117223,136072),(201427,117224,135941),(201428,117225,136073),(201429,117226,136074),(201430,117227,136075),(201431,117228,136076),(201432,117229,136077),(201433,117230,136078),(201434,117231,136079),(201435,117232,136080),(201436,117233,136081),(201437,117234,136082),(201438,117235,136083),(201439,117235,136084),(201440,117236,136085),(201442,117237,135261),(201441,117237,136086),(201444,117238,135978),(201443,117238,136087),(201445,117239,136088),(201446,117240,136089),(201447,117241,136090),(201448,117242,135589),(201449,117243,136091),(201450,117244,136092),(201451,117245,136093),(201454,117246,135205),(201452,117246,136094),(201453,117246,136095),(201455,117247,136096),(201456,117248,136097),(201457,117249,135153),(201458,117250,135153),(201459,117251,136098),(201460,117252,136099),(201461,117253,136100);
/*!40000 ALTER TABLE `chinesetool_wordtranslation` ENABLE KEYS */;
UNLOCK TABLES;

--
-- Table structure for table `chinesetool_wordzh`
--

DROP TABLE IF EXISTS `chinesetool_wordzh`;
/*!40101 SET @saved_cs_client     = @@character_set_client */;
/*!40101 SET character_set_client = utf8 */;
CREATE TABLE `chinesetool_wordzh` (
  `id` int(11) NOT NULL AUTO_INCREMENT,
  `word` varchar(100) COLLATE utf8_bin NOT NULL,
  `pinyin` varchar(100) COLLATE utf8_bin NOT NULL,
  `lesson_id` int(11) DEFAULT NULL,
  PRIMARY KEY (`id`),
  UNIQUE KEY `word` (`word`,`pinyin`),
  KEY `chinesetool_wordzh_37003e55` (`lesson_id`),
  CONSTRAINT `lesson_id_refs_id_afde1920` FOREIGN KEY (`lesson_id`) REFERENCES `chinesetool_lesson` (`id`)
) ENGINE=InnoDB AUTO_INCREMENT=117255 DEFAULT CHARSET=utf8 COLLATE=utf8_bin;
/*!40101 SET character_set_client = @saved_cs_client */;

--
-- Dumping data for table `chinesetool_wordzh`
--

LOCK TABLES `chinesetool_wordzh` WRITE;
/*!40000 ALTER TABLE `chinesetool_wordzh` DISABLE KEYS */;
INSERT INTO `chinesetool_wordzh` VALUES (116258,'啊','a1',3),(116259,'矮','ai3',3),(116260,'爱','ai4',3),(116261,'爱人','ai4ren2',3),(116262,'安静','an1jing4',3),(116263,'安排','an1pai2',3),(116264,'八','ba1',3),(116265,'把','ba3',3),(116266,'爸爸','ba4ba5',3),(116267,'吧','ba5',3),(116268,'白','bai2',3),(116269,'百','bai3',3),(116270,'摆','bai3',3),(116271,'班','ban1',3),(116272,'搬','ban1',3),(116273,'半','ban4',3),(116274,'半天','ban4tian1',3),(116275,'办','ban4',3),(116276,'办法','ban4fa3',3),(116277,'办公室','ban4gong1shi4',3),(116278,'帮助','bang1zhu4',3),(116279,'饱','bao3',3),(116280,'抱','bao4',3),(116281,'报','bao4',3),(116282,'杯','bei1',3),(116283,'杯子','bei1zi5',3),(116284,'北','bei3',3),(116285,'北边','bei3bian1',3),(116286,'倍','bei4',3),(116287,'被','bei4',3),(116288,'本','ben3',3),(116289,'本子','ben3zi5',3),(116290,'比','bi3',3),(116291,'比较','bi3jiao4',3),(116292,'比赛','bi3sai4',3),(116293,'笔','bi3',3),(116294,'必须','bi4xu1',3),(116295,'边','bian1',3),(116296,'变','bian4',3),(116297,'变成','bian4 cheng2',3),(116298,'变化','bian4hua4',3),(116299,'遍','bian4',3),(116300,'表','biao3',3),(116301,'表示','biao3shi4',3),(116302,'表现','biao3xian4',3),(116303,'表演','biao3yan3',3),(116304,'表扬','biao3yang2',3),(116305,'别','bie2',3),(116306,'别的','bie2de5',3),(116307,'别人','bie2ren5',3),(116308,'病','bing3',3),(116309,'不','bu4',3),(116310,'不错','bu4cuo4',3),(116311,'不但','bu4dan4',3),(116312,'不久','bu4jiu3',3),(116313,'不如','bu4ru2',3),(116314,'不同','bu4tong2',3),(116315,'不要','bu4yao4',3),(116316,'不用','bu4yong4',3),(116317,'布','bu4',3),(116318,'部分','bu4fen5',3),(116319,'擦','ca1',3),(116320,'才','cai2',3),(116321,'菜','cai4',3),(116322,'参观','can1guan1',3),(116323,'参加','can1jia1',3),(116324,'操场','cao1chang3',3),(116325,'草','cao3',3),(116326,'层','ceng2',3),(116327,'茶','cha2',3),(116328,'查','cha2',3),(116329,'差','cha4',3),(116330,'常','chang2',3),(116331,'常常','chang2chang2',3),(116332,'长','chang2',3),(116333,'场','chang3',3),(116334,'唱','chang4',3),(116335,'朝','chao2',3),(116336,'车','che1',3),(116337,'车站','che1zhan4',3),(116338,'城','cheng2',3),(116339,'城市','cheng2shi4',3),(116340,'成','cheng2',3),(116341,'成绩','cheng2ji4',3),(116342,'吃','chi1',3),(116343,'迟到','chi2dao4',3),(116344,'抽','chou1',3),(116345,'出','chu1',3),(116346,'出发','chu1fa1',3),(116347,'出来','chu1 lai2',3),(116348,'出去','chu1 qu4',3),(116349,'出现','chu1xian4',3),(116350,'出租汽车','chu1zu1 qi4che1',3),(116352,'穿','chuan1',3),(116353,'船','chuan2',3),(116354,'窗','chuang1',3),(116355,'窗户','chuang1hu5',3),(116356,'床','chuang2',3),(116357,'吹','chui1',3),(116358,'春','chun1',3),(116359,'春天','chun1tian1',3),(116360,'磁带','ci2dai4',3),(116361,'词','ci2',3),(116362,'词典','ci2dian3',3),(116363,'次','ci4',3),(116364,'从','cong2',3),(116365,'从前','cong2qian2',3),(116366,'错','cuo4',3),(116367,'错误','cuo4wu4',3),(116368,'打','da3',3),(116369,'打算','da3suan4',3),(116370,'大','da4',3),(116371,'大概','da4gai4',3),(116372,'大家','da4jia1',3),(116373,'大声','da4 sheng1',3),(116374,'大学','da4xue2',3),(116375,'大夫','dai4fu5',3),(116376,'戴','dai4',3),(116377,'带','dai4',3),(116378,'代表','dai4biao3',3),(116379,'但是','dan4shi4',3),(116380,'当','dang1',3),(116381,'当然','dang1ran2',3),(116382,'刀','dao1',3),(116383,'倒','dao3',3),(116384,'到','dao4',3),(116385,'道','dao4',3),(116386,'道理','dao4li3',3),(116387,'得','de2',3),(116388,'得到','de2 dao4',3),(116389,'的','de5',3),(116390,'地','de5',3),(116395,'得','dei3',3),(116396,'灯','deng1',3),(116397,'等','deng3',3),(116398,'低','di1',3),(116399,'地','di4',3),(116400,'地方','di4fang5',3),(116401,'第','di4',3),(116402,'第一','di4yi1',3),(116403,'弟弟','di4di5',3),(116404,'点','dian3',3),(116405,'点心','dian3xin5',3),(116406,'点钟','dian3zhong1',3),(116407,'电','dian4',3),(116408,'电车','dian4che1',3),(116409,'电灯','dian4deng1',3),(116410,'电话','dian4hua4',3),(116411,'电视','dian4shi4',3),(116412,'电影','dian4ying3',3),(116413,'掉','diao4',3),(116414,'丢','diu1',3),(116415,'东','dong1',3),(116416,'东边','dong1bian1',3),(116417,'东西','dong1xi5',3),(116418,'冬','dong1',3),(116419,'冬天','dong1tian1',3),(116420,'懂','dong3',3),(116421,'动','dong4',3),(116422,'动物','dong4wu4',3),(116423,'都','dou1',3),(116424,'读','du2',3),(116425,'短','duǎn',3),(116426,'锻炼','duan4lian4',3),(116427,'段','duan4',3),(116428,'对','duì',3),(116429,'对不起','dui4bu5qi3',3),(116430,'顿','dun4',3),(116431,'多','duo1',3),(116432,'多少','duo1shao5',3),(116433,'饿','e4',3),(116434,'而且','er2qie3',3),(116435,'儿子','er2zi5',3),(116436,'二','er2',3),(116437,'发','fa1',3),(116438,'发烧','fa1shao1',3),(116439,'发生','fa1sheng1',3),(116440,'发现','fa1xian4',3),(116441,'发展','fa1zhan3',3),(116442,'法语','fa3yu3',3),(116443,'法文','fa1wen2',3),(116444,'翻','fan1',3),(116445,'翻译','fan1yi4',3),(116446,'反对','fan3dui4',3),(116447,'饭','fan4',3),(116448,'饭店','fan4dian4',3),(116449,'方便','fang1bian4',3),(116450,'方法','fang1fa3',3),(116451,'方面','fang1mian4',3),(116452,'方向','fang1xiang4',3),(116453,'房间','fang2jian1',3),(116454,'访问','fang3wen4',3),(116455,'放','fang4',3),(116456,'放假','fang4jia4',3),(116457,'非常','fei1chang2',3),(116458,'飞','fei1',3),(116459,'飞机','fei1ji1',3),(116460,'分','fen1',3),(116461,'分钟','fen1zhong1',3),(116462,'丰富','feng1fu4',3),(116463,'封','feng1',3),(116464,'风','feng1',3),(116465,'夫人','fu1ren2',3),(116466,'服务','fu2wu4',3),(116467,'服务员','fu2wu4yuan2',3),(116468,'辅导','fu3dao3',3),(116469,'复习','fu4xi2',3),(116470,'复杂','fu4za2',3),(116471,'父亲','fu4qin5',3),(116472,'负责','fu4ze2',3),(116473,'附近','fu4jin4',3),(116474,'该','gai1',3),(116475,'改','gai3',3),(116476,'改变','gai3bian4',3),(116477,'干净','gan1jing4',3),(116478,'感到','gan3dao4',3),(116479,'感冒','gan3mao4',3),(116480,'感谢','gan3xie4',3),(116481,'敢','gan3',3),(116482,'干','gan4',3),(116483,'干部','gan4bu4',3),(116484,'刚','gang1',3),(116485,'刚才','gang1cai2',3),(116486,'钢笔','gang1bi3',3),(116487,'高','gao1',3),(116488,'高兴','gao1xing4',3),(116489,'搞','gao3',3),(116490,'告诉','gao4su4',3),(116491,'哥哥','ge1ge5',3),(116492,'歌','ge1',3),(116493,'个','ge4',3),(116494,'各','ge4',3),(116495,'各种','ge4zhong3',3),(116496,'给','gei3',3),(116497,'根','gen1',3),(116498,'跟','gen1',3),(116499,'更','geng4',3),(116500,'工厂','gong1chang3',3),(116501,'工人','gong1ren2',3),(116502,'工业','gong1ye4',3),(116503,'工作','gong1zuo4',3),(116504,'公共汽车','gong1gong4 qi4che1',3),(116505,'公斤','gong1jin1',3),(116506,'公里','gong1li3',3),(116507,'公园','gong1yuan2',3),(116508,'够','gou4',3),(116509,'姑娘','gu1niang5',3),(116510,'故事','gu4shi5',3),(116511,'刮','gua1',3),(116512,'关','guan1',3),(116513,'关系','guan1xi4',3),(116514,'关心','guan1xin1',3),(116515,'广播','guang3bo1',3),(116516,'贵','gui4',3),(116517,'贵姓','gui4xing4',3),(116518,'国','guo2',3),(116519,'国家','guo2jia1',3),(116520,'过','guo4',3),(116521,'过','guo5',3),(116522,'过来','guo4lai5',3),(116523,'过去','guo4qu4',3),(116524,'哈哈','ha1ha1',3),(116525,'还','hai2',3),(116526,'还是','hai2shi4',3),(116527,'孩子','hai2zi5',3),(116528,'海','hai3',3),(116529,'寒假','han2jia4',3),(116530,'喊','han3',3),(116531,'汉语','han4yu3',3),(116532,'汉字','han4zi4',3),(116533,'好','hao3',3),(116534,'好吃','hao3chi1',3),(116535,'好处','hao3chu5',3),(116536,'好看','hao3kan4',3),(116537,'好像','hao3xiang4',3),(116538,'号','hao4',3),(116539,'喝','he1',3),(116540,'和','he2',3),(116541,'合适','he2shi4',3),(116542,'河','he2',3),(116543,'黑','hei1',3),(116544,'黑板','hei1ban3',3),(116545,'很','hen3',3),(116546,'红','hong2',3),(116547,'后','hou4',3),(116548,'后边','hou4bian5',3),(116549,'忽然','hu1ran2',3),(116550,'湖','hu2',3),(116551,'互相','hu4xiang1',3),(116552,'花','hua1',3),(116553,'画','hua4',3),(116554,'画儿','hua4r',3),(116555,'化学','hua4xue2',3),(116556,'话','hua4',3),(116557,'坏','huai4',3),(116558,'欢迎','huan1ying2',3),(116559,'还','huan2',3),(116560,'换','huan4',3),(116561,'黄','huang2',3),(116562,'回','hui2',3),(116563,'回答','hui2da2',3),(116564,'回来','hui2lai2',3),(116565,'回去','hui2qu4',3),(116566,'会','hui4',3),(116567,'会话','hui4hua4',3),(116568,'活','huo2',3),(116569,'活儿','huo2er5',3),(116570,'活动','huo2dong4',3),(116571,'火车','huo3che1',3),(116572,'或者','huo4zhe3',3),(116573,'基本','ji1ben3',3),(116574,'基础','ji1chu3',3),(116575,'机场','ji1chang3',3),(116576,'机会','ji1hui4',3),(116577,'机器','ji1qi4',3),(116578,'鸡','ji1',3),(116579,'鸡蛋','ji1dan4',3),(116580,'集合','ji2he2',3),(116581,'急','ji2',3),(116582,'挤','ji3',3),(116583,'几','ji3',3),(116584,'技术','ji4shu4',3),(116585,'寄','ji4',3),(116586,'计划','ji4hua4',3),(116587,'记','ji4',3),(116588,'继续','ji4xu4',3),(116589,'家','jia1',3),(116590,'家庭','jia1ting2',3),(116591,'加','jia1',3),(116592,'坚持','jian1chi2',3),(116593,'间','jian1',3),(116594,'检查','jian3cha2',3),(116595,'简单','jian3dan1',3),(116596,'见','jian4',3),(116597,'见面','jian4mian4',3),(116598,'件','jian4',3),(116599,'健康','jian4kang1',3),(116600,'建设','jian4she4',3),(116601,'将来','jiang1lai2',3),(116602,'江','jiang1',3),(116603,'讲','jiang3',3),(116604,'交','jiao1',3),(116605,'教','jiao1',3),(116606,'脚','jiao3',3),(116607,'角','jiao3',3),(116608,'饺子','jiao3zi5',3),(116609,'教室','jiao4shi4',3),(116610,'教育','jiao4yu4',3),(116611,'叫','jiao4',3),(116612,'接','jie1',3),(116613,'接着','jie1zhe5',3),(116614,'街','jie1',3),(116615,'节','jie2',3),(116616,'节目','jie2mu4',3),(116617,'节日','jie2ri4',3),(116618,'结果','jie2guo3',3),(116619,'结束','jie2shu4',3),(116620,'解决','jie3jue2',3),(116621,'姐姐','jie3jie5',3),(116622,'借','jie4',3),(116623,'介绍','jie4shao4',3),(116624,'斤','jin1',3),(116625,'今年','jin1nian2',3),(116626,'今天','jin1tian1',3),(116627,'紧','jin3',3),(116628,'紧张','jin3zhang1',3),(116629,'进','jin4',3),(116630,'进来','jin4lai2',3),(116631,'进去','jin4qu4',3),(116632,'进行','jin4xing2',3),(116633,'近','jin4',3),(116634,'精彩','jing1cai3',3),(116635,'精神','jing1shen2',3),(116636,'经常','jing1chang2',3),(116637,'经过','jing1guo4',3),(116638,'经济','jing1ji4',3),(116639,'经验','jing1yan4',3),(116640,'久','jiu3',3),(116641,'九','jiu3',3),(116642,'酒','jiu3',3),(116643,'旧','jiu4',3),(116644,'就','jiu4',3),(116645,'橘子','ju2zi5',3),(116646,'举','ju3',3),(116647,'句','ju4',3),(116648,'句子','ju4zi5',3),(116649,'觉得','jue2de5',3),(116650,'决定','jue2ding4',3),(116651,'咖啡','ka1fei1',3),(116652,'卡车','ka3che1',3),(116653,'开','kai1',3),(116654,'开始','kai1shi3',3),(116655,'开玩笑','kai1wan2xiao4',3),(116656,'开学','kai1xue2',3),(116657,'看','kan4',3),(116658,'看病','kan4bing4',3),(116659,'看见','kan4jian4',3),(116660,'考试','kao3shi4',3),(116661,'棵','ke1',3),(116662,'科学','ke1xue2',3),(116663,'咳嗽','ke2sou5',3),(116664,'可能','ke3neng2',3),(116665,'可是','ke3shi4',3),(116666,'可以','ke3yi3',3),(116667,'渴','ke3',3),(116668,'克','ke4',3),(116669,'刻','ke4',3),(116670,'客气','ke4qi5',3),(116671,'课','ke4',3),(116672,'课本','ke4ben3',3),(116673,'课文','ke4wen2',3),(116674,'空气','kong1qi4',3),(116675,'口','kou3',3),(116676,'口语','kou3yu3',3),(116677,'哭','ku1',3),(116678,'苦','ku3',3),(116679,'块','kuai4',3),(116680,'困难','kun4nan2',3),(116681,'拉','la1',3),(116682,'啦','la5',3),(116683,'来','lai2',3),(116684,'蓝','lan2',3),(116685,'篮球','lan2qiu2',3),(116686,'劳动','lao2dong4',3),(116687,'劳驾','lao2 jia4',3),(116688,'老','lao3',3),(116689,'老师','lao3shi1',3),(116690,'了','le5',3),(116691,'累','lei4',3),(116692,'冷','leng3',3),(116693,'离','li2',3),(116694,'离开','li2kai1',3),(116695,'里','li3',3),(116696,'里边','li3bian5',3),(116697,'礼物','li3wu4',3),(116698,'历史','li4shi3',3),(116699,'利用','li4yong4',3),(116700,'例如','li4ru2',3),(116701,'立刻','li4ke4',3),(116702,'俩','lia3',3),(116703,'联系','lian2xi4',3),(116704,'脸','lian3',3),(116705,'练习','lian4xi2',3),(116706,'凉快','liang4kuai5',3),(116707,'两','liang3',3),(116708,'辆','liang4',3),(116709,'亮','liang4',3),(116710,'了','liao3',3),(116711,'了解','liao3jie3',3),(116712,'零','ling2',3),(116713,'领导','ling3dao3',3),(116714,'留','liu2',3),(116715,'留念','liu2nian4',3),(116716,'留学生','liu2xue2sheng1',3),(116717,'流','liu2',3),(116718,'六','liu6',3),(116719,'楼','lou2',3),(116720,'路','lu4',3),(116721,'录音','lu4yin1',3),(116722,'旅行','lv3xing2',3),(116723,'绿','lv4',3),(116724,'乱','luan4',3),(116725,'妈妈','ma1ma5',3),(116726,'麻烦','ma2fan5',3),(116727,'马','ma3',3),(116728,'马上','ma3shang4',3),(116729,'嘛','ma5',3),(116730,'吗','ma5',3),(116731,'买','mai3',3),(116732,'卖','mai4',3),(116733,'满','man3',3),(116734,'满意','man3yi4',3),(116735,'慢','man4',3),(116736,'忙','mang2',3),(116737,'毛','mao2',3),(116738,'帽子','mao4zi5',3),(116739,'没','mei2',3),(116740,'没关系','mei2guan1xi4',3),(116741,'没意思','mei2yi4si5',3),(116742,'没有','mei2you3',3),(116743,'每','mei3',3),(116744,'妹妹','mei4mei5',3),(116745,'门','men2',3),(116746,'门口','men2kou3',3),(116747,'们','men5',3),(116748,'米','mi3',3),(116749,'米饭','mi3fan4',3),(116750,'面包','mian4bao1',3),(116751,'面条儿','mian4tiao2er5',3),(116752,'民族','min2zu2',3),(116753,'明年','ming2nian2',3),(116754,'明天','ming2tian1',3),(116755,'名字','ming2zi5',3),(116756,'母亲','mu3qin1',3),(116757,'目前','mu4qian2',3),(116758,'拿','na2',3),(116759,'哪','na3',3),(116760,'哪里','na3li5',3),(116761,'哪儿','na3er5',3),(116762,'那','na4',3),(116763,'那个','na4ge5',3),(116764,'那里','na4li5',3),(116765,'那么','na4me5',3),(116766,'那些','na4xie5',3),(116767,'那样','na4yang4',3),(116768,'南','nan2',3),(116769,'南边','nan2bian5',3),(116770,'男','nan2',3),(116771,'难','nan2',3),(116772,'呢','ne5',3),(116773,'内','nei4',3),(116774,'内容','nei4rong2',3),(116775,'能','neng2',3),(116776,'能够','neng2gou4',3),(116777,'你','ni3',3),(116778,'你们','ni3men5',3),(116779,'年','nian2',3),(116780,'年级','nian2ji2',3),(116781,'年纪','nian2ji4',3),(116782,'年轻','nian2qing1',3),(116783,'念','nian4',3),(116784,'您','nin2',3),(116785,'牛','niu2',3),(116786,'牛奶','niu2nai3',3),(116787,'农村','nong2cun1',3),(116788,'农民','nong2min2',3),(116789,'农业','nong2ye4',3),(116790,'努力','nu3li4',3),(116791,'女','nv3',3),(116792,'女儿','nv3er5',3),(116793,'暖和','nuan3huo5',3),(116794,'爬','pa2',3),(116795,'怕','pa4',3),(116796,'拍','pai1',3),(116797,'排球','pai2qui2',3),(116798,'派','pai4',3),(116799,'旁边','pang2bian1',3),(116800,'跑','pao3',3),(116801,'跑步','pao3bu4',3),(116802,'朋友','peng2you5',3),(116803,'碰','peng4',3),(116804,'批评','pi1ping2',3),(116805,'啤酒','pi2jiu3',3),(116806,'篇','pian1',3),(116807,'便宜','pian2yi4',3),(116808,'片','pian4',3),(116809,'漂亮','piao4liang5',3),(116810,'票','piao4',3),(116811,'苹果','ping2guo3',3),(116812,'瓶','ping2',3),(116813,'破','po4',3),(116814,'七','qi1',3),(116815,'骑','qi2',3),(116816,'起','qi3',3),(116817,'起床','qi3chuang2',3),(116818,'起来','qi3lai2',3),(116819,'汽车','qi4che1',3),(116820,'汽水','qi4shui3',3),(116821,'铅笔','qian1bi3',3),(116822,'千','qian1',3),(116823,'钱','qian2',3),(116824,'前','qian2',3),(116825,'前边','qian2bian5',3),(116826,'浅','qian3',3),(116827,'墙','qiang2',3),(116828,'桥','qiao2',3),(116829,'青年','qing1nian2',3),(116830,'轻','qing1',3),(116831,'清楚','qing1chu5',3),(116832,'晴','qing2',3),(116833,'情况','qing2kuang4',3),(116834,'请','qing3',3),(116835,'请假','qing3jia4',3),(116836,'请问','qing3wen4',3),(116837,'秋','qiu1',3),(116838,'秋天','qiu1tian1',3),(116839,'球','qiu2',3),(116840,'取得','qu3de2',3),(116841,'去','qu4',3),(116842,'去年','qu4nian2',3),(116843,'全','quan2',3),(116844,'全部','quan2bu4',3),(116845,'全体','quan2ti3',3),(116846,'确实','que4shi2',3),(116847,'然后','ran2hou4',3),(116848,'让','rang4',3),(116849,'热','re4',3),(116850,'热情','re4qing2',3),(116851,'人','ren2',3),(116852,'人们','ren2men',3),(116853,'人民','ren2min2',3),(116854,'任何','ren4he2',3),(116855,'认识','ren4shi5',3),(116856,'认为','ren4wei2',3),(116857,'认真','ren4zhen1',3),(116858,'日','ri4',3),(116859,'日语','ri4yu3',3),(116860,'日子','ri4zi5',3),(116861,'容易','rong2yi4',3),(116862,'肉','rou4',3),(116863,'三','san1',3),(116864,'散步','san4bu4',3),(116865,'山','shan1',3),(116866,'商店','shang1dian4',3),(116867,'上','shang4',3),(116868,'上边','shang4bian5',3),(116869,'上课','shang4ke4',3),(116870,'上来','shang4lai2',3),(116871,'上去','shang4qu4',3),(116872,'上午','shang4wu3',3),(116873,'上学','shang4xue2',3),(116874,'少','shao3',3),(116875,'社会','she4hui4',3),(116876,'身体','shen1ti3',3),(116877,'深','shen1',3),(116878,'什么','shen2me5',3),(116879,'声','sheng1',3),(116880,'声调','sheng1diao4',3),(116881,'声音','sheng1yin1',3),(116882,'生产','sheng1chan',3),(116883,'生词','sheng1ci2',3),(116884,'生活','sheng1huo2',3),(116885,'生日','sheng1ri4',3),(116886,'省','sheng3',3),(116887,'剩','sheng4',3),(116888,'胜利','sheng4li4',3),(116889,'师傅','shi1fu5',3),(116890,'十','shi2',3),(116891,'十分','shi2fen1',3),(116892,'时候','shi2hou4',3),(116893,'时间','shi2jian1',3),(116894,'食堂','shi2tang2',3),(116895,'实践','shi2jian4',3),(116896,'实现','shi2xian4',3),(116897,'使用','shi3yong',3),(116898,'世界','shi4jie4',3),(116899,'事','shi4',3),(116900,'事情','shi4qing5',3),(116901,'是','shi4',3),(116902,'市','shi4',3),(116903,'试','shi4',3),(116904,'收','shou1',3),(116905,'收拾','shou1shi5',3),(116906,'手','shou3',3),(116907,'手表','shou3biao3',3),(116908,'首都','shou3du1',3),(116909,'输','shu1',3),(116910,'舒服','shu1fu5',3),(116911,'书','shu1',3),(116912,'熟','shu2',3),(116913,'数','shu3',3),(116914,'树','shu4',3),(116915,'数学','shu4xue2',3),(116916,'双','shuang1',3),(116917,'谁','shei2',3),(116918,'水','shui3',3),(116919,'水果','shui3guo3',3),(116920,'水平','shui3ping2',3),(116921,'睡','shui4',3),(116922,'睡觉','shui4jiao4',3),(116923,'说','shuo1',3),(116924,'说明','shuo1ming2',3),(116925,'思想','si1xiang3',3),(116926,'死','si3',3),(116927,'四','si4',3),(116928,'送','song4',3),(116929,'酸','suan1',3),(116930,'宿舍','su4she4',3),(116931,'算','suan4',3),(116932,'虽然','sui1ran2',3),(116933,'岁','sui4',3),(116934,'所以','suo3yi3',3),(116935,'所有','suo3you3',3),(116936,'他','ta1',3),(116937,'他们','ta1men5',3),(116938,'它','ta1',3),(116939,'它们','tamen5',3),(116940,'她','ta1',3),(116941,'她们','ta1men5',3),(116942,'抬','tai2',3),(116943,'太','tai4',3),(116944,'太阳','tai4yang2',3),(116945,'态度','tai4du5',3),(116946,'谈','tan2',3),(116947,'汤','tang1',3),(116948,'糖','tang2',3),(116949,'躺','tang3',3),(116950,'讨论','tao3lun4',3),(116951,'特别','te4bie2',3),(116952,'疼','teng2',3),(116953,'踢','ti1',3),(116954,'提','ti2',3),(116955,'提高','ti2gao4',3),(116956,'体育','ti3yu4',3),(116957,'天','tian1',3),(116958,'天气','tian1qi4',3),(116959,'条','tiao2',3),(116960,'条件','tiao2jian4',3),(116961,'跳','tiao4',3),(116962,'跳舞','tiao4wu3',3),(116963,'听','ting1',3),(116964,'听见','ting1jian4',3),(116965,'听说','ting1shuo1',3),(116966,'听写','ting1xie3',3),(116967,'停','ting2',3),(116968,'挺','ting3',3),(116969,'通','tong1',3),(116970,'通过','tong1guo4',3),(116971,'通知','tong1zhi1',3),(116972,'同时','tong2shi2',3),(116973,'同学','tong2xxue2',3),(116974,'同意','tong2yi4',3),(116975,'同志','tong2zhi4',3),(116976,'痛快','tong4kuai5',3),(116977,'头','tou2',3),(116978,'突然','tu1ran2',3),(116979,'图书馆','tu2shu1guan3',3),(116980,'团结','tuan2jie2',3),(116981,'推','tui1',3),(116982,'腿','tui3',3),(116983,'退','tui4',3),(116984,'脱','tuo1',3),(116985,'袜子','wa4zi5',3),(116986,'外','wai4',3),(116987,'外边','wai4bian5',3),(116988,'外国','wai4guo2',3),(116989,'外语','wai4yu3',3),(116990,'完','wan2',3),(116991,'完成','wan2cheng2',3),(116992,'完全','wan2quan2',3),(116993,'玩儿','wan2er5',3),(116994,'碗','wan3',3),(116995,'晚','wan3',3),(116996,'晚饭','wan3fan4',3),(116997,'晚会','wan3hui4',3),(116998,'晚上','wan3shang5',3),(116999,'万','wan4',3),(117000,'往','wang3',3),(117001,'忘','wang4',3),(117002,'危险','wei1xian3',3),(117003,'为','wei2',3),(117004,'伟大','wei3da4',3),(117005,'喂','wei4',3),(117006,'为了','wei4le5',3),(117007,'为什么','wei4shen2me5',3),(117008,'文化','wen2hua4',3),(117009,'文学','wen2xue2',3),(117010,'文学家','wen2xue2jia1',3),(117011,'文艺','wen2yi4',3),(117012,'文章','wen2zhang1',3),(117013,'问','wen4',3),(117014,'问好','wen4hao3',3),(117015,'问题','wen4ti2',3),(117016,'我','wo3',3),(117017,'我们','wo3men5',3),(117018,'握手','wo4shou3',3),(117019,'屋子','wu1zi5',3),(117020,'五','wu3',3),(117021,'午饭','wu3fan4',3),(117022,'物理','wu4li3',3),(117023,'西','xi1',3),(117024,'西边','xi1bian5',3),(117025,'希望','xi1wang4',3),(117026,'习惯','xi2guan4',3),(117027,'喜欢','xi3huan5',3),(117028,'洗','xi3',3),(117029,'洗澡','xi3zao3',3),(117030,'系','xi4',3),(117031,'细','xi4',3),(117032,'下','xia4',3),(117033,'下边','xia4bian5',3),(117034,'下课','xia4ke4',3),(117035,'下来','xia4lai2',3),(117036,'下去','xia4qu4',3),(117037,'下午','xia4wu3',3),(117038,'夏','xia4',3),(117039,'夏天','xia4tian1',3),(117040,'先','xian1',3),(117041,'先生','xian1sheng5',3),(117042,'现代','xian4dai4',3),(117043,'现在','xian4zai4',3),(117044,'相信','xiang1xin4',3),(117045,'香','xiang1',3),(117046,'香蕉','xiang1jiao1',3),(117047,'想','xiang3',3),(117048,'响','xiang3',3),(117049,'像','xiang4',3),(117050,'向','xiang4',3),(117051,'消息','xiao1xi5',3),(117052,'小','xiao3',3),(117053,'小孩儿','xiao3hai2er5',3),(117054,'小姐','xiao3jie5',3),(117055,'小时','xiao3shi2',3),(117056,'笑','xiao4',3),(117057,'鞋','xie2',3),(117058,'写','xie3',3),(117059,'谢谢','xie4xie5',3),(117060,'辛苦','xin1ku3',3),(117061,'新','xin1',3),(117062,'新年','xin1nian2',3),(117063,'新闻','xin1wen2',3),(117064,'心','xin1',3),(117065,'信','xin4',3),(117066,'信封','xin4feng1',3),(117067,'星期','xinq1qi1',3),(117068,'星期日','xing1qi1ri4',3),(117069,'星期天','xing1qi1tian1',3),(117070,'行','xing2',3),(117071,'幸福','xing4fu2',3),(117072,'姓','xing4',3),(117073,'休息','xiu1xi5',3),(117074,'需要','xu1yao4',3),(117075,'许多','xu3duo1',3),(117076,'学','xue2',3),(117077,'学生','xue2sheng1',3),(117078,'学习','xue2xi2',3),(117079,'学校','xue2xiao4',3),(117080,'学院','xue2yuan4',3),(117081,'雪','xue3',3),(117082,'研究','yan2jiu1',3),(117083,'颜色','yan2se4',3),(117084,'眼睛','yan3jing5',3),(117085,'演出','yan3chu1',3),(117086,'宴会','yan4hui4',3),(117087,'羊','yang2',3),(117088,'样子','yang4zi5',3),(117089,'要求','yao1qiu2',3),(117090,'药','yao4',3),(117091,'要','yao4',3),(117092,'要是','yao4shi5',3),(117093,'也','ye3',3),(117094,'也许','ye3xu3',3),(117095,'页','ye4',3),(117096,'夜','ye4',3),(117097,'一','yi1',3),(117098,'一般','yi1ban1',3),(117099,'一点儿','yi1dian3er5',3),(117100,'一定','yi1ding4',3),(117101,'一共','yi1gong4',3),(117102,'一会儿','yi1hui4er5',3),(117103,'一块儿','yi1kuair4',3),(117104,'一起','yi1qi3',3),(117105,'一切','yi1qie4',3),(117106,'一下','yi1xia4',3),(117107,'一些','yi1xie1',3),(117108,'一样','yi1yang4',3),(117109,'一直','yi1zhi2',3),(117110,'医生','yi1sheng1',3),(117111,'医院','yi1yuan4',3),(117112,'衣服','yi1fu5',3),(117113,'椅子','yi3zi5',3),(117114,'已经','yi3jing1',3),(117115,'以后','yi3hou4',3),(117116,'以前','yi3qian1',3),(117117,'以为','yi3wei4',3),(117118,'艺术','yi4shu4',3),(117119,'亿','yi4',3),(117120,'意见','yi4jian4',3),(117121,'意思','yi4si5',3),(117122,'意义','yi4yi4',3),(117123,'因为','yin1wei4',3),(117124,'音乐','yin1yue4',3),(117125,'阴','yin1',3),(117126,'银行','yin2hang2',3),(117127,'英语','ying1yu3',3),(117128,'英文','ying1wen2',3),(117129,'应该','ying1gai1',3),(117130,'赢','ying2',3),(117131,'影响','ying3xiang3',3),(117132,'永远','yong3yuan3',3),(117133,'用','yong4',3),(117134,'尤其','you2qi2',3),(117135,'邮局','you2ju2',3),(117136,'邮票','you2piao4',3),(117137,'游泳','you2yong3',3),(117138,'有','you3',3),(117139,'有的','you3de5',3),(117140,'有名','you3ming2',3),(117141,'有时候','you3shi2hou4',3),(117142,'有些','you3xie1',3),(117143,'有意思','you3yi4si5',3),(117144,'友好','you3hao3',3),(117145,'友谊','you3yi4',3),(117146,'右','you4',3),(117147,'又','you4',3),(117148,'鱼','yu2',3),(117149,'愉快','yu2kuai4',3),(117150,'雨','yu3',3),(117151,'语法','yu3fa3',3),(117152,'语言','yu3yan2',3),(117153,'遇到','yu4dao4',3),(117154,'预习','yu4xi2',3),(117155,'元','yuan2',3),(117156,'原来','yuan2lai2',3),(117157,'原谅','yuan2liang4',3),(117158,'圆','yuan2',3),(117159,'远','yuan3',3),(117160,'愿意','yuan4yi4',3),(117161,'月','yue4',3),(117162,'月亮','yue4liang5',3),(117163,'月球','yue4qiu2',3),(117164,'云','yun2',3),(117165,'运动','yun4dong4',3),(117166,'再','zai4',3),(117167,'再见','zai4jian4',3),(117168,'在','zai4',3),(117169,'咱','zan2',3),(117170,'咱们','zan2men5',3),(117171,'脏','zang1',3),(117172,'早','zao3',3),(117173,'早上','zao3shang4',3),(117174,'早饭','zao3fan4',3),(117175,'怎么','zen3me5',3),(117176,'怎么样','zen3me5yang4',3),(117177,'怎样','zen3yang4',3),(117178,'增加','zeng1jia1',3),(117179,'展览','zhan3lan3',3),(117180,'占','zhan4',3),(117181,'站','zhan4',3),(117182,'张','zhang1',3),(117183,'长','zhang3',3),(117184,'掌握','zhang3wo4',3),(117185,'着急','zhao2ji2',3),(117186,'找','zhao3',3),(117187,'照顾','zhao4gu4',3),(117188,'照相','zhao4xiang4',3),(117189,'这','zhe4',3),(117190,'这个','zhe4ge5',3),(117191,'这里','zhe4li3',3),(117192,'这儿','zher4',3),(117193,'这么','zhe4me5',3),(117194,'这些','zhe4xie1',3),(117195,'这样','zhe4yang4',3),(117196,'着','zhe5',3),(117197,'真','zhen1',3),(117198,'真正','zhen1zheng4',3),(117199,'整齐','zheng3qi2',3),(117200,'正','zheng4',3),(117201,'正确','zheng4que4',3),(117202,'正在','zheng4zai4',3),(117203,'政府','zheng4fu3',3),(117204,'政治','zhng4zhi4',3),(117205,'只','zhi1',3),(117206,'支','zhi1',3),(117207,'知道','zhi1dao4',3),(117208,'知识','zhi1shi5',3),(117209,'之间','zhi1jian1',3),(117210,'指','zhi3',3),(117211,'只','zhi3',3),(117212,'只好','zhi3hao3',3),(117213,'纸','zhi3',3),(117214,'中','zhong1',3),(117215,'中间','zhong1jian1',3),(117216,'中文','zhong1wen2',3),(117217,'中午','zhong1wu3',3),(117218,'中学','zhong1xue2',3),(117219,'钟','zhong1',3),(117220,'钟头','zhong1tou2',3),(117221,'种','zhong3',3),(117222,'重','zhong4',3),(117223,'重要','zhong4yao4',3),(117224,'周','zhou1',3),(117225,'周围','zhou1wei2',3),(117226,'猪','zhu1',3),(117227,'主要','zhu3yao4',3),(117228,'主意','zhu3yi5',3),(117229,'住','zhu4',3),(117230,'注意','zhu4yi4',3),(117231,'祝','zhu4',3),(117232,'装','zhuang1',3),(117233,'准备','zhun3bei4',3),(117234,'桌子','zhuo2zi5',3),(117235,'自己','zi4ji3',3),(117236,'自行车','zi4xing2che1',3),(117237,'字','zi4',3),(117238,'总','zong3',3),(117239,'足球','zu2qiu2',3),(117240,'祖国','zu3guo2',3),(117241,'组织','zu3zhi1',3),(117242,'嘴','zui3',3),(117243,'最','zui4',3),(117244,'最初','zui4chu1',3),(117245,'最后','zui4hou4',3),(117246,'最近','zui4jin4',3),(117247,'昨天','zuo2tian1',3),(117248,'左','zuo3',3),(117249,'做','zuo4',3),(117250,'作','zuo4',3),(117251,'作业','zuo4ye4',3),(117252,'坐','zuo4',3),(117253,'座','zuo4',3),(117254,'你好！','Cześć!',3);
/*!40000 ALTER TABLE `chinesetool_wordzh` ENABLE KEYS */;
UNLOCK TABLES;

--
-- Table structure for table `chinesetool_wordzhexerciseactiondescription`
--

DROP TABLE IF EXISTS `chinesetool_wordzhexerciseactiondescription`;
/*!40101 SET @saved_cs_client     = @@character_set_client */;
/*!40101 SET character_set_client = utf8 */;
CREATE TABLE `chinesetool_wordzhexerciseactiondescription` (
  `abstractexerciseactiondescription_ptr_id` int(11) NOT NULL,
  `word_id` int(11) NOT NULL,
  PRIMARY KEY (`abstractexerciseactiondescription_ptr_id`),
  KEY `chinesetool_wordzhexerciseactiondescription_558fda87` (`word_id`),
  CONSTRAINT `abstractexerciseactiondescription_ptr_id_refs_id_60ac70dd` FOREIGN KEY (`abstractexerciseactiondescription_ptr_id`) REFERENCES `chinesetool_abstractexerciseactiondescription` (`id`),
  CONSTRAINT `word_id_refs_id_7493d9fe` FOREIGN KEY (`word_id`) REFERENCES `chinesetool_wordzh` (`id`)
) ENGINE=InnoDB DEFAULT CHARSET=utf8 COLLATE=utf8_bin;
/*!40101 SET character_set_client = @saved_cs_client */;

--
-- Dumping data for table `chinesetool_wordzhexerciseactiondescription`
--

LOCK TABLES `chinesetool_wordzhexerciseactiondescription` WRITE;
/*!40000 ALTER TABLE `chinesetool_wordzhexerciseactiondescription` DISABLE KEYS */;
INSERT INTO `chinesetool_wordzhexerciseactiondescription` VALUES (676,116258),(672,116259),(456,116261),(461,116262),(678,116262),(621,116263),(455,116266),(587,116267),(628,116269),(439,116271),(648,116275),(444,116282),(611,116285),(438,116293),(462,116296),(558,116301),(614,116303),(490,116307),(521,116313),(643,116315),(467,116318),(473,116319),(616,116320),(575,116324),(452,116332),(436,116333),(562,116334),(437,116339),(464,116342),(600,116347),(650,116354),(445,116356),(451,116361),(734,116361),(581,116368),(565,116370),(449,116371),(471,116371),(465,116373),(589,116373),(446,116374),(459,116376),(597,116376),(472,116378),(732,116378),(466,116380),(702,116380),(447,116384),(441,116385),(629,116395),(596,116396),(477,116398),(640,116399),(489,116401),(701,116403),(443,116404),(654,116404),(563,116405),(480,116414),(520,116415),(709,116415),(639,116421),(706,116421),(527,116426),(450,116428),(740,116431),(525,116433),(440,116437),(619,116441),(442,116443),(448,116445),(545,116447),(653,116448),(649,116454),(537,116463),(655,116464),(536,116470),(641,116471),(503,116479),(606,116482),(517,116493),(470,116502),(568,116504),(504,116506),(532,116511),(559,116522),(577,116524),(551,116526),(453,116527),(544,116533),(534,116535),(583,116538),(671,116544),(468,116546),(557,116551),(460,116561),(479,116568),(585,116569),(605,116569),(572,116578),(476,116595),(623,116595),(733,116599),(454,116602),(738,116611),(505,116613),(531,116622),(584,116622),(488,116626),(708,116632),(612,116635),(555,116641),(483,116642),(703,116643),(457,116646),(591,116647),(579,116651),(602,116651),(594,116653),(474,116662),(569,116673),(736,116674),(539,116675),(519,116689),(463,116691),(535,116693),(673,116698),(607,116701),(610,116702),(469,116707),(458,116715),(710,116715),(516,116718),(475,116730),(511,116731),(731,116734),(626,116744),(542,116747),(737,116749),(550,116758),(481,116760),(642,116770),(622,116775),(636,116779),(554,116782),(576,116794),(647,116795),(543,116800),(644,116814),(515,116815),(523,116830),(739,116832),(627,116836),(482,116842),(553,116852),(540,116855),(705,116867),(586,116868),(618,116880),(645,116898),(485,116902),(578,116905),(634,116910),(522,116917),(603,116920),(633,116922),(518,116936),(704,116936),(646,116940),(735,116952),(524,116962),(528,116968),(546,116972),(598,116982),(513,116984),(707,116984),(573,116986),(609,116994),(677,116999),(620,117004),(638,117013),(567,117014),(564,117024),(588,117028),(613,117033),(570,117042),(478,117043),(679,117051),(487,117055),(571,117061),(538,117062),(484,117069),(530,117071),(486,117079),(599,117080),(630,117080),(593,117089),(608,117089),(582,117096),(632,117096),(631,117108),(617,117109),(652,117110),(561,117113),(552,117116),(547,117119),(556,117120),(637,117121),(566,117124),(580,117127),(533,117131),(541,117151),(512,117152),(574,117163),(680,117164),(549,117165),(615,117167),(674,117174),(526,117188),(560,117198),(625,117200),(651,117205),(502,117206),(501,117209),(514,117210),(548,117220),(601,117222),(604,117229),(635,117232),(675,117237),(590,117239),(595,117239),(529,117245),(592,117250),(624,117252);
/*!40000 ALTER TABLE `chinesetool_wordzhexerciseactiondescription` ENABLE KEYS */;
UNLOCK TABLES;

--
-- Table structure for table `django_admin_log`
--

DROP TABLE IF EXISTS `django_admin_log`;
/*!40101 SET @saved_cs_client     = @@character_set_client */;
/*!40101 SET character_set_client = utf8 */;
CREATE TABLE `django_admin_log` (
  `id` int(11) NOT NULL AUTO_INCREMENT,
  `action_time` datetime NOT NULL,
  `user_id` int(11) NOT NULL,
  `content_type_id` int(11) DEFAULT NULL,
  `object_id` longtext COLLATE utf8_bin,
  `object_repr` varchar(200) COLLATE utf8_bin NOT NULL,
  `action_flag` smallint(5) unsigned NOT NULL,
  `change_message` longtext COLLATE utf8_bin NOT NULL,
  PRIMARY KEY (`id`),
  KEY `django_admin_log_6340c63c` (`user_id`),
  KEY `django_admin_log_37ef4eb4` (`content_type_id`),
  CONSTRAINT `content_type_id_refs_id_93d2d1f8` FOREIGN KEY (`content_type_id`) REFERENCES `django_content_type` (`id`),
  CONSTRAINT `user_id_refs_id_c0d12874` FOREIGN KEY (`user_id`) REFERENCES `auth_user` (`id`)
) ENGINE=InnoDB AUTO_INCREMENT=3415 DEFAULT CHARSET=utf8 COLLATE=utf8_bin;
/*!40101 SET character_set_client = @saved_cs_client */;

--
-- Dumping data for table `django_admin_log`
--

LOCK TABLES `django_admin_log` WRITE;
/*!40000 ALTER TABLE `django_admin_log` DISABLE KEYS */;
INSERT INTO `django_admin_log` VALUES (1,'2014-08-26 17:44:37',1,10,'34','A咖 -  ',3,''),(2,'2014-08-26 17:44:37',1,10,'33','A咖 - A',3,''),(3,'2014-08-26 17:44:37',1,10,'32','A咖 - Klasa ',3,''),(4,'2014-08-26 17:45:22',1,10,'37','A咖 -  ',3,''),(5,'2014-08-26 17:45:22',1,10,'36','A咖 - A',3,''),(6,'2014-08-26 17:45:22',1,10,'35','A咖 - Klasa ',3,''),(7,'2014-08-26 17:46:07',1,10,'7','A咖 - Klasa &quot;A&quot; ',3,''),(14,'2014-09-29 21:51:59',1,7,'1','0',1,''),(15,'2014-09-29 21:52:01',1,8,'116255','啊',1,''),(16,'2014-09-29 21:52:09',1,9,'135125','ach',1,''),(17,'2014-09-29 21:52:13',1,10,'200306','啊 - ach',1,''),(18,'2014-09-29 21:52:52',1,7,'2','0',1,''),(19,'2014-09-29 21:53:21',1,8,'116256','矮',1,''),(20,'2014-09-29 21:53:25',1,9,'135126','niski',1,''),(21,'2014-09-29 21:53:27',1,10,'200307','矮 - niski',1,''),(22,'2014-09-29 21:53:40',1,8,'116257','爱',1,''),(23,'2014-09-29 21:54:13',1,7,'1','0',3,''),(24,'2014-09-29 21:54:39',1,7,'2','0',3,''),(25,'2014-09-29 21:54:44',1,7,'3','0',1,''),(26,'2014-09-29 21:55:00',1,8,'116258','啊',1,''),(27,'2014-09-29 21:55:06',1,10,'200308','啊 - ach',1,''),(28,'2014-09-29 21:55:23',1,8,'116259','矮',1,''),(29,'2014-09-29 21:55:26',1,10,'200309','矮 - niski',1,''),(30,'2014-09-29 21:55:35',1,8,'116260','爱',1,''),(31,'2014-09-29 21:55:45',1,9,'135127','kochać',1,''),(32,'2014-09-29 21:55:46',1,10,'200310','爱 - kochać',1,''),(33,'2014-09-29 21:55:56',1,8,'116261','爱人',1,''),(34,'2014-09-29 21:56:04',1,9,'135128','mąż',1,''),(35,'2014-09-29 21:56:06',1,10,'200311','爱人 - mąż',1,''),(36,'2014-09-29 21:56:11',1,9,'135129','żona',1,''),(37,'2014-09-29 21:56:12',1,10,'200312','爱人 - żona',1,''),(38,'2014-09-29 21:56:19',1,9,'135130','kochanie',1,''),(39,'2014-09-29 21:56:20',1,10,'200313','爱人 - kochanie',1,''),(40,'2014-09-29 21:56:32',1,8,'116262','安静',1,''),(41,'2014-09-29 21:56:37',1,9,'135131','cichy',1,''),(42,'2014-09-29 21:56:38',1,10,'200314','安静 - cichy',1,''),(43,'2014-09-29 21:56:47',1,9,'135132','spokojny',1,''),(44,'2014-09-29 21:56:47',1,10,'200315','安静 - spokojny',1,''),(45,'2014-09-29 21:56:55',1,8,'116263','安排',1,''),(46,'2014-09-29 21:57:02',1,9,'135133','planować',1,''),(47,'2014-09-29 21:57:03',1,10,'200316','安排 - planować',1,''),(48,'2014-09-29 21:57:18',1,9,'135134','aranżować',1,''),(49,'2014-09-29 21:57:18',1,10,'200317','安排 - aranżować',1,''),(50,'2014-09-29 21:57:26',1,8,'116264','八',1,''),(51,'2014-09-29 21:57:30',1,9,'135135','osiem',1,''),(52,'2014-09-29 21:57:33',1,10,'200318','八 - osiem',1,''),(53,'2014-09-29 21:57:39',1,8,'116265','把',1,''),(54,'2014-09-29 21:57:57',1,9,'135136','grupa',1,''),(55,'2014-09-29 21:58:55',1,10,'200319','把 - grupa',1,''),(56,'2014-09-29 21:59:04',1,9,'135137','(słowo funkcyjne)',1,''),(57,'2014-09-29 21:59:04',1,10,'200320','把 - (słowo funkcyjne)',1,''),(58,'2014-09-29 21:59:25',1,8,'116266','爸爸',1,''),(59,'2014-09-29 21:59:42',1,9,'135138','tata',1,''),(60,'2014-09-29 21:59:43',1,10,'200321','爸爸 - tata',1,''),(61,'2014-09-29 21:59:48',1,9,'135139','ojciec',1,''),(62,'2014-09-29 21:59:49',1,10,'200322','爸爸 - ojciec',1,''),(63,'2014-09-29 22:00:08',1,8,'116267','吧',1,''),(64,'2014-09-29 22:00:19',1,9,'135140','(partykuła modalna na końcu zdania)',1,''),(65,'2014-09-29 22:00:22',1,10,'200323','吧 - (partykuła modalna na końcu zdania)',1,''),(66,'2014-09-29 22:00:36',1,8,'116268','白',1,''),(67,'2014-09-29 22:00:43',1,9,'135141','biały',1,''),(68,'2014-09-29 22:00:44',1,10,'200324','白 - biały',1,''),(69,'2014-09-29 22:00:49',1,9,'135142','pusty',1,''),(70,'2014-09-29 22:00:50',1,10,'200325','白 - pusty',1,''),(71,'2014-09-29 22:00:59',1,8,'116269','百',1,''),(72,'2014-09-29 22:01:04',1,9,'135143','sto',1,''),(73,'2014-09-29 22:01:05',1,10,'200326','百 - sto',1,''),(74,'2014-09-29 22:01:14',1,8,'116270','摆',1,''),(75,'2014-09-29 22:01:23',1,9,'135144','położyć',1,''),(76,'2014-09-29 22:01:48',1,10,'200327','摆 - położyć',1,''),(77,'2014-09-29 22:01:55',1,9,'135145','kołysać',1,''),(78,'2014-09-29 22:02:04',1,10,'200328','摆 - kołysać',1,''),(79,'2014-09-29 22:02:11',1,8,'116271','班',1,''),(80,'2014-09-29 22:02:17',1,9,'135146','klasa',1,''),(81,'2014-09-29 22:02:18',1,10,'200329','班 - klasa',1,''),(82,'2014-09-29 22:02:25',1,9,'135147','zespół',1,''),(83,'2014-09-29 22:02:26',1,10,'200330','班 - zespół',1,''),(84,'2014-09-29 22:02:39',1,8,'116272','搬',1,''),(85,'2014-09-29 22:02:48',1,9,'135148','przenosić',1,''),(86,'2014-09-29 22:02:49',1,10,'200331','搬 - przenosić',1,''),(87,'2014-09-29 22:02:55',1,9,'135149','nieść',1,''),(88,'2014-09-29 22:02:55',1,10,'200332','搬 - nieść',1,''),(89,'2014-09-29 22:03:04',1,8,'116273','半',1,''),(90,'2014-09-29 22:03:08',1,9,'135150','pół',1,''),(91,'2014-09-29 22:03:09',1,10,'200333','半 - pół',1,''),(92,'2014-09-29 22:03:17',1,8,'116274','半天',1,''),(93,'2014-09-29 22:03:21',1,9,'135151','pół dnia',1,''),(94,'2014-09-29 22:03:22',1,10,'200334','半天 - pół dnia',1,''),(95,'2014-09-29 22:03:28',1,9,'135152','długi czas',1,''),(96,'2014-09-29 22:03:29',1,10,'200335','半天 - długi czas',1,''),(97,'2014-09-29 22:03:38',1,8,'116275','办',1,''),(98,'2014-09-29 22:03:42',1,9,'135153','robić',1,''),(99,'2014-09-29 22:03:43',1,10,'200336','办 - robić',1,''),(100,'2014-09-29 22:03:53',1,9,'135154','zajmować się',1,''),(101,'2014-09-29 22:03:54',1,10,'200337','办 - zajmować się',1,''),(102,'2014-09-29 22:04:02',1,8,'116276','办法',1,''),(103,'2014-09-29 22:04:09',1,9,'135155','sposób',1,''),(104,'2014-09-29 22:04:12',1,10,'200338','办法 - sposób',1,''),(105,'2014-09-29 22:04:19',1,9,'135156','środek',1,''),(106,'2014-09-29 22:04:19',1,10,'200339','办法 - środek',1,''),(107,'2014-09-29 22:04:32',1,8,'116277','办公室',1,''),(108,'2014-09-29 22:04:38',1,9,'135157','biuro',1,''),(109,'2014-09-29 22:04:39',1,10,'200340','办公室 - biuro',1,''),(110,'2014-09-29 22:04:49',1,8,'116278','帮助',1,''),(111,'2014-09-29 22:04:58',1,9,'135158','pomóc',1,''),(112,'2014-09-29 22:04:59',1,10,'200341','帮助 - pomóc',1,''),(113,'2014-09-29 22:05:11',1,8,'116279','饱',1,''),(114,'2014-09-29 22:05:24',1,9,'135159','syty',1,''),(115,'2014-09-29 22:05:25',1,10,'200342','饱 - syty',1,''),(116,'2014-09-29 22:05:35',1,8,'116280','抱',1,''),(117,'2014-09-29 22:05:39',1,9,'135160','przytulić',1,''),(118,'2014-09-29 22:05:40',1,10,'200343','抱 - przytulić',1,''),(119,'2014-09-29 22:05:47',1,9,'135161','objąć',1,''),(120,'2014-09-29 22:05:48',1,10,'200344','抱 - objąć',1,''),(121,'2014-09-29 22:05:57',1,8,'116281','报',1,''),(122,'2014-09-29 22:06:04',1,9,'135162','gazeta',1,''),(123,'2014-09-29 22:06:05',1,10,'200345','报 - gazeta',1,''),(124,'2014-09-29 22:06:15',1,8,'116282','杯',1,''),(125,'2014-09-29 22:06:20',1,9,'135163','szklanka',1,''),(126,'2014-09-29 22:06:21',1,10,'200346','杯 - szklanka',1,''),(127,'2014-09-29 22:06:26',1,9,'135164','kubek',1,''),(128,'2014-09-29 22:06:26',1,10,'200347','杯 - kubek',1,''),(129,'2014-09-29 22:06:36',1,8,'116283','杯子',1,''),(130,'2014-09-29 22:06:46',1,10,'200348','杯子 - szklanka',1,''),(131,'2014-09-29 22:06:51',1,10,'200349','杯子 - kubek',1,''),(132,'2014-09-29 22:06:59',1,8,'116284','北',1,''),(133,'2014-09-29 22:07:04',1,9,'135165','północ',1,''),(134,'2014-09-29 22:07:04',1,10,'200350','北 - północ',1,''),(135,'2014-09-29 22:07:13',1,8,'116285','北边',1,''),(136,'2014-09-29 22:07:18',1,10,'200351','北边 - północ',1,''),(137,'2014-09-29 22:07:35',1,9,'135166','północna strona',1,''),(138,'2014-09-29 22:07:36',1,10,'200352','北边 - północna strona',1,''),(139,'2014-09-29 22:07:47',1,8,'116286','倍',1,''),(140,'2014-09-29 22:07:51',1,9,'135167','razy',1,''),(141,'2014-09-29 22:07:52',1,10,'200353','倍 - razy',1,''),(142,'2014-09-29 22:07:58',1,9,'135168','-krotnie',1,''),(143,'2014-09-29 22:07:59',1,10,'200354','倍 - -krotnie',1,''),(144,'2014-09-29 22:08:08',1,8,'116287','被',1,''),(145,'2014-09-29 22:08:13',1,9,'135169','przez',1,''),(146,'2014-09-29 22:08:14',1,10,'200355','被 - przez',1,''),(147,'2014-09-29 22:08:22',1,8,'116288','本',1,''),(148,'2014-09-29 22:08:27',1,9,'135170','książka',1,''),(149,'2014-09-29 22:08:29',1,10,'200356','本 - książka',1,''),(150,'2014-09-29 22:08:36',1,9,'135171','korzeń',1,''),(151,'2014-09-29 22:08:37',1,10,'200357','本 - korzeń',1,''),(152,'2014-09-29 22:08:56',1,9,'135172','kapitał',1,''),(153,'2014-09-29 22:08:57',1,10,'200358','本 - kapitał',1,''),(154,'2014-09-29 22:09:05',1,8,'116289','本子',1,''),(155,'2014-09-29 22:09:12',1,9,'135173','zeszyt',1,''),(156,'2014-09-29 22:09:13',1,10,'200359','本子 - zeszyt',1,''),(157,'2014-09-29 22:09:18',1,10,'200360','本子 - książka',1,''),(158,'2014-09-29 22:09:27',1,8,'116290','比',1,''),(159,'2014-09-29 22:09:35',1,9,'135174','porównać',1,''),(160,'2014-09-29 22:09:35',1,10,'200361','比 - porównać',1,''),(161,'2014-09-29 22:09:40',1,9,'135175','niż',1,''),(162,'2014-09-29 22:09:41',1,10,'200362','本子 - niż',1,''),(163,'2014-09-29 22:09:48',1,8,'116291','比较',1,''),(164,'2014-09-29 22:10:00',1,9,'135176','relatywnie',1,''),(165,'2014-09-29 22:10:01',1,10,'200363','比较 - relatywnie',1,''),(166,'2014-09-29 22:10:15',1,8,'116292','比赛',1,''),(167,'2014-09-29 22:10:18',1,9,'135177','mecz',1,''),(168,'2014-09-29 22:10:20',1,10,'200364','比赛 - mecz',1,''),(169,'2014-09-29 22:10:27',1,9,'135178','zawody',1,''),(170,'2014-09-29 22:10:28',1,10,'200365','比赛 - zawody',1,''),(171,'2014-09-29 22:10:33',1,9,'135179','gra',1,''),(172,'2014-09-29 22:10:34',1,10,'200366','比赛 - gra',1,''),(173,'2014-09-29 22:10:46',1,8,'116293','笔',1,''),(174,'2014-09-29 22:10:55',1,9,'135180','długopis',1,''),(175,'2014-09-29 22:10:57',1,10,'200367','笔 - długopis',1,''),(176,'2014-09-29 22:11:02',1,9,'135181','ołówek',1,''),(177,'2014-09-29 22:11:03',1,10,'200368','笔 - ołówek',1,''),(178,'2014-09-29 22:11:12',1,8,'116294','必须',1,''),(179,'2014-09-29 22:11:18',1,9,'135182','musieć',1,''),(180,'2014-09-29 22:11:18',1,10,'200369','必须 - musieć',1,''),(181,'2014-09-29 22:11:25',1,8,'116295','边',1,''),(182,'2014-09-29 22:11:28',1,9,'135183','strona',1,''),(183,'2014-09-29 22:11:29',1,10,'200370','边 - strona',1,''),(184,'2014-09-29 22:11:40',1,8,'116296','变',1,''),(185,'2014-09-29 22:11:44',1,9,'135184','zmienić się',1,''),(186,'2014-09-29 22:11:45',1,10,'200371','变 - zmienić się',1,''),(187,'2014-09-29 22:11:53',1,9,'135185','stać się',1,''),(188,'2014-09-29 22:11:54',1,10,'200372','变 - stać się',1,''),(189,'2014-09-29 22:12:10',1,8,'116297','变成',1,''),(190,'2014-09-29 22:12:17',1,9,'135186','zmienić się w',1,''),(191,'2014-09-29 22:12:18',1,10,'200373','变成 - zmienić się w',1,''),(192,'2014-09-29 22:12:33',1,8,'116298','变化',1,''),(193,'2014-09-29 22:12:39',1,9,'135187','zmienić',1,''),(194,'2014-09-29 22:12:40',1,10,'200374','变化 - zmienić',1,''),(195,'2014-09-29 22:12:52',1,8,'116299','遍',1,''),(196,'2014-09-29 22:12:58',1,9,'135188','raz',1,''),(197,'2014-09-29 22:12:59',1,10,'200375','遍 - raz',1,''),(198,'2014-09-29 22:13:12',1,8,'116300','表',1,''),(199,'2014-09-29 22:13:16',1,9,'135189','zegarek',1,''),(200,'2014-09-29 22:13:17',1,10,'200376','表 - zegarek',1,''),(201,'2014-09-29 22:13:24',1,9,'135190','tablica',1,''),(202,'2014-09-29 22:13:25',1,10,'200377','表 - tablica',1,''),(203,'2014-09-29 22:13:35',1,8,'116301','表示',1,''),(204,'2014-09-29 22:13:39',1,9,'135191','pokazać',1,''),(205,'2014-09-29 22:13:40',1,10,'200378','表示 - pokazać',1,''),(206,'2014-09-29 22:13:52',1,8,'116302','表现',1,''),(207,'2014-09-29 22:14:03',1,9,'135192','wyświetlić',1,''),(208,'2014-09-29 22:14:04',1,10,'200379','表现 - wyświetlić',1,''),(209,'2014-09-29 22:14:14',1,10,'200380','表现 - pokazać',1,''),(210,'2014-09-29 22:14:25',1,8,'116303','表演',1,''),(211,'2014-09-29 22:14:44',1,9,'135193','grać',1,''),(212,'2014-09-29 22:14:46',1,10,'200381','表演 - grać',1,''),(213,'2014-09-29 22:14:52',1,8,'116304','表扬',1,''),(214,'2014-09-29 22:14:58',1,9,'135194','chwalić',1,''),(215,'2014-09-29 22:14:59',1,10,'200382','表扬 - chwalić',1,''),(216,'2014-09-29 22:15:06',1,8,'116305','别',1,''),(217,'2014-09-29 22:15:12',1,9,'135195','nie',1,''),(218,'2014-09-29 22:15:14',1,10,'200383','别 - nie',1,''),(219,'2014-09-29 22:15:25',1,9,'135196','(zakaz)',1,''),(220,'2014-09-29 22:15:26',1,10,'200384','别 - (zakaz)',1,''),(221,'2014-09-29 22:15:34',1,8,'116306','别的',1,''),(222,'2014-09-29 22:15:38',1,9,'135197','inny',1,''),(223,'2014-09-29 22:15:39',1,10,'200385','别的 - inny',1,''),(224,'2014-09-29 22:15:47',1,8,'116307','别人',1,''),(225,'2014-09-29 22:15:52',1,9,'135198','inni',1,''),(226,'2014-09-29 22:15:53',1,10,'200386','别人 - inni',1,''),(227,'2014-09-29 22:16:02',1,8,'116308','病',1,''),(228,'2014-09-29 22:16:11',1,9,'135199','choroba',1,''),(229,'2014-09-29 22:16:28',1,8,'116308','病',2,'Zmieniono pinyin'),(230,'2014-09-29 22:16:41',1,10,'200387','病 - choroba',1,''),(231,'2014-09-29 22:16:49',1,8,'116309','不',1,''),(232,'2014-09-29 22:16:55',1,10,'200388','不 - nie',1,''),(233,'2014-09-29 22:17:05',1,8,'116310','不错',1,''),(234,'2014-09-29 22:17:09',1,9,'135200','nieźle',1,''),(235,'2014-09-29 22:17:11',1,10,'200389','不错 - nieźle',1,''),(236,'2014-09-29 22:17:24',1,9,'135201','całkiem dobrze',1,''),(237,'2014-09-29 22:17:25',1,10,'200390','不错 - całkiem dobrze',1,''),(238,'2014-09-29 22:17:33',1,9,'135202','poprawnie',1,''),(239,'2014-09-29 22:17:34',1,10,'200391','不错 - poprawnie',1,''),(240,'2014-09-29 22:17:43',1,8,'116311','不但',1,''),(241,'2014-09-29 22:17:46',1,9,'135203','nie tylko',1,''),(242,'2014-09-29 22:17:48',1,10,'200392','不但 - nie tylko',1,''),(243,'2014-09-29 22:17:53',1,8,'116312','不久',1,''),(244,'2014-09-29 22:17:59',1,9,'135204','wkrótce',1,''),(245,'2014-09-29 22:18:00',1,10,'200393','不久 - wkrótce',1,''),(246,'2014-09-29 22:18:08',1,9,'135205','niedługo',1,''),(247,'2014-09-29 22:18:08',1,10,'200394','不久 - niedługo',1,''),(248,'2014-09-29 22:18:18',1,8,'116313','不如',1,''),(249,'2014-09-29 22:18:24',1,9,'135206','nie tak dobry jak',1,''),(250,'2014-09-29 22:18:26',1,10,'200395','不如 - nie tak dobry jak',1,''),(251,'2014-09-29 22:18:33',1,9,'135207','lepiej',1,''),(252,'2014-09-29 22:18:34',1,10,'200396','不如 - lepiej',1,''),(253,'2014-09-29 22:18:40',1,8,'116314','不同',1,''),(254,'2014-09-29 22:18:51',1,10,'200397','不同 - inny',1,''),(255,'2014-09-29 22:18:58',1,8,'116315','不要',1,''),(256,'2014-09-29 22:19:09',1,9,'135208','nie chcieć',1,''),(257,'2014-09-29 22:19:10',1,10,'200398','不要 - nie chcieć',1,''),(258,'2014-09-29 22:19:15',1,10,'200399','不要 - nie',1,''),(259,'2014-09-29 22:19:22',1,8,'116316','不用',1,''),(260,'2014-09-29 22:19:28',1,9,'135209','nie potrzebować',1,''),(261,'2014-09-29 22:19:29',1,10,'200400','不用 - nie potrzebować',1,''),(262,'2014-09-29 22:19:38',1,8,'116317','布',1,''),(263,'2014-09-29 22:19:50',1,9,'135210','tkanina',1,''),(264,'2014-09-29 22:19:51',1,10,'200401','布 - tkanina',1,''),(265,'2014-09-29 22:20:03',1,8,'116318','部分',1,''),(266,'2014-09-29 22:20:07',1,9,'135211','część',1,''),(267,'2014-09-29 22:20:07',1,10,'200402','部分 - część',1,''),(268,'2014-09-29 22:20:20',1,9,'135212','sekcja',1,''),(269,'2014-09-29 22:20:21',1,10,'200403','部分 - sekcja',1,''),(270,'2014-09-29 22:20:31',1,8,'116319','擦',1,''),(271,'2014-09-29 22:20:34',1,9,'135213','wytrzeć',1,''),(272,'2014-09-29 22:20:35',1,10,'200404','擦 - wytrzeć',1,''),(273,'2014-09-29 22:20:56',1,9,'135214','trzeć',1,''),(274,'2014-09-29 22:20:57',1,10,'200405','擦 - trzeć',1,''),(275,'2014-09-29 22:21:06',1,8,'116320','才',1,''),(276,'2014-09-29 22:21:10',1,9,'135215','dopiero',1,''),(277,'2014-09-29 22:21:11',1,10,'200406','才 - dopiero',1,''),(278,'2014-09-29 22:21:20',1,8,'116321','菜',1,''),(279,'2014-09-29 22:21:24',1,9,'135216','danie',1,''),(280,'2014-09-29 22:21:25',1,10,'200407','菜 - danie',1,''),(281,'2014-09-29 22:21:36',1,9,'135217','warzywo',1,''),(282,'2014-09-29 22:21:37',1,10,'200408','菜 - warzywo',1,''),(283,'2014-09-29 22:21:43',1,9,'135218','jarzyna',1,''),(284,'2014-09-29 22:21:43',1,10,'200409','菜 - jarzyna',1,''),(285,'2014-09-29 22:21:52',1,8,'116322','参观',1,''),(286,'2014-09-29 22:22:03',1,9,'135219','odwiedzać',1,''),(287,'2014-09-29 22:22:04',1,10,'200410','参观 - odwiedzać',1,''),(288,'2014-09-29 22:22:13',1,9,'135220','rozglądać się',1,''),(289,'2014-09-29 22:22:14',1,10,'200411','参观 - rozglądać się',1,''),(290,'2014-09-29 22:22:22',1,8,'116323','参加',1,''),(291,'2014-09-29 22:22:26',1,9,'135221','brać udział',1,''),(292,'2014-09-29 22:22:28',1,10,'200412','参加 - brać udział',1,''),(293,'2014-09-29 22:22:36',1,8,'116324','操场',1,''),(294,'2014-09-29 22:22:42',1,9,'135222','plac zabaw',1,''),(295,'2014-09-29 22:22:43',1,10,'200413','操场 - plac zabaw',1,''),(296,'2014-09-29 22:22:50',1,9,'135223','boisko',1,''),(297,'2014-09-29 22:22:51',1,10,'200414','操场 - boisko',1,''),(298,'2014-09-29 22:22:59',1,8,'116325','草',1,''),(299,'2014-09-29 22:23:02',1,9,'135224','trawa',1,''),(300,'2014-09-29 22:23:03',1,10,'200415','草 - trawa',1,''),(301,'2014-09-29 22:23:09',1,8,'116326','层',1,''),(302,'2014-09-29 22:23:12',1,9,'135225','piętro',1,''),(303,'2014-09-29 22:23:13',1,10,'200416','层 - piętro',1,''),(304,'2014-09-29 22:23:21',1,8,'116327','茶',1,''),(305,'2014-09-29 22:23:25',1,9,'135226','herbata',1,''),(306,'2014-09-29 22:23:25',1,10,'200417','茶 - herbata',1,''),(307,'2014-09-29 22:23:32',1,8,'116328','查',1,''),(308,'2014-09-29 22:23:39',1,9,'135227','sprawdzić',1,''),(309,'2014-09-29 22:23:39',1,10,'200418','查 - sprawdzić',1,''),(310,'2014-09-29 22:23:46',1,8,'116329','差',1,''),(311,'2014-09-29 22:23:53',1,9,'135228','brakować',1,''),(312,'2014-09-29 22:23:54',1,10,'200419','差 - brakować',1,''),(313,'2014-09-29 22:24:02',1,9,'135229','różnić się',1,''),(314,'2014-09-29 22:24:03',1,10,'200420','差 - różnić się',1,''),(315,'2014-09-29 22:24:11',1,8,'116330','常',1,''),(316,'2014-09-29 22:24:14',1,9,'135230','często',1,''),(317,'2014-09-29 22:24:15',1,10,'200421','常 - często',1,''),(318,'2014-09-29 22:24:22',1,8,'116331','常常',1,''),(319,'2014-09-29 22:24:25',1,10,'200422','常常 - często',1,''),(320,'2014-09-29 22:24:31',1,8,'116332','长',1,''),(321,'2014-09-29 22:24:36',1,9,'135231','długi',1,''),(322,'2014-09-29 22:24:37',1,10,'200423','长 - długi',1,''),(323,'2014-09-29 22:24:44',1,8,'116333','场',1,''),(324,'2014-09-29 22:24:50',1,9,'135232','scena',1,''),(325,'2014-09-29 22:24:50',1,10,'200424','场 - scena',1,''),(326,'2014-09-29 22:24:56',1,9,'135233','plac',1,''),(327,'2014-09-29 22:24:56',1,10,'200425','场 - plac',1,''),(328,'2014-09-29 22:25:02',1,8,'116334','唱',1,''),(329,'2014-09-29 22:25:08',1,9,'135234','śpiewać',1,''),(330,'2014-09-29 22:25:08',1,10,'200426','唱 - śpiewać',1,''),(331,'2014-09-29 22:25:17',1,8,'116335','朝',1,''),(332,'2014-09-29 22:25:21',1,9,'135235','w kierunku',1,''),(333,'2014-09-29 22:25:21',1,10,'200427','朝 - w kierunku',1,''),(334,'2014-09-29 22:25:29',1,8,'116336','车',1,''),(335,'2014-09-29 22:25:33',1,9,'135236','samochód',1,''),(336,'2014-09-29 22:25:34',1,10,'200428','车 - samochód',1,''),(337,'2014-09-29 22:25:41',1,9,'135237','auto',1,''),(338,'2014-09-29 22:25:42',1,10,'200429','车 - auto',1,''),(339,'2014-09-29 22:25:51',1,8,'116337','车站',1,''),(340,'2014-09-29 22:25:56',1,9,'135238','stacja',1,''),(341,'2014-09-29 22:25:56',1,10,'200430','车站 - stacja',1,''),(342,'2014-09-29 22:26:03',1,9,'135239','przystanek',1,''),(343,'2014-09-29 22:26:04',1,10,'200431','车站 - przystanek',1,''),(344,'2014-09-29 22:26:12',1,8,'116338','城',1,''),(345,'2014-09-29 22:26:16',1,9,'135240','miasto',1,''),(346,'2014-09-29 22:26:16',1,10,'200432','城 - miasto',1,''),(347,'2014-09-29 22:26:25',1,8,'116339','城市',1,''),(348,'2014-09-29 22:26:30',1,10,'200433','城市 - miasto',1,''),(349,'2014-09-29 22:26:41',1,8,'116340','成',1,''),(350,'2014-09-29 22:26:49',1,9,'135241','ukończyć',1,''),(351,'2014-09-29 22:26:50',1,10,'200434','成 - ukończyć',1,''),(352,'2014-09-29 22:26:59',1,10,'200435','成 - stać się',1,''),(353,'2014-09-29 22:27:05',1,8,'116341','成绩',1,''),(354,'2014-09-29 22:27:10',1,9,'135242','sukces',1,''),(355,'2014-09-29 22:27:10',1,10,'200436','成绩 - sukces',1,''),(356,'2014-09-29 22:27:19',1,9,'135243','osiągnięcie',1,''),(357,'2014-09-29 22:27:20',1,10,'200437','成绩 - osiągnięcie',1,''),(358,'2014-09-29 22:27:30',1,8,'116342','吃',1,''),(359,'2014-09-29 22:27:35',1,9,'135244','jeść',1,''),(360,'2014-09-29 22:27:36',1,10,'200438','吃 - jeść',1,''),(361,'2014-09-29 22:27:56',1,8,'116343','迟到',1,''),(362,'2014-09-29 22:28:07',1,9,'135245','spóżnić się',1,''),(363,'2014-09-29 22:28:08',1,10,'200439','迟到 - spóżnić się',1,''),(364,'2014-09-29 22:28:14',1,8,'116344','抽',1,''),(365,'2014-09-29 22:28:18',1,9,'135246','wyjąć',1,''),(366,'2014-09-29 22:28:20',1,10,'200440','抽 - wyjąć',1,''),(367,'2014-09-29 22:28:31',1,9,'135247','wdychać',1,''),(368,'2014-09-29 22:28:32',1,10,'200441','抽 - wdychać',1,''),(369,'2014-09-29 22:28:42',1,8,'116345','出',1,''),(370,'2014-09-29 22:28:53',1,10,'200442','出 - wyjąć',1,''),(371,'2014-09-29 22:29:02',1,8,'116346','出发',1,''),(372,'2014-09-29 22:29:31',1,9,'135248','wyruszyć',1,''),(373,'2014-09-29 22:29:35',1,10,'200443','出发 - wyruszyć',1,''),(374,'2014-09-29 22:29:44',1,8,'116347','出来',1,''),(375,'2014-09-29 22:29:53',1,9,'135249','wyjść',1,''),(376,'2014-09-29 22:29:54',1,10,'200444','出来 - wyjść',1,''),(377,'2014-09-29 22:30:07',1,8,'116348','出去',1,''),(378,'2014-09-29 22:30:12',1,10,'200445','出去 - wyjść',1,''),(379,'2014-09-29 22:30:28',1,8,'116347','出来',2,'Zmieniono pinyin'),(380,'2014-09-29 22:30:42',1,8,'116297','变成',2,'Zmieniono pinyin'),(381,'2014-09-29 22:30:57',1,8,'116349','出现',1,''),(382,'2014-09-29 22:31:04',1,9,'135250','pojawić się',1,''),(383,'2014-09-29 22:31:05',1,10,'200446','出现 - pojawić się',1,''),(384,'2014-09-29 22:31:15',1,8,'116350','出租汽车',1,''),(385,'2014-09-29 22:31:19',1,9,'135251','taksówka',1,''),(386,'2014-09-29 22:31:20',1,10,'200447','出租汽车 - taksówka',1,''),(387,'2014-09-29 22:31:35',1,7,'4','0',1,''),(388,'2014-09-29 22:31:38',1,8,'116351','除了…以外',1,''),(389,'2014-09-29 22:31:57',1,8,'116351','除了…以外',3,''),(390,'2014-09-29 22:32:21',1,7,'4','0',3,''),(391,'2014-09-29 22:32:31',1,8,'116352','穿',1,''),(392,'2014-09-29 22:32:38',1,9,'135252','przebić',1,''),(393,'2014-09-29 22:32:40',1,10,'200448','穿 - przebić',1,''),(394,'2014-09-29 22:32:51',1,9,'135253','ubrać',1,''),(395,'2014-09-29 22:32:52',1,10,'200449','穿 - ubrać',1,''),(396,'2014-09-29 22:33:02',1,9,'135254','przejść przez',1,''),(397,'2014-09-29 22:33:04',1,10,'200450','穿 - przejść przez',1,''),(398,'2014-09-29 22:33:09',1,8,'116353','船',1,''),(399,'2014-09-29 22:33:13',1,9,'135255','łódź',1,''),(400,'2014-09-29 22:33:13',1,10,'200451','船 - łódź',1,''),(401,'2014-09-29 22:33:19',1,8,'116354','窗',1,''),(402,'2014-09-29 22:33:24',1,9,'135256','okno',1,''),(403,'2014-09-29 22:33:24',1,10,'200452','窗 - okno',1,''),(404,'2014-09-29 22:33:36',1,8,'116355','窗户',1,''),(405,'2014-09-29 22:33:49',1,10,'200453','窗户 - okno',1,''),(406,'2014-09-29 22:33:56',1,8,'116356','床',1,''),(407,'2014-09-29 22:34:00',1,9,'135257','łóżko',1,''),(408,'2014-09-29 22:34:01',1,10,'200454','床 - łóżko',1,''),(409,'2014-09-29 22:34:08',1,8,'116357','吹',1,''),(410,'2014-09-29 22:34:15',1,9,'135258','dmuchać',1,''),(411,'2014-09-29 22:34:15',1,10,'200455','吹 - dmuchać',1,''),(412,'2014-09-29 22:34:53',1,8,'116358','春',1,''),(413,'2014-09-29 22:34:57',1,9,'135259','wiosna',1,''),(414,'2014-09-29 22:34:58',1,10,'200456','春 - wiosna',1,''),(415,'2014-09-29 22:35:06',1,8,'116359','春天',1,''),(416,'2014-09-29 22:35:13',1,10,'200457','春天 - wiosna',1,''),(417,'2014-09-29 22:35:21',1,8,'116360','磁带',1,''),(418,'2014-09-29 22:35:35',1,9,'135260','taśma magnetyczna',1,''),(419,'2014-09-29 22:35:37',1,10,'200458','磁带 - taśma magnetyczna',1,''),(420,'2014-09-29 22:35:43',1,8,'116361','词',1,''),(421,'2014-09-29 22:35:47',1,9,'135261','słowo',1,''),(422,'2014-09-29 22:35:48',1,10,'200459','词 - słowo',1,''),(423,'2014-09-29 22:35:54',1,9,'135262','wyrażenie',1,''),(424,'2014-09-29 22:35:55',1,10,'200460','词 - wyrażenie',1,''),(425,'2014-09-29 22:36:01',1,8,'116362','词典',1,''),(426,'2014-09-29 22:36:04',1,9,'135263','słownik',1,''),(427,'2014-09-29 22:36:05',1,10,'200461','词典 - słownik',1,''),(428,'2014-09-29 22:36:11',1,8,'116363','次',1,''),(429,'2014-09-29 22:36:18',1,10,'200462','次 - raz',1,''),(430,'2014-09-29 22:36:26',1,8,'116364','从',1,''),(431,'2014-09-29 22:36:28',1,9,'135264','z',1,''),(432,'2014-09-29 22:36:29',1,10,'200463','从 - z',1,''),(433,'2014-09-29 22:36:35',1,9,'135265','od',1,''),(434,'2014-09-29 22:36:36',1,10,'200464','从 - od',1,''),(435,'2014-09-29 22:36:46',1,8,'116365','从前',1,''),(436,'2014-09-29 22:36:52',1,9,'135266','przedtem',1,''),(437,'2014-09-29 22:36:52',1,10,'200465','从前 - przedtem',1,''),(438,'2014-09-29 22:36:59',1,9,'135267','w przeszłości',1,''),(439,'2014-09-29 22:37:00',1,10,'200466','从前 - w przeszłości',1,''),(440,'2014-09-29 22:37:14',1,8,'116366','错',1,''),(441,'2014-09-29 22:37:22',1,9,'135268','pomyłka',1,''),(442,'2014-09-29 22:37:23',1,10,'200467','错 - pomyłka',1,''),(443,'2014-09-29 22:37:31',1,9,'135269','błąd',1,''),(444,'2014-09-29 22:37:32',1,10,'200468','错 - błąd',1,''),(445,'2014-09-29 22:37:39',1,8,'116367','错误',1,''),(446,'2014-09-29 22:37:46',1,10,'200469','错误 - pomyłka',1,''),(447,'2014-09-29 22:37:52',1,10,'200470','错误 - błąd',1,''),(448,'2014-09-29 22:37:59',1,8,'116368','打',1,''),(449,'2014-09-29 22:38:05',1,9,'135270','bić',1,''),(450,'2014-09-29 22:38:06',1,10,'200471','打 - bić',1,''),(451,'2014-09-29 22:38:13',1,9,'135271','uderzyć',1,''),(452,'2014-09-29 22:38:14',1,10,'200472','打 - uderzyć',1,''),(453,'2014-09-29 22:38:27',1,10,'200473','打 - grać',1,''),(454,'2014-09-29 22:38:33',1,8,'116369','打算',1,''),(455,'2014-09-29 22:38:45',1,9,'135272','zamierzać',1,''),(456,'2014-09-29 22:38:46',1,10,'200474','打算 - zamierzać',1,''),(457,'2014-09-29 22:39:02',1,10,'200475','打算 - planować',1,''),(458,'2014-09-29 22:39:11',1,8,'116370','大',1,''),(459,'2014-09-29 22:39:14',1,9,'135273','duży',1,''),(460,'2014-09-29 22:39:15',1,10,'200476','大 - duży',1,''),(461,'2014-09-29 22:39:24',1,8,'116371','大概',1,''),(462,'2014-09-29 22:39:28',1,9,'135274','chyba',1,''),(463,'2014-09-29 22:39:28',1,10,'200477','大概 - chyba',1,''),(464,'2014-09-29 22:39:36',1,8,'116372','大家',1,''),(465,'2014-09-29 22:39:39',1,9,'135275','wszyscy',1,''),(466,'2014-09-29 22:39:40',1,10,'200478','大家 - wszyscy',1,''),(467,'2014-09-29 22:39:50',1,8,'116373','大声',1,''),(468,'2014-09-29 22:39:56',1,9,'135276','głośny',1,''),(469,'2014-09-29 22:39:57',1,10,'200479','大声 - głośny',1,''),(470,'2014-09-29 22:40:04',1,8,'116374','大学',1,''),(471,'2014-09-29 22:40:08',1,9,'135277','uniwersytet',1,''),(472,'2014-09-29 22:40:09',1,10,'200480','大学 - uniwersytet',1,''),(473,'2014-09-29 22:40:16',1,9,'135278','uczelnia',1,''),(474,'2014-09-29 22:40:17',1,10,'200481','大学 - uczelnia',1,''),(475,'2014-09-29 22:40:26',1,8,'116375','大夫',1,''),(476,'2014-09-29 22:40:30',1,9,'135279','doktor',1,''),(477,'2014-09-29 22:40:31',1,10,'200482','大夫 - doktor',1,''),(478,'2014-09-29 22:40:36',1,9,'135280','lekarz',1,''),(479,'2014-09-29 22:40:37',1,10,'200483','大夫 - lekarz',1,''),(480,'2014-09-29 22:40:47',1,8,'116376','戴',1,''),(481,'2014-09-29 22:40:54',1,9,'135281','nosić',1,''),(482,'2014-09-29 22:40:54',1,10,'200484','戴 - nosić',1,''),(483,'2014-09-29 22:41:08',1,9,'135282','założyć',1,''),(484,'2014-09-29 22:41:09',1,10,'200485','戴 - założyć',1,''),(485,'2014-09-29 22:41:18',1,8,'116377','带',1,''),(486,'2014-09-29 22:41:23',1,9,'135283','zabrać',1,''),(487,'2014-09-29 22:41:24',1,10,'200486','带 - zabrać',1,''),(488,'2014-09-29 22:41:31',1,8,'116378','代表',1,''),(489,'2014-09-29 22:41:35',1,9,'135284','reprezentant',1,''),(490,'2014-09-29 22:41:35',1,10,'200487','代表 - reprezentant',1,''),(491,'2014-09-29 22:41:41',1,8,'116379','但是',1,''),(492,'2014-09-29 22:41:44',1,9,'135285','ale',1,''),(493,'2014-09-29 22:41:45',1,10,'200488','但是 - ale',1,''),(494,'2014-09-29 22:41:51',1,8,'116380','当',1,''),(495,'2014-09-29 22:42:15',1,9,'135286','w (miejscu lub czasie)',1,''),(496,'2014-09-29 22:42:15',1,10,'200489','当 - w (miejscu lub czasie)',1,''),(497,'2014-09-29 22:42:37',1,9,'135287','być jako',1,''),(498,'2014-09-29 22:42:38',1,10,'200490','当 - być jako',1,''),(499,'2014-09-29 22:42:49',1,8,'116381','当然',1,''),(500,'2014-09-29 22:42:55',1,9,'135288','oczywiście',1,''),(501,'2014-09-29 22:42:55',1,10,'200491','当然 - oczywiście',1,''),(502,'2014-09-29 22:43:03',1,8,'116382','刀',1,''),(503,'2014-09-29 22:43:06',1,9,'135289','nóż',1,''),(504,'2014-09-29 22:43:07',1,10,'200492','刀 - nóż',1,''),(505,'2014-09-29 22:43:16',1,8,'116383','倒',1,''),(506,'2014-09-29 22:43:21',1,9,'135290','upadek',1,''),(507,'2014-09-29 22:43:22',1,10,'200493','倒 - upadek',1,''),(508,'2014-09-29 22:43:30',1,8,'116384','到',1,''),(509,'2014-09-29 22:43:34',1,9,'135291','dotrzeć',1,''),(510,'2014-09-29 22:43:35',1,10,'200494','到 - dotrzeć',1,''),(511,'2014-09-29 22:43:44',1,8,'116385','道',1,''),(512,'2014-09-29 22:43:49',1,9,'135292','droga',1,''),(513,'2014-09-29 22:43:50',1,10,'200495','道 - droga',1,''),(514,'2014-09-29 22:43:56',1,9,'135293','doktryna',1,''),(515,'2014-09-29 22:43:57',1,10,'200496','道 - doktryna',1,''),(516,'2014-09-29 22:44:04',1,8,'116386','道理',1,''),(517,'2014-09-29 22:44:07',1,9,'135294','zasada',1,''),(518,'2014-09-29 22:44:07',1,10,'200497','道理 - zasada',1,''),(519,'2014-09-29 22:44:15',1,9,'135295','prawda',1,''),(520,'2014-09-29 22:44:15',1,10,'200498','道理 - prawda',1,''),(521,'2014-09-29 22:44:20',1,9,'135296','sens',1,''),(522,'2014-09-29 22:44:21',1,10,'200499','道理 - sens',1,''),(523,'2014-09-29 22:44:33',1,8,'116387','得',1,''),(524,'2014-09-29 22:44:38',1,9,'135297','otrzymać',1,''),(525,'2014-09-29 22:44:38',1,10,'200500','得 - otrzymać',1,''),(526,'2014-09-29 22:44:46',1,8,'116388','得到',1,''),(527,'2014-09-29 22:44:50',1,10,'200501','得到 - otrzymać',1,''),(528,'2014-09-29 22:45:03',1,8,'116389','的',1,''),(529,'2014-09-29 22:45:17',1,9,'135298','(partukuła atrybutu)',1,''),(530,'2014-09-29 22:45:18',1,10,'200502','的 - (partukuła atrybutu)',1,''),(531,'2014-09-29 22:45:29',1,8,'116390','地',1,''),(532,'2014-09-29 22:45:41',1,9,'135299','(partykuła przysłówkowa)',1,''),(533,'2014-09-29 22:45:42',1,10,'200503','地 - (partykuła przysłówkowa)',1,''),(534,'2014-09-29 22:46:44',1,9,'135300','(partykuła komplementu)',1,''),(535,'2014-09-29 22:46:45',1,10,'200504','得 - (partykuła komplementu)',1,''),(536,'2014-09-30 16:15:48',1,8,'116391','地',1,''),(537,'2014-09-30 16:15:53',1,8,'116391','地',3,''),(538,'2014-09-30 16:19:43',1,8,'116392','啊',1,''),(539,'2014-09-30 16:20:06',1,8,'116392','啊',3,''),(540,'2014-09-30 16:21:04',1,8,'116393','啊',1,''),(541,'2014-09-30 16:22:45',1,8,'116394','啊',1,''),(542,'2014-09-30 16:25:34',1,8,'116394','啊',3,''),(543,'2014-09-30 16:25:38',1,8,'116393','啊',3,''),(544,'2014-09-30 16:26:12',1,8,'116390','地',2,'Zmieniono pinyin'),(545,'2014-09-30 16:26:18',1,8,'116389','的',2,'Zmieniono pinyin'),(546,'2014-09-30 16:26:26',1,8,'116388','得到',2,'Zmieniono pinyin'),(547,'2014-09-30 16:26:31',1,8,'116387','得',2,'Zmieniono pinyin'),(548,'2014-09-30 16:26:38',1,8,'116386','道理',2,'Zmieniono pinyin'),(549,'2014-09-30 16:26:45',1,8,'116385','道',2,'Zmieniono pinyin'),(550,'2014-09-30 16:26:48',1,8,'116385','道',2,'Żadne pole nie zmienione.'),(551,'2014-09-30 16:26:55',1,8,'116384','到',2,'Zmieniono pinyin'),(552,'2014-09-30 16:27:04',1,8,'116383','倒',2,'Zmieniono pinyin'),(553,'2014-09-30 16:27:14',1,8,'116382','刀',2,'Zmieniono pinyin'),(554,'2014-09-30 16:27:22',1,8,'116381','当然',2,'Zmieniono pinyin'),(555,'2014-09-30 16:27:28',1,8,'116380','当',2,'Zmieniono pinyin'),(556,'2014-09-30 16:27:37',1,8,'116379','但是',2,'Zmieniono pinyin'),(557,'2014-09-30 16:27:45',1,8,'116378','代表',2,'Zmieniono pinyin'),(558,'2014-09-30 16:27:50',1,8,'116377','带',2,'Zmieniono pinyin'),(559,'2014-09-30 16:27:53',1,8,'116377','带',2,'Żadne pole nie zmienione.'),(560,'2014-09-30 16:27:59',1,8,'116376','戴',2,'Zmieniono pinyin'),(561,'2014-09-30 16:28:12',1,8,'116375','大夫',2,'Zmieniono pinyin'),(562,'2014-09-30 16:28:21',1,8,'116374','大学',2,'Zmieniono pinyin'),(563,'2014-09-30 16:28:29',1,8,'116373','大声',2,'Zmieniono pinyin'),(564,'2014-09-30 16:28:35',1,8,'116372','大家',2,'Zmieniono pinyin'),(565,'2014-09-30 16:28:43',1,8,'116371','大概',2,'Zmieniono pinyin'),(566,'2014-09-30 16:28:58',1,8,'116370','大',2,'Zmieniono pinyin'),(567,'2014-09-30 16:29:06',1,8,'116369','打算',2,'Zmieniono pinyin'),(568,'2014-09-30 16:29:10',1,8,'116368','打',2,'Zmieniono pinyin'),(569,'2014-09-30 16:29:17',1,8,'116367','错误',2,'Zmieniono pinyin'),(570,'2014-09-30 16:29:21',1,8,'116366','错',2,'Zmieniono pinyin'),(571,'2014-09-30 16:29:29',1,8,'116365','从前',2,'Zmieniono pinyin'),(572,'2014-09-30 16:29:44',1,8,'116364','从',2,'Zmieniono pinyin'),(573,'2014-09-30 16:29:51',1,8,'116363','次',2,'Zmieniono pinyin'),(574,'2014-09-30 16:29:57',1,8,'116362','词典',2,'Zmieniono pinyin'),(575,'2014-09-30 16:30:01',1,8,'116361','词',2,'Zmieniono pinyin'),(576,'2014-09-30 16:30:08',1,8,'116360','磁带',2,'Zmieniono pinyin'),(577,'2014-09-30 16:30:18',1,8,'116359','春天',2,'Zmieniono pinyin'),(578,'2014-09-30 16:30:31',1,8,'116358','春',2,'Zmieniono pinyin'),(579,'2014-09-30 16:30:36',1,8,'116357','吹',2,'Zmieniono pinyin'),(580,'2014-09-30 16:30:40',1,8,'116356','床',2,'Zmieniono pinyin'),(581,'2014-09-30 16:30:49',1,8,'116355','窗户',2,'Zmieniono pinyin'),(582,'2014-09-30 16:30:54',1,8,'116354','窗',2,'Zmieniono pinyin'),(583,'2014-09-30 16:31:07',1,8,'116353','船',2,'Zmieniono pinyin'),(584,'2014-09-30 16:31:11',1,8,'116352','穿',2,'Zmieniono pinyin'),(585,'2014-09-30 16:31:28',1,8,'116350','出租汽车',2,'Zmieniono pinyin'),(586,'2014-09-30 16:31:36',1,8,'116349','出现',2,'Zmieniono pinyin'),(587,'2014-09-30 16:31:43',1,8,'116348','出去',2,'Zmieniono pinyin'),(588,'2014-09-30 16:31:49',1,8,'116347','出来',2,'Zmieniono pinyin'),(589,'2014-09-30 16:31:55',1,8,'116346','出发',2,'Zmieniono pinyin'),(590,'2014-09-30 16:31:59',1,8,'116345','出',2,'Zmieniono pinyin'),(591,'2014-09-30 16:32:19',1,8,'116344','抽',2,'Zmieniono pinyin'),(592,'2014-09-30 16:32:26',1,8,'116343','迟到',2,'Zmieniono pinyin'),(593,'2014-09-30 16:32:33',1,8,'116342','吃',2,'Zmieniono pinyin'),(594,'2014-09-30 16:32:39',1,8,'116341','成绩',2,'Zmieniono pinyin'),(595,'2014-09-30 16:32:43',1,8,'116340','成',2,'Zmieniono pinyin'),(596,'2014-09-30 16:32:49',1,8,'116339','城市',2,'Zmieniono pinyin'),(597,'2014-09-30 16:32:52',1,8,'116338','城',2,'Zmieniono pinyin'),(598,'2014-09-30 16:33:15',1,8,'116337','车站',2,'Zmieniono pinyin'),(599,'2014-09-30 16:33:18',1,8,'116336','车',2,'Zmieniono pinyin'),(600,'2014-09-30 16:33:23',1,8,'116335','朝',2,'Zmieniono pinyin'),(601,'2014-09-30 16:33:26',1,8,'116334','唱',2,'Zmieniono pinyin'),(602,'2014-09-30 16:33:32',1,8,'116333','场',2,'Zmieniono pinyin'),(603,'2014-09-30 16:33:36',1,8,'116332','长',2,'Zmieniono pinyin'),(604,'2014-09-30 16:33:54',1,8,'116331','常常',2,'Zmieniono pinyin'),(605,'2014-09-30 16:33:57',1,8,'116330','常',2,'Zmieniono pinyin'),(606,'2014-09-30 16:34:04',1,8,'116329','差',2,'Zmieniono pinyin'),(607,'2014-09-30 16:34:06',1,8,'116328','查',2,'Zmieniono pinyin'),(608,'2014-09-30 16:34:09',1,8,'116327','茶',2,'Zmieniono pinyin'),(609,'2014-09-30 16:34:12',1,8,'116326','层',2,'Zmieniono pinyin'),(610,'2014-09-30 16:34:15',1,8,'116325','草',2,'Zmieniono pinyin'),(611,'2014-09-30 16:34:22',1,8,'116324','操场',2,'Zmieniono pinyin'),(612,'2014-09-30 16:34:39',1,8,'116323','参加',2,'Zmieniono pinyin'),(613,'2014-09-30 16:34:44',1,8,'116322','参观',2,'Zmieniono pinyin'),(614,'2014-09-30 16:34:47',1,8,'116321','菜',2,'Zmieniono pinyin'),(615,'2014-09-30 16:34:50',1,8,'116320','才',2,'Zmieniono pinyin'),(616,'2014-09-30 16:34:53',1,8,'116319','擦',2,'Zmieniono pinyin'),(617,'2014-09-30 16:34:58',1,8,'116318','部分',2,'Zmieniono pinyin'),(618,'2014-09-30 16:35:02',1,8,'116317','布',2,'Zmieniono pinyin'),(619,'2014-09-30 16:35:20',1,8,'116316','不用',2,'Zmieniono pinyin'),(620,'2014-09-30 16:35:28',1,8,'116315','不要',2,'Zmieniono pinyin'),(621,'2014-09-30 16:35:35',1,8,'116314','不同',2,'Zmieniono pinyin'),(622,'2014-09-30 16:35:40',1,8,'116313','不如',2,'Zmieniono pinyin'),(623,'2014-09-30 16:35:46',1,8,'116312','不久',2,'Zmieniono pinyin'),(624,'2014-09-30 16:35:51',1,8,'116311','不但',2,'Zmieniono pinyin'),(625,'2014-09-30 16:35:59',1,8,'116310','不错',2,'Zmieniono pinyin'),(626,'2014-09-30 16:36:12',1,8,'116309','不',2,'Zmieniono pinyin'),(627,'2014-09-30 16:36:16',1,8,'116308','病',2,'Zmieniono pinyin'),(628,'2014-09-30 16:36:21',1,8,'116307','别人',2,'Zmieniono pinyin'),(629,'2014-09-30 16:36:25',1,8,'116306','别的',2,'Zmieniono pinyin'),(630,'2014-09-30 16:36:27',1,8,'116305','别',2,'Zmieniono pinyin'),(631,'2014-09-30 16:36:32',1,8,'116304','表扬',2,'Zmieniono pinyin'),(632,'2014-09-30 16:36:37',1,8,'116303','表演',2,'Zmieniono pinyin'),(633,'2014-09-30 16:36:57',1,8,'116302','表现',2,'Zmieniono pinyin'),(634,'2014-09-30 16:37:01',1,8,'116301','表示',2,'Zmieniono pinyin'),(635,'2014-09-30 16:37:04',1,8,'116300','表',2,'Zmieniono pinyin'),(636,'2014-09-30 16:37:06',1,8,'116299','遍',2,'Zmieniono pinyin'),(637,'2014-09-30 16:37:11',1,8,'116298','变化',2,'Zmieniono pinyin'),(638,'2014-09-30 16:37:16',1,8,'116297','变成',2,'Zmieniono pinyin'),(639,'2014-09-30 16:37:21',1,8,'116297','变成',2,'Żadne pole nie zmienione.'),(640,'2014-09-30 16:37:39',1,8,'116296','变',2,'Zmieniono pinyin'),(641,'2014-09-30 16:37:41',1,8,'116295','边',2,'Zmieniono pinyin'),(642,'2014-09-30 16:37:46',1,8,'116294','必须',2,'Zmieniono pinyin'),(643,'2014-09-30 16:37:49',1,8,'116293','笔',2,'Zmieniono pinyin'),(644,'2014-09-30 16:37:55',1,8,'116292','比赛',2,'Zmieniono pinyin'),(645,'2014-09-30 16:38:00',1,8,'116291','比较',2,'Zmieniono pinyin'),(646,'2014-09-30 16:38:02',1,8,'116290','比',2,'Zmieniono pinyin'),(647,'2014-09-30 16:38:28',1,8,'116289','本子',2,'Zmieniono pinyin'),(648,'2014-09-30 16:38:30',1,8,'116288','本',2,'Zmieniono pinyin'),(649,'2014-09-30 16:38:34',1,8,'116287','被',2,'Zmieniono pinyin'),(650,'2014-09-30 16:38:36',1,8,'116286','倍',2,'Zmieniono pinyin'),(651,'2014-09-30 16:38:40',1,8,'116285','北边',2,'Zmieniono pinyin'),(652,'2014-09-30 16:38:42',1,8,'116284','北',2,'Zmieniono pinyin'),(653,'2014-09-30 16:38:45',1,8,'116283','杯子',2,'Zmieniono pinyin'),(654,'2014-09-30 16:38:48',1,8,'116282','杯',2,'Zmieniono pinyin'),(655,'2014-09-30 16:38:50',1,8,'116281','报',2,'Zmieniono pinyin'),(656,'2014-09-30 16:39:10',1,8,'116280','抱',2,'Zmieniono pinyin'),(657,'2014-09-30 16:39:13',1,8,'116279','饱',2,'Zmieniono pinyin'),(658,'2014-09-30 16:39:18',1,8,'116278','帮助',2,'Zmieniono pinyin'),(659,'2014-09-30 16:39:27',1,8,'116277','办公室',2,'Zmieniono pinyin'),(660,'2014-09-30 16:39:32',1,8,'116276','办法',2,'Zmieniono pinyin'),(661,'2014-09-30 16:39:35',1,8,'116275','办',2,'Zmieniono pinyin'),(662,'2014-09-30 16:39:55',1,8,'116272','搬',2,'Zmieniono pinyin'),(663,'2014-09-30 16:39:58',1,8,'116271','班',2,'Zmieniono pinyin'),(664,'2014-09-30 16:40:01',1,8,'116270','摆',2,'Zmieniono pinyin'),(665,'2014-09-30 16:40:07',1,8,'116269','百',2,'Zmieniono pinyin'),(666,'2014-09-30 16:40:09',1,8,'116268','白',2,'Zmieniono pinyin'),(667,'2014-09-30 16:40:11',1,8,'116267','吧',2,'Zmieniono pinyin'),(668,'2014-09-30 16:40:16',1,8,'116266','爸爸',2,'Zmieniono pinyin'),(669,'2014-09-30 16:40:18',1,8,'116265','把',2,'Zmieniono pinyin'),(670,'2014-09-30 16:40:20',1,8,'116264','八',2,'Zmieniono pinyin'),(671,'2014-09-30 16:40:39',1,8,'116263','安排',2,'Zmieniono pinyin'),(672,'2014-09-30 16:40:46',1,8,'116262','安静',2,'Zmieniono pinyin'),(673,'2014-09-30 16:40:50',1,8,'116261','爱人',2,'Zmieniono pinyin'),(674,'2014-09-30 16:40:54',1,8,'116260','爱',2,'Zmieniono pinyin'),(675,'2014-09-30 16:40:56',1,8,'116259','矮',2,'Zmieniono pinyin'),(676,'2014-09-30 16:40:58',1,8,'116258','啊',2,'Zmieniono pinyin'),(677,'2014-09-30 16:48:06',1,8,'116274','半天 [ban4tian1]',2,'Zmieniono pinyin'),(678,'2014-09-30 16:48:08',1,8,'116273','半 [ban4]',2,'Zmieniono pinyin'),(679,'2014-09-30 16:55:05',1,8,'116395','得 [dei3]',1,''),(680,'2014-09-30 16:55:40',1,10,'200505','得 - musieć',1,''),(681,'2014-09-30 16:55:51',1,9,'135301','na pewno',1,''),(682,'2014-09-30 16:55:55',1,10,'200505','得 - na pewno',2,'Zmieniono word_pl'),(683,'2014-09-30 16:56:03',1,8,'116396','灯 [deng1]',1,''),(684,'2014-09-30 16:56:07',1,9,'135302','lampa',1,''),(685,'2014-09-30 16:56:08',1,10,'200505','灯 - lampa',2,'Zmieniono word_zh i word_pl'),(686,'2014-09-30 16:56:11',1,9,'135303','światło',1,''),(687,'2014-09-30 16:56:14',1,10,'200505','灯 - światło',2,'Zmieniono word_pl'),(688,'2014-09-30 16:56:17',1,9,'135304','latarnia',1,''),(689,'2014-09-30 16:56:18',1,10,'200505','灯 - latarnia',2,'Zmieniono word_pl'),(690,'2014-09-30 16:56:28',1,8,'116397','等 [deng3]',1,''),(691,'2014-09-30 16:56:36',1,9,'135305','czekać',1,''),(692,'2014-09-30 16:56:38',1,10,'200505','等 - czekać',2,'Zmieniono word_zh i word_pl'),(693,'2014-09-30 16:56:43',1,9,'135306','zanim',1,''),(694,'2014-09-30 16:56:47',1,10,'200505','等 - zanim',2,'Zmieniono word_pl'),(695,'2014-09-30 16:56:52',1,9,'135307','i tak dalej',1,''),(696,'2014-09-30 16:56:55',1,10,'200505','等 - i tak dalej',2,'Zmieniono word_pl'),(697,'2014-09-30 16:56:58',1,9,'135308','itd.',1,''),(698,'2014-09-30 16:57:01',1,10,'200505','等 - itd.',2,'Zmieniono word_pl'),(699,'2014-09-30 16:57:10',1,8,'116398','低 [di1]',1,''),(700,'2014-09-30 16:57:18',1,10,'200505','低 - niski',2,'Zmieniono word_zh i word_pl'),(701,'2014-09-30 16:57:43',1,9,'135309','zwisać',1,''),(702,'2014-09-30 16:57:45',1,10,'200505','低 - zwisać',2,'Zmieniono word_pl'),(703,'2014-09-30 16:57:51',1,8,'116399','地 [di4]',1,''),(704,'2014-09-30 16:57:56',1,9,'135310','ziemia',1,''),(705,'2014-09-30 16:57:58',1,10,'200505','地 - ziemia',2,'Zmieniono word_zh i word_pl'),(706,'2014-09-30 17:12:00',1,9,'135311','Ziemia',1,''),(707,'2014-09-30 17:12:08',1,9,'135310','ziemia',3,''),(708,'2014-09-30 17:14:15',1,10,'200506','灯 - lampa',1,''),(709,'2014-09-30 17:14:38',1,10,'200507','灯 - światło',1,''),(710,'2014-09-30 17:14:46',1,10,'200508','灯 - latarnia',1,''),(711,'2014-09-30 17:14:55',1,10,'200509','等 - czekać',1,''),(712,'2014-09-30 17:15:02',1,10,'200510','等 - i tak dalej',1,''),(713,'2014-09-30 17:15:08',1,10,'200511','等 - itd.',1,''),(714,'2014-09-30 17:15:25',1,10,'200512','低 - niski',1,''),(715,'2014-09-30 17:15:31',1,10,'200513','低 - zwisać',1,''),(716,'2014-09-30 17:15:44',1,9,'135312','ziemia',1,''),(717,'2014-09-30 17:15:46',1,10,'200514','地 - ziemia',1,''),(718,'2014-09-30 17:15:51',1,10,'200515','地 - Ziemia',1,''),(719,'2014-09-30 17:16:06',1,8,'116400','地方 [di4fang5]',1,''),(720,'2014-09-30 17:16:12',1,9,'135313','miejsce',1,''),(721,'2014-09-30 17:16:14',1,10,'200516','地方 - miejsce',1,''),(722,'2014-09-30 17:16:35',1,8,'116401','第 [di4]',1,''),(723,'2014-09-30 17:16:44',1,9,'135314','(liczebnik porządkowy)',1,''),(724,'2014-09-30 17:16:45',1,10,'200517','第 - (liczebnik porządkowy)',1,''),(725,'2014-09-30 17:16:57',1,8,'116402','第一 [di4yi1]',1,''),(726,'2014-09-30 17:17:02',1,9,'135315','pierwszy',1,''),(727,'2014-09-30 17:17:03',1,10,'200518','第一 - pierwszy',1,''),(728,'2014-09-30 17:17:11',1,8,'116403','弟弟 [di4di5]',1,''),(729,'2014-09-30 17:17:15',1,9,'135316','młodszy brat',1,''),(730,'2014-09-30 17:17:21',1,10,'200519','弟弟 - młodszy brat',1,''),(731,'2014-09-30 17:17:31',1,8,'116404','点 [dian3]',1,''),(732,'2014-09-30 17:17:36',1,9,'135317','kropka',1,''),(733,'2014-09-30 17:17:37',1,10,'200520','点 - kropka',1,''),(734,'2014-09-30 17:17:45',1,9,'135318','trochę',1,''),(735,'2014-09-30 17:17:46',1,10,'200521','点 - trochę',1,''),(736,'2014-09-30 17:17:58',1,9,'135319','zamówić',1,''),(737,'2014-09-30 17:18:00',1,10,'200522','点 - zamówić',1,''),(738,'2014-09-30 17:18:13',1,8,'116405','点心 [dian3xin5]',1,''),(739,'2014-09-30 17:18:25',1,9,'135320','ciasto',1,''),(740,'2014-09-30 17:18:26',1,10,'200523','点心 - ciasto',1,''),(741,'2014-09-30 17:18:36',1,8,'116406','点钟 [dian3zhong1]',1,''),(742,'2014-09-30 17:19:03',1,9,'135321','godzina',1,''),(743,'2014-09-30 17:19:14',1,10,'200524','点钟 - godzina',1,''),(744,'2014-09-30 17:19:27',1,9,'135322','(określenie godziny)',1,''),(745,'2014-09-30 17:19:29',1,10,'200525','点钟 - (określenie godziny)',1,''),(746,'2014-09-30 17:19:35',1,8,'116407','电 [dian4]',1,''),(747,'2014-09-30 17:19:40',1,9,'135323','elektryczność',1,''),(748,'2014-09-30 17:19:42',1,10,'200526','电 - elektryczność',1,''),(749,'2014-09-30 17:19:46',1,9,'135324','prąd',1,''),(750,'2014-09-30 17:19:47',1,10,'200527','电 - prąd',1,''),(751,'2014-09-30 17:19:59',1,8,'116408','电车 [dian4che1]',1,''),(752,'2014-09-30 17:20:02',1,9,'135325','tranwaj',1,''),(753,'2014-09-30 17:20:05',1,9,'135326','tramwaj',1,''),(754,'2014-09-30 17:20:12',1,9,'135325','tranwaj',3,''),(755,'2014-09-30 17:20:14',1,10,'200528','电车 - tramwaj',1,''),(756,'2014-09-30 17:20:22',1,9,'135327','trolejbus',1,''),(757,'2014-09-30 17:20:25',1,10,'200529','电车 - trolejbus',1,''),(758,'2014-09-30 17:20:38',1,8,'116409','电灯 [dian4deng1]',1,''),(759,'2014-09-30 17:20:48',1,9,'135328','światło elektryczne',1,''),(760,'2014-09-30 17:20:49',1,10,'200530','电灯 - światło elektryczne',1,''),(761,'2014-09-30 17:20:57',1,9,'135329','lampa elektryczna',1,''),(762,'2014-09-30 17:20:58',1,10,'200531','电灯 - lampa elektryczna',1,''),(763,'2014-09-30 17:21:03',1,8,'116410','电话 [dian4hua4]',1,''),(764,'2014-09-30 17:21:07',1,9,'135330','telefon',1,''),(765,'2014-09-30 17:21:09',1,10,'200532','电话 - telefon',1,''),(766,'2014-09-30 17:21:17',1,9,'135331','rozmowa telefoniczna',1,''),(767,'2014-09-30 17:21:18',1,10,'200533','电话 - rozmowa telefoniczna',1,''),(768,'2014-09-30 17:21:24',1,8,'116411','电视 [dian4shi1]',1,''),(769,'2014-09-30 17:21:38',1,8,'116411','电视 [dian4shi4]',2,'Zmieniono pinyin'),(770,'2014-09-30 17:21:46',1,9,'135332','telewizja',1,''),(771,'2014-09-30 17:21:48',1,10,'200534','电视 - telewizja',1,''),(772,'2014-09-30 17:21:58',1,8,'116412','电影 [dian4ying3]',1,''),(773,'2014-09-30 17:22:03',1,9,'135333','film',1,''),(774,'2014-09-30 17:22:04',1,10,'200535','电影 - film',1,''),(775,'2014-09-30 17:22:10',1,8,'116413','掉 [diao4]',1,''),(776,'2014-09-30 17:22:17',1,9,'135334','upuścić',1,''),(777,'2014-09-30 17:22:20',1,10,'200536','掉 - upuścić',1,''),(778,'2014-09-30 17:22:24',1,9,'135335','stracić',1,''),(779,'2014-09-30 17:22:26',1,10,'200537','掉 - stracić',1,''),(780,'2014-09-30 17:22:33',1,8,'116414','丢 [diu1]',1,''),(781,'2014-09-30 17:22:57',1,10,'200538','丢 - stracić',1,''),(782,'2014-09-30 17:23:08',1,8,'116415','东 [dong1]',1,''),(783,'2014-09-30 17:23:12',1,9,'135336','wschód',1,''),(784,'2014-09-30 17:23:14',1,10,'200539','东 - wschód',1,''),(785,'2014-09-30 17:23:20',1,8,'116416','东边 [wschód]',1,''),(786,'2014-09-30 17:23:34',1,8,'116416','东边 [dong1bian1]',2,'Zmieniono pinyin'),(787,'2014-09-30 17:23:48',1,10,'200540','东边 - wschód',1,''),(788,'2014-09-30 17:23:56',1,8,'116417','东西 [dong1xi5]',1,''),(789,'2014-09-30 17:24:02',1,9,'135337','rzecz',1,''),(790,'2014-09-30 17:24:03',1,10,'200541','东西 - rzecz',1,''),(791,'2014-09-30 17:24:11',1,8,'116418','冬 [dong1]',1,''),(792,'2014-09-30 17:24:14',1,9,'135338','zima',1,''),(793,'2014-09-30 17:24:15',1,10,'200542','冬 - zima',1,''),(794,'2014-09-30 17:24:27',1,8,'116419','冬天 [dong1tian1]',1,''),(795,'2014-09-30 17:24:39',1,10,'200543','冬天 - zima',1,''),(796,'2014-09-30 17:24:45',1,8,'116420','懂 [dong]',1,''),(797,'2014-09-30 17:24:54',1,8,'116420','懂 [dong3]',2,'Zmieniono pinyin'),(798,'2014-09-30 17:24:58',1,9,'135339','rozumieć',1,''),(799,'2014-09-30 17:24:59',1,10,'200544','懂 - rozumieć',1,''),(800,'2014-09-30 17:25:08',1,8,'116421','动 [dong4]',1,''),(801,'2014-09-30 17:25:11',1,9,'135340','ruszać',1,''),(802,'2014-09-30 17:25:13',1,10,'200545','动 - ruszać',1,''),(803,'2014-09-30 17:25:26',1,8,'116422','动物 [dong4wu4]',1,''),(804,'2014-09-30 17:25:31',1,9,'135341','zwierzę',1,''),(805,'2014-09-30 17:25:32',1,10,'200546','动物 - zwierzę',1,''),(806,'2014-09-30 17:25:38',1,8,'116423','都 [dou1]',1,''),(807,'2014-09-30 17:25:44',1,9,'135342','oboje',1,''),(808,'2014-09-30 17:25:46',1,10,'200547','都 - oboje',1,''),(809,'2014-09-30 17:25:52',1,10,'200548','都 - wszyscy',1,''),(810,'2014-09-30 17:25:57',1,8,'116424','读 [du2]',1,''),(811,'2014-09-30 17:26:01',1,9,'135343','czytać',1,''),(812,'2014-09-30 17:26:02',1,10,'200549','读 - czytać',1,''),(813,'2014-09-30 17:26:09',1,9,'135344','czytać na głos',1,''),(814,'2014-09-30 17:26:10',1,10,'200550','读 - czytać na głos',1,''),(815,'2014-09-30 17:26:21',1,8,'116425','短 [duǎn]',1,''),(816,'2014-09-30 17:26:24',1,9,'135345','krótki',1,''),(817,'2014-09-30 17:26:25',1,10,'200551','短 - krótki',1,''),(818,'2014-09-30 17:26:33',1,8,'116426','锻炼 [duan4lian4]',1,''),(819,'2014-09-30 17:26:41',1,9,'135346','ćwiczyć',1,''),(820,'2014-09-30 17:26:44',1,10,'200552','锻炼 - ćwiczyć',1,''),(821,'2014-09-30 17:26:53',1,8,'116427','段 [duan4]',1,''),(822,'2014-09-30 17:26:59',1,9,'135347','odcinek czasu',1,''),(823,'2014-09-30 17:27:00',1,10,'200553','段 - odcinek czasu',1,''),(824,'2014-09-30 17:27:10',1,8,'116428','对 [duì]',1,''),(825,'2014-09-30 17:28:06',1,9,'135348','na wprost',1,''),(826,'2014-09-30 17:28:08',1,10,'200554','对 - na wprost',1,''),(827,'2014-09-30 17:28:13',1,9,'135349','okres',1,''),(828,'2014-09-30 17:28:14',1,10,'200555','段 - okres',1,''),(829,'2014-09-30 17:28:20',1,10,'200556','对 - w kierunku',1,''),(830,'2014-09-30 17:28:30',1,10,'200557','对 - poprawnie',1,''),(831,'2014-09-30 17:28:40',1,8,'116429','对不起 [dui4bu5qi3]',1,''),(832,'2014-09-30 17:28:45',1,9,'135350','przepraszam',1,''),(833,'2014-09-30 17:28:47',1,10,'200558','对不起 - przepraszam',1,''),(834,'2014-09-30 17:28:58',1,8,'116430','顿 [dun4]',1,''),(835,'2014-09-30 17:29:08',1,9,'135351','(klasyfikator posiłków)',1,''),(836,'2014-09-30 17:29:16',1,10,'200559','顿 - (klasyfikator posiłków)',1,''),(837,'2014-09-30 17:29:24',1,8,'116431','多 [duo1]',1,''),(838,'2014-09-30 17:29:28',1,9,'135352','dużo',1,''),(839,'2014-09-30 17:29:28',1,10,'200560','多 - dużo',1,''),(840,'2014-09-30 17:29:49',1,9,'135353','jak dużo',1,''),(841,'2014-09-30 17:29:51',1,10,'200561','多 - jak dużo',1,''),(842,'2014-09-30 17:30:00',1,9,'135354','ponad',1,''),(843,'2014-09-30 17:30:02',1,10,'200562','多 - ponad',1,''),(844,'2014-09-30 17:30:24',1,8,'116432','多少 [duo1shao5]',1,''),(845,'2014-09-30 17:30:26',1,9,'135355','ile',1,''),(846,'2014-09-30 17:30:29',1,10,'200563','多少 - ile',1,''),(847,'2014-09-30 17:30:33',1,8,'116433','饿 [e]',1,''),(848,'2014-09-30 17:30:45',1,8,'116433','饿 [e4]',2,'Zmieniono pinyin'),(849,'2014-09-30 17:30:50',1,9,'135356','głodny',1,''),(850,'2014-09-30 17:30:51',1,10,'200564','饿 - głodny',1,''),(851,'2014-09-30 17:31:00',1,8,'116434','而且 [er2qie3]',1,''),(852,'2014-09-30 17:31:03',1,9,'135357','ponadto',1,''),(853,'2014-09-30 17:31:04',1,10,'200565','而且 - ponadto',1,''),(854,'2014-09-30 17:31:12',1,8,'116435','儿子 [er2zi5]',1,''),(855,'2014-09-30 17:31:16',1,9,'135358','syn',1,''),(856,'2014-09-30 17:31:18',1,10,'200566','儿子 - syn',1,''),(857,'2014-09-30 17:31:27',1,8,'116436','二 [er2]',1,''),(858,'2014-09-30 17:31:33',1,9,'135359','dwa',1,''),(859,'2014-09-30 17:31:33',1,10,'200567','二 - dwa',1,''),(860,'2014-09-30 17:31:45',1,8,'116437','发 [fa1]',1,''),(861,'2014-09-30 17:31:48',1,9,'135360','wysłać',1,''),(862,'2014-09-30 17:31:49',1,10,'200568','发 - wysłać',1,''),(863,'2014-09-30 17:31:59',1,8,'116438','发烧 [fa1shao1]',1,''),(864,'2014-09-30 17:32:03',1,9,'135361','mieć gorączka',1,''),(865,'2014-09-30 17:32:10',1,9,'135361','mieć gorączkę',2,'Zmieniono word'),(866,'2014-09-30 17:32:13',1,10,'200569','发烧 - mieć gorączkę',1,''),(867,'2014-09-30 17:32:23',1,9,'135362','mieć wysoką temperaturę',1,''),(868,'2014-09-30 17:32:25',1,10,'200570','发烧 - mieć wysoką temperaturę',1,''),(869,'2014-09-30 17:32:32',1,8,'116439','发生 [fa1sheng1]',1,''),(870,'2014-09-30 17:32:36',1,9,'135363','wydarzyć się',1,''),(871,'2014-09-30 17:32:39',1,10,'200571','发生 - wydarzyć się',1,''),(872,'2014-09-30 17:32:44',1,8,'116440','发现 [fa1xian4]',1,''),(873,'2014-09-30 17:32:47',1,9,'135364','odkryć',1,''),(874,'2014-09-30 17:32:48',1,10,'200572','发现 - odkryć',1,''),(875,'2014-09-30 17:32:55',1,8,'116441','发展 [fa1zhan3]',1,''),(876,'2014-09-30 17:33:00',1,9,'135365','rozwijać',1,''),(877,'2014-09-30 17:33:02',1,10,'200573','发展 - rozwijać',1,''),(878,'2014-09-30 17:33:09',1,8,'116442','法语 [język francuski]',1,''),(879,'2014-09-30 17:33:22',1,8,'116442','法语 [fa3yu3]',2,'Zmieniono pinyin'),(880,'2014-09-30 17:33:29',1,9,'135366','język francuski',1,''),(881,'2014-09-30 17:33:30',1,10,'200574','法语 - język francuski',1,''),(882,'2014-09-30 17:33:41',1,8,'116443','法文 [fa1wen2]',1,''),(883,'2014-09-30 17:33:53',1,10,'200575','法文 - język francuski',1,''),(884,'2014-09-30 17:34:09',1,8,'116444','翻 [fan1]',1,''),(885,'2014-09-30 17:34:12',1,9,'135367','przewrócić',1,''),(886,'2014-09-30 17:34:15',1,10,'200576','翻 - przewrócić',1,''),(887,'2014-09-30 17:34:22',1,8,'116445','翻译 [fan1yi4]',1,''),(888,'2014-09-30 17:34:29',1,9,'135368','przetłumaczyć',1,''),(889,'2014-09-30 17:34:30',1,10,'200577','翻译 - przetłumaczyć',1,''),(890,'2014-09-30 17:34:33',1,9,'135369','tłumacz',1,''),(891,'2014-09-30 17:34:35',1,10,'200578','翻译 - tłumacz',1,''),(892,'2014-09-30 17:34:44',1,8,'116446','反对 [fan3dui4]',1,''),(893,'2014-09-30 17:34:54',1,9,'135370','sprzeciwiać się',1,''),(894,'2014-09-30 17:34:55',1,10,'200579','反对 - sprzeciwiać się',1,''),(895,'2014-09-30 17:35:03',1,8,'116447','饭 [fan4]',1,''),(896,'2014-09-30 17:35:08',1,9,'135371','posiłek',1,''),(897,'2014-09-30 17:35:11',1,10,'200580','饭 - posiłek',1,''),(898,'2014-09-30 17:35:16',1,9,'135372','gotowany ryż',1,''),(899,'2014-09-30 17:35:17',1,10,'200581','饭 - gotowany ryż',1,''),(900,'2014-09-30 17:35:23',1,8,'116448','饭店 [fan4dian4]',1,''),(901,'2014-09-30 17:35:30',1,9,'135373','restauracja',1,''),(902,'2014-09-30 17:35:33',1,10,'200582','饭店 - restauracja',1,''),(903,'2014-09-30 17:35:38',1,9,'135374','hotel',1,''),(904,'2014-09-30 17:35:39',1,10,'200583','饭店 - hotel',1,''),(905,'2014-09-30 17:35:48',1,8,'116449','方便 [fang1bian4]',1,''),(906,'2014-09-30 17:35:54',1,9,'135375','wygodny',1,''),(907,'2014-09-30 17:35:56',1,10,'200584','方便 - wygodny',1,''),(908,'2014-09-30 17:36:03',1,8,'116450','方法 [fang1fa3]',1,''),(909,'2014-09-30 17:36:10',1,10,'200585','方法 - sposób',1,''),(910,'2014-10-01 20:28:19',1,8,'116451','方面 [fang1mian4]',1,''),(911,'2014-10-01 20:28:24',1,9,'135376','aspekt',1,''),(912,'2014-10-01 20:28:26',1,10,'200586','方面 - aspekt',1,''),(913,'2014-10-01 20:28:34',1,10,'200587','方面 - strona',1,''),(914,'2014-10-01 20:28:44',1,8,'116452','方向 [fang1xiang4]',1,''),(915,'2014-10-01 20:28:49',1,9,'135377','kierunek',1,''),(916,'2014-10-01 20:28:50',1,10,'200588','方向 - kierunek',1,''),(917,'2014-10-01 20:28:59',1,8,'116453','房间 [fang2jian1]',1,''),(918,'2014-10-01 20:29:02',1,9,'135378','pokój',1,''),(919,'2014-10-01 20:29:03',1,10,'200589','房间 - pokój',1,''),(920,'2014-10-01 20:29:12',1,8,'116454','访问 [fang3wen4]',1,''),(921,'2014-10-01 20:29:15',1,9,'135379','wywiad',1,''),(922,'2014-10-01 20:29:38',1,9,'135380','wizyta',1,''),(923,'2014-10-01 20:29:40',1,10,'200590','访问 - wizyta',1,''),(924,'2014-10-01 20:29:46',1,8,'116455','放 [fang4]',1,''),(925,'2014-10-01 20:30:09',1,10,'200591','放 - położyć',1,''),(926,'2014-10-01 20:30:17',1,8,'116456','放假 [fang4jia4]',1,''),(927,'2014-10-01 20:30:25',1,9,'135381','wybrać sięna wakacje',1,''),(928,'2014-10-01 20:30:34',1,9,'135381','wybrać się na wakacje',2,'Zmieniono word'),(929,'2014-10-01 20:30:37',1,10,'200592','放假 - wybrać się na wakacje',1,''),(930,'2014-10-01 20:30:47',1,8,'116457','非常 [fei1chang2]',1,''),(931,'2014-10-01 20:30:50',1,9,'135382','bardzo',1,''),(932,'2014-10-01 20:30:53',1,10,'200593','非常 - bardzo',1,''),(933,'2014-10-01 20:30:58',1,9,'135383','wyjątkowo',1,''),(934,'2014-10-01 20:30:59',1,10,'200594','非常 - wyjątkowo',1,''),(935,'2014-10-01 20:31:03',1,8,'116458','飞 [fei1]',1,''),(936,'2014-10-01 20:31:06',1,9,'135384','lecieć',1,''),(937,'2014-10-01 20:31:07',1,10,'200595','飞 - lecieć',1,''),(938,'2014-10-01 20:31:12',1,8,'116459','飞机 [fei1ji1]',1,''),(939,'2014-10-01 20:31:15',1,9,'135385','samolot',1,''),(940,'2014-10-01 20:31:16',1,10,'200596','飞机 - samolot',1,''),(941,'2014-10-01 20:31:22',1,8,'116460','分 [fen1]',1,''),(942,'2014-10-01 20:31:26',1,9,'135386','dzielić',1,''),(943,'2014-10-01 20:31:27',1,10,'200597','分 - dzielić',1,''),(944,'2014-10-01 20:31:35',1,9,'135387','minuta',1,''),(945,'2014-10-01 20:31:36',1,10,'200598','分 - minuta',1,''),(946,'2014-10-01 20:31:53',1,8,'116461','分钟 [fen1zhong1]',1,''),(947,'2014-10-01 20:32:01',1,10,'200599','分钟 - minuta',1,''),(948,'2014-10-01 20:32:08',1,8,'116462','丰富 [feng1fu4]',1,''),(949,'2014-10-01 20:32:14',1,9,'135388','bogaty',1,''),(950,'2014-10-01 20:32:15',1,10,'200600','丰富 - bogaty',1,''),(951,'2014-10-01 20:32:25',1,9,'135389','obfity',1,''),(952,'2014-10-01 20:32:26',1,10,'200601','丰富 - obfity',1,''),(953,'2014-10-01 20:32:33',1,8,'116463','封 [feng1]',1,''),(954,'2014-10-01 20:32:42',1,8,'116464','风 [feng1]',1,''),(955,'2014-10-01 20:32:44',1,9,'135390','waitr',1,''),(956,'2014-10-01 20:32:54',1,9,'135390','wiatr',2,'Zmieniono word'),(957,'2014-10-01 20:32:56',1,10,'200602','风 - wiatr',1,''),(958,'2014-10-01 20:33:03',1,8,'116465','夫人 [fu1ren2]',1,''),(959,'2014-10-01 20:33:08',1,9,'135391','Pan',1,''),(960,'2014-10-01 20:33:13',1,9,'135392','Pani',1,''),(961,'2014-10-01 20:33:16',1,10,'200603','夫人 - Pani',1,''),(962,'2014-10-01 20:33:24',1,8,'116466','服务 [fu2wu4]',1,''),(963,'2014-10-01 20:33:29',1,9,'135393','obsługa',1,''),(964,'2014-10-01 20:33:30',1,10,'200604','服务 - obsługa',1,''),(965,'2014-10-01 20:33:40',1,8,'116467','服务员 [fu2wu4yuan2]',1,''),(966,'2014-10-01 20:33:43',1,9,'135394','kelner',1,''),(967,'2014-10-01 20:33:45',1,10,'200605','服务员 - kelner',1,''),(968,'2014-10-01 20:33:52',1,8,'116468','辅导 [fu3dao3]',1,''),(969,'2014-10-01 20:34:35',1,9,'135395','nauczyciel',1,''),(970,'2014-10-01 20:34:38',1,10,'200606','辅导 - nauczyciel',1,''),(971,'2014-10-01 20:34:47',1,8,'116469','复习 [fu4xi2]',1,''),(972,'2014-10-01 20:34:53',1,9,'135396','powtarzać',1,''),(973,'2014-10-01 20:34:54',1,10,'200607','复习 - powtarzać',1,''),(974,'2014-10-01 20:35:01',1,8,'116470','复杂 [fu4za2]',1,''),(975,'2014-10-01 20:35:04',1,9,'135397','skomplikowany',1,''),(976,'2014-10-01 20:35:05',1,10,'200608','复杂 - skomplikowany',1,''),(977,'2014-10-01 20:35:14',1,8,'116471','父亲 [fu4qin5]',1,''),(978,'2014-10-01 20:35:23',1,10,'200609','父亲 - ojciec',1,''),(979,'2014-10-01 20:35:31',1,8,'116472','负责 [fu4ze2]',1,''),(980,'2014-10-01 20:35:43',1,9,'135398','być odpowiedzielnym',1,''),(981,'2014-10-01 20:35:51',1,9,'135398','być odpowiedzialnym',2,'Zmieniono word'),(982,'2014-10-01 20:35:53',1,10,'200610','负责 - być odpowiedzialnym',1,''),(983,'2014-10-01 20:36:01',1,8,'116473','附近 [fu4jin4]',1,''),(984,'2014-10-01 20:36:04',1,9,'135399','okolica',1,''),(985,'2014-10-01 20:36:05',1,10,'200611','附近 - okolica',1,''),(986,'2014-10-01 20:36:11',1,8,'116474','该 [gai1]',1,''),(987,'2014-10-01 20:36:14',1,9,'135400','powinien',1,''),(988,'2014-10-01 20:36:15',1,10,'200612','该 - powinien',1,''),(989,'2014-10-01 20:36:22',1,8,'116475','改 [gai3]',1,''),(990,'2014-10-01 20:36:30',1,10,'200613','改 - zmienić',1,''),(991,'2014-10-01 20:36:39',1,8,'116476','改变 [gai3bian4]',1,''),(992,'2014-10-01 20:36:43',1,10,'200614','改变 - zmienić',1,''),(993,'2014-10-01 20:36:52',1,8,'116477','干净 [gan1jing4]',1,''),(994,'2014-10-01 20:37:00',1,9,'135401','czysty',1,''),(995,'2014-10-01 20:37:01',1,10,'200615','干净 - czysty',1,''),(996,'2014-10-01 20:37:07',1,8,'116478','感到 [gan3dao4]',1,''),(997,'2014-10-01 20:37:31',1,9,'135402','czuć',1,''),(998,'2014-10-01 20:37:32',1,10,'200616','感到 - czuć',1,''),(999,'2014-10-01 20:37:38',1,8,'116479','感冒 [gan3mao4]',1,''),(1000,'2014-10-01 20:37:44',1,9,'135403','przeziębienie',1,''),(1001,'2014-10-01 20:37:45',1,10,'200617','感冒 - przeziębienie',1,''),(1002,'2014-10-01 20:37:50',1,8,'116480','感谢 [gan3xie4]',1,''),(1003,'2014-10-01 20:37:54',1,9,'135404','dziękować',1,''),(1004,'2014-10-01 20:37:55',1,10,'200618','感谢 - dziękować',1,''),(1005,'2014-10-01 20:38:02',1,8,'116481','敢 [gan3]',1,''),(1006,'2014-10-01 20:38:07',1,9,'135405','ośmielić się',1,''),(1007,'2014-10-01 20:38:08',1,10,'200619','敢 - ośmielić się',1,''),(1008,'2014-10-01 20:38:17',1,8,'116482','干 [gan4]',1,''),(1009,'2014-10-01 20:38:22',1,10,'200620','干 - robić',1,''),(1010,'2014-10-01 20:38:28',1,8,'116483','干部 [gan4bu4]',1,''),(1011,'2014-10-01 20:38:38',1,9,'135406','kadra',1,''),(1012,'2014-10-01 20:38:39',1,10,'200621','干部 - kadra',1,''),(1013,'2014-10-01 20:38:47',1,8,'116484','刚 [gang1]',1,''),(1014,'2014-10-01 20:39:00',1,9,'135407','dopiero co',1,''),(1015,'2014-10-01 20:39:01',1,10,'200622','刚 - dopiero co',1,''),(1016,'2014-10-01 20:39:09',1,8,'116485','刚才 [gang1cai2]',1,''),(1017,'2014-10-01 20:39:16',1,9,'135408','przed chwilą',1,''),(1018,'2014-10-01 20:39:17',1,10,'200623','刚才 - przed chwilą',1,''),(1019,'2014-10-01 20:39:24',1,8,'116486','钢笔 [gang1bi3]',1,''),(1020,'2014-10-01 20:39:42',1,10,'200624','钢笔 - długopis',1,''),(1021,'2014-10-01 20:39:48',1,8,'116487','高 [gao1]',1,''),(1022,'2014-10-01 20:39:50',1,9,'135409','wysoki',1,''),(1023,'2014-10-01 20:39:52',1,10,'200625','高 - wysoki',1,''),(1024,'2014-10-01 20:39:57',1,8,'116488','高兴 [gao1xing4]',1,''),(1025,'2014-10-01 20:40:03',1,9,'135410','wesoły',1,''),(1026,'2014-10-01 20:40:04',1,10,'200626','高兴 - wesoły',1,''),(1027,'2014-10-01 20:40:09',1,8,'116489','搞 [gao3]',1,''),(1028,'2014-10-01 20:40:13',1,10,'200627','搞 - robić',1,''),(1029,'2014-10-01 20:40:18',1,8,'116490','告诉 [gao4su4]',1,''),(1030,'2014-10-01 20:40:21',1,9,'135411','mówić',1,''),(1031,'2014-10-01 20:40:24',1,10,'200628','告诉 - mówić',1,''),(1032,'2014-10-01 20:40:36',1,9,'135411','powiedzieć',2,'Zmieniono word'),(1033,'2014-10-01 20:40:46',1,8,'116491','哥哥 [ge1ge5]',1,''),(1034,'2014-10-01 20:40:48',1,9,'135412','brat',1,''),(1035,'2014-10-01 20:40:56',1,9,'135412','starszy brat',2,'Zmieniono word'),(1036,'2014-10-01 20:40:59',1,10,'200629','哥哥 - starszy brat',1,''),(1037,'2014-10-01 20:41:06',1,8,'116492','歌 [ge1]',1,''),(1038,'2014-10-01 20:41:10',1,9,'135413','piosenka',1,''),(1039,'2014-10-01 20:41:12',1,10,'200630','歌 - piosenka',1,''),(1040,'2014-10-01 20:41:19',1,8,'116493','个 [ge4]',1,''),(1041,'2014-10-01 20:41:28',1,9,'135414','(podstawowy klasyfikator)',1,''),(1042,'2014-10-01 20:41:29',1,10,'200631','个 - (podstawowy klasyfikator)',1,''),(1043,'2014-10-01 20:41:34',1,8,'116494','各 [ge4]',1,''),(1044,'2014-10-01 20:41:38',1,9,'135415','każdy',1,''),(1045,'2014-10-01 20:41:39',1,10,'200632','各 - każdy',1,''),(1046,'2014-10-01 20:41:49',1,8,'116495','各种 [ge4zhong3]',1,''),(1047,'2014-10-01 20:41:54',1,9,'135416','każdego rodzaju',1,''),(1048,'2014-10-01 20:41:55',1,10,'200633','各种 - każdego rodzaju',1,''),(1049,'2014-10-01 20:41:59',1,8,'116496','给 [gei3]',1,''),(1050,'2014-10-01 20:42:02',1,9,'135417','dać',1,''),(1051,'2014-10-01 20:42:04',1,10,'200634','给 - dać',1,''),(1052,'2014-10-01 20:42:12',1,8,'116497','根 [gen1]',1,''),(1053,'2014-10-01 20:42:19',1,9,'135418','stopa',1,''),(1054,'2014-10-01 20:42:20',1,10,'200635','根 - stopa',1,''),(1055,'2014-10-01 20:42:25',1,10,'200636','根 - korzeń',1,''),(1056,'2014-10-01 20:42:37',1,9,'135419','pochodzenie',1,''),(1057,'2014-10-01 20:42:38',1,10,'200637','根 - pochodzenie',1,''),(1058,'2014-10-01 20:42:43',1,8,'116498','跟 [gen1]',1,''),(1059,'2014-10-01 20:42:46',1,9,'135420','razem z',1,''),(1060,'2014-10-01 20:42:48',1,10,'200638','跟 - razem z',1,''),(1061,'2014-10-01 20:42:55',1,8,'116499','更 [geng4]',1,''),(1062,'2014-10-01 20:42:58',1,9,'135421','bardziej',1,''),(1063,'2014-10-01 20:42:59',1,10,'200639','更 - bardziej',1,''),(1064,'2014-10-01 20:43:06',1,8,'116500','工厂 [gong1chang3]',1,''),(1065,'2014-10-01 20:43:09',1,9,'135422','fabryka',1,''),(1066,'2014-10-01 20:43:22',1,10,'200640','工厂 - fabryka',1,''),(1067,'2014-10-01 20:43:26',1,8,'116501','工人 [gong1ren2]',1,''),(1068,'2014-10-01 20:43:34',1,9,'135423','robotnik',1,''),(1069,'2014-10-01 20:43:35',1,10,'200641','工人 - robotnik',1,''),(1070,'2014-10-01 20:43:41',1,8,'116502','工业 [gong1ye4]',1,''),(1071,'2014-10-01 20:43:45',1,9,'135424','przemysł',1,''),(1072,'2014-10-01 20:43:46',1,10,'200642','工业 - przemysł',1,''),(1073,'2014-10-01 20:43:52',1,8,'116503','工作 [gong1zuo4]',1,''),(1074,'2014-10-01 20:43:56',1,9,'135425','pracować',1,''),(1075,'2014-10-01 20:44:01',1,10,'200643','工作 - pracować',1,''),(1076,'2014-10-01 20:44:11',1,9,'135426','praca',1,''),(1077,'2014-10-01 20:44:12',1,10,'200644','工作 - praca',1,''),(1078,'2014-10-01 20:44:23',1,8,'116504','公共汽车 [gong1gong4 qi4che1]',1,''),(1079,'2014-10-01 20:44:33',1,9,'135427','autobus',1,''),(1080,'2014-10-01 20:44:34',1,10,'200645','公共汽车 - autobus',1,''),(1081,'2014-10-01 20:44:40',1,8,'116505','公斤 [gong1jin1]',1,''),(1082,'2014-10-01 20:44:43',1,9,'135428','kilogram',1,''),(1083,'2014-10-01 20:44:44',1,10,'200646','公斤 - kilogram',1,''),(1084,'2014-10-01 20:44:51',1,8,'116506','公里 [gong1li3]',1,''),(1085,'2014-10-01 20:44:56',1,9,'135429','kilometr',1,''),(1086,'2014-10-01 20:44:57',1,10,'200647','公里 - kilometr',1,''),(1087,'2014-10-01 20:45:02',1,8,'116507','公园 [gong1yuan2]',1,''),(1088,'2014-10-01 20:45:05',1,9,'135430','park',1,''),(1089,'2014-10-01 20:45:06',1,10,'200648','公园 - park',1,''),(1090,'2014-10-01 20:45:14',1,8,'116508','够 [gou4]',1,''),(1091,'2014-10-01 20:45:24',1,9,'135431','wystarczyć',1,''),(1092,'2014-10-01 20:45:25',1,10,'200649','够 - wystarczyć',1,''),(1093,'2014-10-01 20:45:33',1,8,'116509','姑娘 [gu1niang5]',1,''),(1094,'2014-10-01 20:45:37',1,9,'135432','panienka',1,''),(1095,'2014-10-01 20:45:38',1,10,'200650','姑娘 - panienka',1,''),(1096,'2014-10-01 20:45:43',1,8,'116510','故事 [gu4shi5]',1,''),(1097,'2014-10-01 20:45:58',1,9,'135433','opowieść',1,''),(1098,'2014-10-01 20:45:59',1,10,'200651','故事 - opowieść',1,''),(1099,'2014-10-01 20:46:05',1,8,'116511','刮 [gua1]',1,''),(1100,'2014-10-01 20:46:11',1,9,'135434','drapać',1,''),(1101,'2014-10-01 20:46:30',1,10,'200652','刮 - drapać',1,''),(1102,'2014-10-01 20:46:36',1,8,'116512','关 [guan1]',1,''),(1103,'2014-10-01 20:46:39',1,9,'135435','zamknąć',1,''),(1104,'2014-10-01 20:46:40',1,10,'200653','关 - zamknąć',1,''),(1105,'2014-10-01 20:46:45',1,8,'116513','关系 [guan1xi4]',1,''),(1106,'2014-10-01 20:46:49',1,9,'135436','znajomość',1,''),(1107,'2014-10-01 20:46:51',1,10,'200654','关系 - znajomość',1,''),(1108,'2014-10-01 20:46:56',1,8,'116514','关心 [guan1xin1]',1,''),(1109,'2014-10-01 20:47:24',1,9,'135437','troszczyć się',1,''),(1110,'2014-10-01 20:47:32',1,9,'135437','troszczyć się o',2,'Zmieniono word'),(1111,'2014-10-01 20:47:35',1,10,'200655','关心 - troszczyć się o',1,''),(1112,'2014-10-01 20:47:52',1,8,'116515','广播 [guang3bo1]',1,''),(1113,'2014-10-01 20:47:56',1,9,'135438','transmitować',1,''),(1114,'2014-10-01 20:47:57',1,10,'200656','广播 - transmitować',1,''),(1115,'2014-10-01 20:48:06',1,8,'116516','贵 [gui4]',1,''),(1116,'2014-10-01 20:48:08',1,9,'135439','drogi',1,''),(1117,'2014-10-01 20:48:09',1,10,'200657','贵 - drogi',1,''),(1118,'2014-10-01 20:48:20',1,8,'116517','贵姓 [gui4xing4]',1,''),(1119,'2014-10-01 20:48:35',1,9,'135440','szacowne nazwisko',1,''),(1120,'2014-10-01 20:48:37',1,10,'200658','贵姓 - szacowne nazwisko',1,''),(1121,'2014-10-01 20:48:45',1,9,'135440','szanowne nazwisko',2,'Zmieniono word'),(1122,'2014-10-01 20:48:51',1,8,'116518','国 [guo2]',1,''),(1123,'2014-10-01 20:48:55',1,9,'135441','państwo',1,''),(1124,'2014-10-01 20:48:57',1,10,'200659','国 - państwo',1,''),(1125,'2014-10-01 20:49:02',1,8,'116519','国家 [państwo]',1,''),(1126,'2014-10-01 20:49:13',1,8,'116519','国家 [guo2jia1]',2,'Zmieniono pinyin'),(1127,'2014-10-01 20:49:24',1,10,'200660','国家 - państwo',1,''),(1128,'2014-10-01 20:49:32',1,8,'116520','过 [przejść przez]',1,''),(1129,'2014-10-01 20:49:40',1,8,'116520','过 [guo4]',2,'Zmieniono pinyin'),(1130,'2014-10-01 20:50:05',1,9,'135442','przejść',1,''),(1131,'2014-10-01 20:50:06',1,10,'200661','过 - przejść',1,''),(1132,'2014-10-01 20:50:15',1,8,'116521','过 [guo5]',1,''),(1133,'2014-10-01 20:50:32',1,9,'135443','(partykuła oznaczające przeszłe doświadczenie)',1,''),(1134,'2014-10-01 20:50:34',1,10,'200662','过 - (partykuła oznaczające przeszłe doświadczenie)',1,''),(1135,'2014-10-01 20:50:40',1,8,'116522','过来 [guo4lai5]',1,''),(1136,'2014-10-01 20:50:45',1,9,'135444','podejść',1,''),(1137,'2014-10-01 20:50:46',1,10,'200663','过来 - podejść',1,''),(1138,'2014-10-01 20:50:52',1,8,'116523','过去 [guo4qu4]',1,''),(1139,'2014-10-01 20:50:56',1,9,'135445','przeszłość',1,''),(1140,'2014-10-01 20:50:57',1,10,'200664','过去 - przeszłość',1,''),(1141,'2014-10-01 20:51:16',1,8,'116524','哈哈 [ha1ha1]',1,''),(1142,'2014-10-01 20:51:19',1,9,'135446','haha',1,''),(1143,'2014-10-01 20:51:25',1,10,'200665','哈哈 - haha',1,''),(1144,'2014-10-01 20:51:36',1,8,'116525','还 [hai2]',1,''),(1145,'2014-10-01 20:51:48',1,9,'135447','jeszcze',1,''),(1146,'2014-10-01 20:51:55',1,10,'200666','还 - jeszcze',1,''),(1147,'2014-10-01 20:52:10',1,8,'116526','还是 [hai2shi4]',1,''),(1148,'2014-10-01 20:52:31',1,10,'200667','还是 - jeszcze',1,''),(1149,'2014-10-01 20:52:41',1,8,'116527','孩子 [hai2zi5]',1,''),(1150,'2014-10-01 20:52:53',1,9,'135448','dziecko',1,''),(1151,'2014-10-01 20:52:55',1,10,'200668','孩子 - dziecko',1,''),(1152,'2014-10-01 20:53:07',1,8,'116528','海 [hai3]',1,''),(1153,'2014-10-01 20:53:12',1,9,'135449','morze',1,''),(1154,'2014-10-01 20:53:13',1,10,'200669','海 - morze',1,''),(1155,'2014-10-01 20:53:31',1,8,'116529','寒假 [han2jia4]',1,''),(1156,'2014-10-01 20:53:43',1,9,'135450','ferie',1,''),(1157,'2014-10-01 20:53:44',1,10,'200670','寒假 - ferie',1,''),(1158,'2014-10-01 20:53:54',1,8,'116530','喊 [han3]',1,''),(1159,'2014-10-01 20:54:07',1,9,'135451','krzyczeć',1,''),(1160,'2014-10-01 20:54:09',1,10,'200671','喊 - krzyczeć',1,''),(1161,'2014-10-01 20:54:23',1,8,'116531','汉语 [han4yu3]',1,''),(1162,'2014-10-01 20:54:41',1,9,'135452','język chiński',1,''),(1163,'2014-10-01 20:54:43',1,10,'200672','汉语 - język chiński',1,''),(1164,'2014-10-01 20:54:55',1,8,'116532','汉字 [han4zi4]',1,''),(1165,'2014-10-01 20:55:05',1,9,'135453','znak chiński',1,''),(1166,'2014-10-01 20:55:06',1,10,'200673','汉字 - znak chiński',1,''),(1167,'2014-10-01 20:55:19',1,8,'116533','好 [hao3]',1,''),(1168,'2014-10-01 20:55:24',1,9,'135454','dobry',1,''),(1169,'2014-10-01 20:55:25',1,10,'200674','好 - dobry',1,''),(1170,'2014-10-01 20:55:55',1,10,'200675','好 - bardzo',1,''),(1171,'2014-10-01 20:56:07',1,8,'116534','好吃 [hao3chi1]',1,''),(1172,'2014-10-01 20:56:57',1,9,'135455','smaczny',1,''),(1173,'2014-10-01 20:56:58',1,10,'200676','好吃 - smaczny',1,''),(1174,'2014-10-01 20:57:11',1,8,'116535','好处 [hao3chu5]',1,''),(1175,'2014-10-01 20:57:19',1,9,'135456','zaleta',1,''),(1176,'2014-10-01 20:57:20',1,10,'200677','好处 - zaleta',1,''),(1177,'2014-10-01 20:57:33',1,8,'116536','好看 [hao3kan4]',1,''),(1178,'2014-10-01 20:58:02',1,9,'135457','ładny',1,''),(1179,'2014-10-01 20:58:03',1,10,'200678','好看 - ładny',1,''),(1180,'2014-10-01 20:58:22',1,8,'116537','好像 [hao3xiang4]',1,''),(1181,'2014-10-01 20:58:39',1,9,'135458','wyglądać jak',1,''),(1182,'2014-10-01 20:58:41',1,10,'200679','好像 - wyglądać jak',1,''),(1183,'2014-10-01 20:59:34',1,8,'116538','号 [hao4]',1,''),(1184,'2014-10-01 20:59:39',1,9,'135459','numer',1,''),(1185,'2014-10-01 20:59:40',1,10,'200680','号 - numer',1,''),(1186,'2014-10-01 20:59:55',1,8,'116539','喝 [he1]',1,''),(1187,'2014-10-01 20:59:58',1,9,'135460','pić',1,''),(1188,'2014-10-01 21:00:00',1,10,'200681','喝 - pić',1,''),(1189,'2014-10-01 21:00:05',1,8,'116540','和 [he2]',1,''),(1190,'2014-10-01 21:00:09',1,9,'135461','i',1,''),(1191,'2014-10-01 21:00:11',1,10,'200682','和 - i',1,''),(1192,'2014-10-01 21:00:17',1,8,'116541','合适 [he2shi4]',1,''),(1193,'2014-10-01 21:00:20',1,9,'135462','odpowiedni',1,''),(1194,'2014-10-01 21:00:21',1,10,'200683','合适 - odpowiedni',1,''),(1195,'2014-10-01 21:00:26',1,8,'116542','河 [he2]',1,''),(1196,'2014-10-01 21:00:33',1,9,'135463','rzeka',1,''),(1197,'2014-10-01 21:00:40',1,10,'200684','河 - rzeka',1,''),(1198,'2014-10-01 21:00:46',1,8,'116543','黑 [hei1]',1,''),(1199,'2014-10-01 21:00:50',1,9,'135464','czarny',1,''),(1200,'2014-10-01 21:00:51',1,10,'200685','黑 - czarny',1,''),(1201,'2014-10-01 21:01:00',1,8,'116544','黑板 [hei1ban3]',1,''),(1202,'2014-10-01 21:01:09',1,10,'200686','黑板 - tablica',1,''),(1203,'2014-10-01 21:01:45',1,8,'116545','很 [hen3]',1,''),(1204,'2014-10-01 21:01:52',1,10,'200687','很 - bardzo',1,''),(1205,'2014-10-01 21:01:58',1,8,'116546','红 [hong2]',1,''),(1206,'2014-10-01 21:02:00',1,9,'135465','zerwony',1,''),(1207,'2014-10-01 21:02:09',1,9,'135465','czerwony',2,'Zmieniono word'),(1208,'2014-10-01 21:02:14',1,10,'200688','红 - czerwony',1,''),(1209,'2014-10-01 21:02:20',1,8,'116547','后 [hou4]',1,''),(1210,'2014-10-01 21:02:22',1,9,'135466','za',1,''),(1211,'2014-10-01 21:02:24',1,10,'200689','后 - za',1,''),(1212,'2014-10-01 21:02:42',1,8,'116548','后边 [hou4bian5]',1,''),(1213,'2014-10-01 21:02:46',1,9,'135467','z tyłu',1,''),(1214,'2014-10-01 21:02:48',1,10,'200690','后边 - z tyłu',1,''),(1215,'2014-10-01 21:02:54',1,8,'116549','忽然 [hu1ran2]',1,''),(1216,'2014-10-01 21:02:59',1,9,'135468','nagle',1,''),(1217,'2014-10-01 21:03:01',1,10,'200691','忽然 - nagle',1,''),(1218,'2014-10-01 21:03:05',1,8,'116550','湖 [hu2]',1,''),(1219,'2014-10-01 21:03:12',1,9,'135469','jezioro',1,''),(1220,'2014-10-01 21:03:16',1,10,'200692','湖 - jezioro',1,''),(1221,'2014-10-01 21:03:23',1,8,'116551','互相 [hu4xiang1]',1,''),(1222,'2014-10-01 21:03:28',1,9,'135470','nawzajem',1,''),(1223,'2014-10-01 21:03:29',1,10,'200693','互相 - nawzajem',1,''),(1224,'2014-10-01 21:03:34',1,8,'116552','花 [hua1]',1,''),(1225,'2014-10-01 21:03:36',1,9,'135471','kwat',1,''),(1226,'2014-10-01 21:03:43',1,9,'135471','kwiat',2,'Zmieniono word'),(1227,'2014-10-01 21:03:45',1,10,'200694','花 - kwiat',1,''),(1228,'2014-10-01 21:03:55',1,9,'135472','wydać',1,''),(1229,'2014-10-01 21:03:57',1,10,'200695','花 - wydać',1,''),(1230,'2014-10-01 21:04:04',1,9,'135473','spędzać',1,''),(1231,'2014-10-01 21:04:05',1,10,'200696','花 - spędzać',1,''),(1232,'2014-10-01 21:04:10',1,8,'116553','画 [hua4]',1,''),(1233,'2014-10-01 21:04:16',1,9,'135474','rysować',1,''),(1234,'2014-10-01 21:04:17',1,10,'200697','画 - rysować',1,''),(1235,'2014-10-01 21:04:22',1,9,'135475','malować',1,''),(1236,'2014-10-01 21:04:24',1,10,'200698','画 - malować',1,''),(1237,'2014-10-01 21:04:28',1,9,'135476','rysunek',1,''),(1238,'2014-10-01 21:04:29',1,10,'200699','画 - rysunek',1,''),(1239,'2014-10-01 21:04:35',1,9,'135477','obraz',1,''),(1240,'2014-10-01 21:04:38',1,10,'200700','画 - obraz',1,''),(1241,'2014-10-01 21:04:53',1,8,'116554','画儿 [hua4r]',1,''),(1242,'2014-10-01 21:05:01',1,10,'200701','画儿 - obraz',1,''),(1243,'2014-10-01 21:05:10',1,8,'116555','化学 [hua4xue2]',1,''),(1244,'2014-10-01 21:05:16',1,9,'135478','chemia',1,''),(1245,'2014-10-01 21:05:17',1,10,'200702','化学 - chemia',1,''),(1246,'2014-10-01 21:05:40',1,8,'116556','话 [hua4]',1,''),(1247,'2014-10-01 21:05:52',1,9,'135479','mowa',1,''),(1248,'2014-10-01 21:05:54',1,10,'200703','话 - mowa',1,''),(1249,'2014-10-01 21:06:15',1,8,'116557','坏 [huai4]',1,''),(1250,'2014-10-01 21:06:19',1,9,'135480','zepsuty',1,''),(1251,'2014-10-01 21:06:22',1,10,'200704','坏 - zepsuty',1,''),(1252,'2014-10-01 21:06:36',1,8,'116558','欢迎 [huan1ying2]',1,''),(1253,'2014-10-01 21:06:43',1,9,'135481','witać',1,''),(1254,'2014-10-01 21:06:44',1,10,'200705','欢迎 - witać',1,''),(1255,'2014-10-01 21:06:52',1,8,'116559','还 [huan2]',1,''),(1256,'2014-10-01 21:06:54',1,9,'135482','oddać',1,''),(1257,'2014-10-01 21:06:55',1,10,'200706','还 - oddać',1,''),(1258,'2014-10-01 21:07:00',1,8,'116560','换 [huan4]',1,''),(1259,'2014-10-01 21:07:05',1,9,'135483','wymienić',1,''),(1260,'2014-10-01 21:07:08',1,10,'200707','换 - wymienić',1,''),(1261,'2014-10-01 21:07:14',1,8,'116561','黄 [huang2]',1,''),(1262,'2014-10-01 21:07:18',1,9,'135484','żółty',1,''),(1263,'2014-10-01 21:07:21',1,10,'200708','黄 - żółty',1,''),(1264,'2014-10-01 21:07:26',1,8,'116562','回 [hui2]',1,''),(1265,'2014-10-01 21:07:31',1,9,'135485','wrócić',1,''),(1266,'2014-10-01 22:13:03',1,8,'116563','回答 [hui2da2]',1,''),(1267,'2014-10-01 22:13:23',1,9,'135486','odpowiedzieć',1,''),(1268,'2014-10-01 22:13:24',1,10,'200709','回答 - odpowiedzieć',1,''),(1269,'2014-10-01 22:13:31',1,8,'116564','回来 [hui2lai2]',1,''),(1270,'2014-10-01 22:13:39',1,10,'200710','回来 - wrócić',1,''),(1271,'2014-10-01 22:13:47',1,8,'116565','回去 [hui2qu4]',1,''),(1272,'2014-10-01 22:13:53',1,10,'200711','回去 - wrócić',1,''),(1273,'2014-10-01 22:14:00',1,8,'116566','会 [hui4]',1,''),(1274,'2014-10-01 22:14:03',1,9,'135487','potrafić',1,''),(1275,'2014-10-01 22:14:04',1,10,'200712','会 - potrafić',1,''),(1276,'2014-10-01 22:14:14',1,9,'135488','spotkanie',1,''),(1277,'2014-10-01 22:14:15',1,10,'200713','会 - spotkanie',1,''),(1278,'2014-10-01 22:14:25',1,8,'116567','会话 [hui4hua4]',1,''),(1279,'2014-10-01 22:14:27',1,9,'135489','rozmowa',1,''),(1280,'2014-10-01 22:14:30',1,10,'200714','会话 - rozmowa',1,''),(1281,'2014-10-01 22:14:35',1,8,'116568','活 [huo2]',1,''),(1282,'2014-10-01 22:14:38',1,9,'135490','żyć',1,''),(1283,'2014-10-01 22:14:40',1,10,'200715','活 - żyć',1,''),(1284,'2014-10-01 22:14:52',1,8,'116569','活儿 [huo2]',1,''),(1285,'2014-10-01 22:15:14',1,10,'200716','活儿 - praca',1,''),(1286,'2014-10-01 22:15:27',1,8,'116569','活儿 [huo2er5]',2,'Zmieniono pinyin'),(1287,'2014-10-01 22:15:43',1,8,'116570','活动 [huo2dong4]',1,''),(1288,'2014-10-01 22:15:52',1,9,'135491','aktywność',1,''),(1289,'2014-10-01 22:15:55',1,10,'200717','活动 - aktywność',1,''),(1290,'2014-10-01 22:16:07',1,8,'116571','火车 [huo3che1]',1,''),(1291,'2014-10-01 22:16:11',1,9,'135492','pociąg',1,''),(1292,'2014-10-01 22:16:12',1,10,'200718','火车 - pociąg',1,''),(1293,'2014-10-01 22:16:21',1,8,'116572','或者 [huo4zhe3]',1,''),(1294,'2014-10-01 22:17:29',1,9,'135493','albo',1,''),(1295,'2014-10-01 22:17:30',1,10,'200719','或者 - albo',1,''),(1296,'2014-10-01 22:17:38',1,8,'116573','基本 [ji1ben3]',1,''),(1297,'2014-10-01 22:17:43',1,9,'135494','podstawa',1,''),(1298,'2014-10-01 22:17:44',1,10,'200720','基本 - podstawa',1,''),(1299,'2014-10-01 22:17:50',1,8,'116574','基础 [ji1chu3]',1,''),(1300,'2014-10-01 22:17:58',1,9,'135495','baza',1,''),(1301,'2014-10-01 22:18:02',1,10,'200721','基础 - podstawa',1,''),(1302,'2014-10-01 22:18:07',1,8,'116575','机场 [ji1chang3]',1,''),(1303,'2014-10-01 22:18:09',1,9,'135496','lotnisko',1,''),(1304,'2014-10-01 22:18:10',1,10,'200722','机场 - lotnisko',1,''),(1305,'2014-10-01 22:18:18',1,8,'116576','机会 [ji1hui4]',1,''),(1306,'2014-10-01 22:18:21',1,9,'135497','zansa',1,''),(1307,'2014-10-01 22:18:29',1,10,'200723','机会 - zansa',1,''),(1308,'2014-10-01 22:18:34',1,8,'116577','机器 [ji1qi4]',1,''),(1309,'2014-10-01 22:18:42',1,9,'135498','maszyna',1,''),(1310,'2014-10-01 22:18:43',1,10,'200724','机器 - maszyna',1,''),(1311,'2014-10-01 22:18:47',1,8,'116578','鸡 [ji1]',1,''),(1312,'2014-10-01 22:18:49',1,9,'135499','kurczak',1,''),(1313,'2014-10-01 22:18:51',1,10,'200725','鸡 - kurczak',1,''),(1314,'2014-10-01 22:18:57',1,8,'116579','鸡蛋 [ji1dan4]',1,''),(1315,'2014-10-01 22:19:01',1,9,'135500','jajko',1,''),(1316,'2014-10-01 22:19:03',1,10,'200726','鸡蛋 - jajko',1,''),(1317,'2014-10-01 22:19:13',1,8,'116580','集合 [ji2he2]',1,''),(1318,'2014-10-01 22:19:40',1,9,'135501','zbierać',1,''),(1319,'2014-10-01 22:19:41',1,10,'200727','集合 - zbierać',1,''),(1320,'2014-10-01 22:19:47',1,8,'116581','急 [ji2]',1,''),(1321,'2014-10-01 22:19:50',1,9,'135502','pilny',1,''),(1322,'2014-10-01 22:19:51',1,10,'200728','急 - pilny',1,''),(1323,'2014-10-01 22:19:55',1,8,'116582','挤 [ji3]',1,''),(1324,'2014-10-01 22:20:03',1,9,'135503','zatłoczony',1,''),(1325,'2014-10-01 22:20:05',1,10,'200729','挤 - zatłoczony',1,''),(1326,'2014-10-01 22:20:10',1,8,'116583','几 [ji3]',1,''),(1327,'2014-10-01 22:20:13',1,9,'135504','kilka',1,''),(1328,'2014-10-01 22:20:14',1,10,'200730','几 - kilka',1,''),(1329,'2014-10-01 22:20:19',1,10,'200731','几 - ile',1,''),(1330,'2014-10-01 22:20:26',1,8,'116584','技术 [ji4shu4]',1,''),(1331,'2014-10-01 22:20:32',1,9,'135505','technologia',1,''),(1332,'2014-10-01 22:20:34',1,10,'200732','技术 - technologia',1,''),(1333,'2014-10-01 22:20:42',1,8,'116585','寄 [ji4]',1,''),(1334,'2014-10-01 22:20:53',1,10,'200733','寄 - wysłać',1,''),(1335,'2014-10-01 22:21:01',1,8,'116586','计划 [ji4hua4]',1,''),(1336,'2014-10-01 22:21:06',1,9,'135506','plan',1,''),(1337,'2014-10-01 22:21:08',1,10,'200734','计划 - plan',1,''),(1338,'2014-10-01 22:21:19',1,8,'116587','记 [ji4]',1,''),(1339,'2014-10-01 22:21:23',1,9,'135507','zapamiętać',1,''),(1340,'2014-10-01 22:21:36',1,9,'135507','pamiętać',2,'Zmieniono word'),(1341,'2014-10-01 22:21:39',1,10,'200735','记 - pamiętać',1,''),(1342,'2014-10-01 22:21:46',1,8,'116588','继续 [ji4xu4]',1,''),(1343,'2014-10-01 22:21:50',1,9,'135508','kontynuować',1,''),(1344,'2014-10-01 22:21:51',1,10,'200736','继续 - kontynuować',1,''),(1345,'2014-10-01 22:21:56',1,8,'116589','家 [jia1]',1,''),(1346,'2014-10-01 22:22:03',1,9,'135509','dom',1,''),(1347,'2014-10-01 22:22:04',1,10,'200737','家 - dom',1,''),(1348,'2014-10-01 22:22:10',1,8,'116590','家庭 [jia1ting2]',1,''),(1349,'2014-10-01 22:22:21',1,10,'200738','家庭 - dom',1,''),(1350,'2014-10-01 22:22:25',1,8,'116591','加 [jia1]',1,''),(1351,'2014-10-01 22:22:30',1,9,'135510','dodać',1,''),(1352,'2014-10-01 22:22:31',1,10,'200739','加 - dodać',1,''),(1353,'2014-10-01 22:22:37',1,8,'116592','坚持 [jian1chi2]',1,''),(1354,'2014-10-01 22:22:50',1,9,'135511','trwać przy',1,''),(1355,'2014-10-01 22:22:53',1,10,'200740','坚持 - trwać przy',1,''),(1356,'2014-10-01 22:22:58',1,8,'116593','间 [jian1]',1,''),(1357,'2014-10-01 22:23:04',1,9,'135512','(klasyfikator dla pokoi)',1,''),(1358,'2014-10-01 22:23:15',1,9,'135512','(klasyfikator dla pomieszczeń)',2,'Zmieniono word'),(1359,'2014-10-01 22:23:16',1,10,'200741','间 - (klasyfikator dla pomieszczeń)',1,''),(1360,'2014-10-01 22:23:23',1,8,'116594','检查 [jian3cha2]',1,''),(1361,'2014-10-01 22:23:30',1,10,'200742','检查 - sprawdzić',1,''),(1362,'2014-10-01 22:23:37',1,8,'116595','简单 [jian3dan1]',1,''),(1363,'2014-10-01 22:23:41',1,9,'135513','prosty',1,''),(1364,'2014-10-01 22:23:42',1,10,'200743','简单 - prosty',1,''),(1365,'2014-10-01 22:23:57',1,8,'116596','见 [jian4]',1,''),(1366,'2014-10-01 22:24:05',1,9,'135514','spotkać',1,''),(1367,'2014-10-01 22:24:06',1,10,'200744','见 - spotkać',1,''),(1368,'2014-10-01 22:24:13',1,8,'116597','见面 [jian4mian4]',1,''),(1369,'2014-10-01 22:24:17',1,10,'200745','见面 - spotkać',1,''),(1370,'2014-10-01 22:24:23',1,8,'116598','件 [jian4]',1,''),(1371,'2014-10-01 22:24:33',1,9,'135515','(klasyfikator dla ubrań)',1,''),(1372,'2014-10-01 22:24:35',1,10,'200746','件 - (klasyfikator dla ubrań)',1,''),(1373,'2014-10-01 22:24:47',1,8,'116599','健康 [jian4kang1]',1,''),(1374,'2014-10-01 22:24:53',1,9,'135516','zdrowy',1,''),(1375,'2014-10-01 22:24:55',1,10,'200747','健康 - zdrowy',1,''),(1376,'2014-10-01 22:25:02',1,8,'116600','建设 [jian4she4]',1,''),(1377,'2014-10-01 22:25:11',1,9,'135517','budować',1,''),(1378,'2014-10-01 22:25:12',1,10,'200748','建设 - budować',1,''),(1379,'2014-10-01 22:25:18',1,8,'116601','将来 [jiang1lai2]',1,''),(1380,'2014-10-01 22:25:22',1,9,'135518','przyszłość',1,''),(1381,'2014-10-01 22:25:23',1,10,'200749','将来 - przyszłość',1,''),(1382,'2014-10-01 22:25:29',1,8,'116602','江 [jiang1]',1,''),(1383,'2014-10-01 22:25:35',1,10,'200750','江 - rzeka',1,''),(1384,'2014-10-01 22:25:41',1,8,'116603','讲 [jiang3]',1,''),(1385,'2014-10-01 22:25:54',1,9,'135519','mówić',1,''),(1386,'2014-10-01 22:25:56',1,10,'200751','讲 - mówić',1,''),(1387,'2014-10-01 22:26:03',1,8,'116604','交 [jiao1]',1,''),(1388,'2014-10-01 22:26:07',1,9,'135520','podać',1,''),(1389,'2014-10-01 22:26:08',1,10,'200752','交 - podać',1,''),(1390,'2014-10-01 22:26:16',1,8,'116605','教 [jiao1]',1,''),(1391,'2014-10-01 22:26:19',1,9,'135521','uczyć',1,''),(1392,'2014-10-01 22:26:21',1,10,'200753','教 - uczyć',1,''),(1393,'2014-10-01 22:26:27',1,8,'116606','脚 [jiao3]',1,''),(1394,'2014-10-01 22:26:38',1,10,'200754','脚 - stopa',1,''),(1395,'2014-10-01 22:26:46',1,8,'116607','角 [jiao3]',1,''),(1396,'2014-10-01 22:27:28',1,9,'135522','ró',1,''),(1397,'2014-10-01 22:27:33',1,9,'135522','róg',2,'Zmieniono word'),(1398,'2014-10-01 22:27:36',1,10,'200755','角 - róg',1,''),(1399,'2014-10-01 22:27:44',1,8,'116608','饺子 [jiao3zi5]',1,''),(1400,'2014-10-01 22:27:47',1,9,'135523','pierogi',1,''),(1401,'2014-10-01 22:27:50',1,10,'200756','饺子 - pierogi',1,''),(1402,'2014-10-01 22:28:01',1,8,'116609','教室 [jiao4shi4]',1,''),(1403,'2014-10-01 22:28:12',1,10,'200757','教室 - klasa',1,''),(1404,'2014-10-01 22:28:18',1,8,'116610','教育 [jiao4yu4]',1,''),(1405,'2014-10-01 22:28:23',1,9,'135524','edukacja',1,''),(1406,'2014-10-01 22:28:24',1,10,'200758','教育 - edukacja',1,''),(1407,'2014-10-01 22:28:28',1,8,'116611','叫 [jiao4]',1,''),(1408,'2014-10-01 22:28:33',1,9,'135525','wołać',1,''),(1409,'2014-10-01 22:28:34',1,10,'200759','叫 - wołać',1,''),(1410,'2014-10-01 22:28:58',1,8,'116612','接 [jie1]',1,''),(1411,'2014-10-01 22:29:08',1,9,'135526','odebrać',1,''),(1412,'2014-10-01 22:29:09',1,10,'200760','接 - odebrać',1,''),(1413,'2014-10-01 22:29:14',1,8,'116613','接着 [jie1zhe5]',1,''),(1414,'2014-10-01 22:29:18',1,9,'135527','następnie',1,''),(1415,'2014-10-01 22:29:19',1,10,'200761','接着 - następnie',1,''),(1416,'2014-10-01 22:29:24',1,8,'116614','街 [jie1]',1,''),(1417,'2014-10-01 22:29:29',1,9,'135528','ulica',1,''),(1418,'2014-10-01 22:29:30',1,10,'200762','街 - ulica',1,''),(1419,'2014-10-01 22:29:41',1,8,'116615','节 [jie2]',1,''),(1420,'2014-10-01 22:29:45',1,9,'135529','święto',1,''),(1421,'2014-10-01 22:29:46',1,10,'200763','节 - święto',1,''),(1422,'2014-10-01 22:29:52',1,8,'116616','节目 [jie2mu4]',1,''),(1423,'2014-10-01 22:29:55',1,9,'135530','program',1,''),(1424,'2014-10-01 22:29:56',1,10,'200764','节目 - program',1,''),(1425,'2014-10-01 22:30:01',1,8,'116617','节日 [jie2ri4]',1,''),(1426,'2014-10-01 22:30:07',1,10,'200765','节日 - święto',1,''),(1427,'2014-10-01 22:30:27',1,8,'116618','结果 [jie2guo3]',1,''),(1428,'2014-10-01 22:30:33',1,9,'135531','w rezultacie',1,''),(1429,'2014-10-01 22:30:35',1,10,'200766','结果 - w rezultacie',1,''),(1430,'2014-10-01 22:30:41',1,8,'116619','结束 [jie2shu4]',1,''),(1431,'2014-10-01 22:30:55',1,9,'135532','skończyć się',1,''),(1432,'2014-10-01 22:30:56',1,10,'200767','结束 - skończyć się',1,''),(1433,'2014-10-01 22:31:02',1,8,'116620','解决 [jie3jue2]',1,''),(1434,'2014-10-01 22:31:07',1,9,'135533','rozwiązać',1,''),(1435,'2014-10-01 22:31:09',1,10,'200768','解决 - rozwiązać',1,''),(1436,'2014-10-01 22:31:14',1,8,'116621','姐姐 [jie3jie5]',1,''),(1437,'2014-10-01 22:31:21',1,9,'135534','starsza siostra',1,''),(1438,'2014-10-01 22:31:22',1,10,'200769','姐姐 - starsza siostra',1,''),(1439,'2014-10-01 22:31:26',1,8,'116622','借 [jie4]',1,''),(1440,'2014-10-01 22:31:31',1,9,'135535','pożyczyć',1,''),(1441,'2014-10-01 22:31:32',1,10,'200770','借 - pożyczyć',1,''),(1442,'2014-10-01 22:31:39',1,8,'116623','介绍 [jie4shao4]',1,''),(1443,'2014-10-01 22:31:46',1,9,'135536','przedstawić',1,''),(1444,'2014-10-01 22:31:54',1,10,'200771','介绍 - przedstawić',1,''),(1445,'2014-10-01 22:32:01',1,8,'116624','斤 [jin1]',1,''),(1446,'2014-10-01 22:32:05',1,9,'135537','pół kilograma',1,''),(1447,'2014-10-01 22:32:07',1,10,'200772','斤 - pół kilograma',1,''),(1448,'2014-10-01 22:32:13',1,8,'116625','今年 [jin1nian2]',1,''),(1449,'2014-10-01 22:32:16',1,9,'135538','ten rok',1,''),(1450,'2014-10-01 22:32:17',1,10,'200773','今年 - ten rok',1,''),(1451,'2014-10-01 22:32:22',1,8,'116626','今天 [jin1tian1]',1,''),(1452,'2014-10-01 22:32:25',1,9,'135539','dziś',1,''),(1453,'2014-10-01 22:32:26',1,10,'200774','今天 - dziś',1,''),(1454,'2014-10-01 22:32:31',1,8,'116627','紧 [jin3]',1,''),(1455,'2014-10-01 22:32:35',1,9,'135540','ciasny',1,''),(1456,'2014-10-01 22:32:36',1,10,'200775','紧 - ciasny',1,''),(1457,'2014-10-01 22:32:41',1,8,'116628','紧张 [jin3zhang1]',1,''),(1458,'2014-10-01 22:32:44',1,9,'135541','zdenerwowany',1,''),(1459,'2014-10-01 22:32:46',1,10,'200776','紧张 - zdenerwowany',1,''),(1460,'2014-10-01 22:32:53',1,8,'116629','进 [jin4]',1,''),(1461,'2014-10-01 22:32:56',1,9,'135542','wejść',1,''),(1462,'2014-10-01 22:32:58',1,10,'200777','进 - wejść',1,''),(1463,'2014-10-01 22:33:05',1,8,'116630','进来 [jin4lai2]',1,''),(1464,'2014-10-01 22:33:14',1,10,'200778','进来 - wejść',1,''),(1465,'2014-10-01 22:33:19',1,8,'116631','进去 [jin4qu4]',1,''),(1466,'2014-10-01 22:33:22',1,10,'200779','进去 - wejść',1,''),(1467,'2014-10-01 22:33:38',1,8,'116632','进行 [jin4xing2]',1,''),(1468,'2014-10-01 22:33:41',1,9,'135543','trwać',1,''),(1469,'2014-10-01 22:33:45',1,10,'200780','进行 - trwać',1,''),(1470,'2014-10-01 22:33:51',1,8,'116633','近 [jin4]',1,''),(1471,'2014-10-01 22:35:29',1,9,'135544','blisko',1,''),(1472,'2014-10-01 22:35:31',1,10,'200781','近 - blisko',1,''),(1473,'2014-10-01 22:35:37',1,8,'116634','精彩 [jing1cai3]',1,''),(1474,'2014-10-01 22:35:42',1,9,'135545','wspaniały',1,''),(1475,'2014-10-01 22:35:43',1,10,'200782','精彩 - wspaniały',1,''),(1476,'2014-10-01 22:35:49',1,8,'116635','精神 [jing1shen2]',1,''),(1477,'2014-10-01 22:35:52',1,9,'135546','duch',1,''),(1478,'2014-10-01 22:35:54',1,10,'200783','精神 - duch',1,''),(1479,'2014-10-01 22:36:00',1,8,'116636','经常 [jing1chang2]',1,''),(1480,'2014-10-01 22:36:12',1,10,'200784','经常 - często',1,''),(1481,'2014-10-01 22:36:21',1,8,'116637','经过 [jing1guo4]',1,''),(1482,'2014-10-01 22:36:28',1,9,'135547','zdać',1,''),(1483,'2014-10-01 22:36:30',1,10,'200785','经过 - zdać',1,''),(1484,'2014-10-01 22:36:35',1,8,'116638','经济 [jing1ji4]',1,''),(1485,'2014-10-01 22:36:39',1,9,'135548','gospodarka',1,''),(1486,'2014-10-01 22:36:41',1,10,'200786','经济 - gospodarka',1,''),(1487,'2014-10-01 22:36:47',1,9,'135549','ekonomia',1,''),(1488,'2014-10-01 22:36:48',1,10,'200787','经济 - ekonomia',1,''),(1489,'2014-10-01 22:36:54',1,8,'116639','经验 [jing1yan4]',1,''),(1490,'2014-10-01 22:36:59',1,9,'135550','doświadczenie',1,''),(1491,'2014-10-01 22:37:00',1,10,'200788','经验 - doświadczenie',1,''),(1492,'2014-10-01 22:37:04',1,8,'116640','久 [jiu3]',1,''),(1493,'2014-10-01 22:37:09',1,9,'135551','długo',1,''),(1494,'2014-10-01 22:37:10',1,10,'200789','久 - długo',1,''),(1495,'2014-10-01 22:37:23',1,8,'116641','九 [jiu3]',1,''),(1496,'2014-10-01 22:37:26',1,9,'135552','dziewięć',1,''),(1497,'2014-10-01 22:37:29',1,10,'200790','九 - dziewięć',1,''),(1498,'2014-10-01 22:37:36',1,8,'116642','酒 [jiu3]',1,''),(1499,'2014-10-01 22:37:39',1,9,'135553','alkohol',1,''),(1500,'2014-10-01 22:37:40',1,10,'200791','酒 - alkohol',1,''),(1501,'2014-10-01 22:37:47',1,8,'116643','旧 [jiu4]',1,''),(1502,'2014-10-01 22:37:52',1,9,'135554','miniony',1,''),(1503,'2014-10-01 22:37:53',1,10,'200792','旧 - miniony',1,''),(1504,'2014-10-01 22:37:59',1,8,'116644','就 [jiu4]',1,''),(1505,'2014-10-01 22:38:06',1,9,'135555','wtedy',1,''),(1506,'2014-10-01 22:38:07',1,10,'200793','就 - wtedy',1,''),(1507,'2014-10-01 22:38:14',1,8,'116645','橘子 [ju2zi5]',1,''),(1508,'2014-10-01 22:38:19',1,9,'135556','mandarynka',1,''),(1509,'2014-10-01 22:38:20',1,10,'200794','橘子 - mandarynka',1,''),(1510,'2014-10-01 22:38:26',1,8,'116646','举 [ju3]',1,''),(1511,'2014-10-01 22:38:30',1,9,'135557','podnieść',1,''),(1512,'2014-10-01 22:38:31',1,10,'200795','举 - podnieść',1,''),(1513,'2014-10-01 22:38:37',1,8,'116647','句 [ju4]',1,''),(1514,'2014-10-01 22:38:43',1,9,'135558','(klasyfikator dla zdań)',1,''),(1515,'2014-10-01 22:38:45',1,10,'200796','句 - (klasyfikator dla zdań)',1,''),(1516,'2014-10-01 22:38:53',1,8,'116648','句子 [ju4zi5]',1,''),(1517,'2014-10-01 22:38:56',1,9,'135559','zdanie',1,''),(1518,'2014-10-01 22:38:57',1,10,'200797','句子 - zdanie',1,''),(1519,'2014-10-01 22:39:03',1,8,'116649','觉得 [jue2de5]',1,''),(1520,'2014-10-01 22:39:07',1,9,'135560','myśleć',1,''),(1521,'2014-10-01 22:39:08',1,10,'200798','觉得 - myśleć',1,''),(1522,'2014-10-01 22:39:14',1,8,'116650','决定 [jue2ding4]',1,''),(1523,'2014-10-01 22:39:21',1,9,'135561','zdecydować',1,''),(1524,'2014-10-01 22:39:23',1,10,'200799','决定 - zdecydować',1,''),(1525,'2014-10-01 22:39:31',1,8,'116651','咖啡 [ka1fei1]',1,''),(1526,'2014-10-01 22:39:36',1,9,'135562','kawa',1,''),(1527,'2014-10-01 22:39:38',1,10,'200800','咖啡 - kawa',1,''),(1528,'2014-10-01 22:39:43',1,8,'116652','卡车 [ka3che1]',1,''),(1529,'2014-10-01 22:39:47',1,9,'135563','ciężarówka',1,''),(1530,'2014-10-01 22:39:48',1,10,'200801','卡车 - ciężarówka',1,''),(1531,'2014-10-01 22:39:52',1,8,'116653','开 [kai1]',1,''),(1532,'2014-10-01 22:39:59',1,9,'135564','otworzyć',1,''),(1533,'2014-10-01 22:40:00',1,10,'200802','开 - otworzyć',1,''),(1534,'2014-10-01 22:40:05',1,9,'135565','uruchomić',1,''),(1535,'2014-10-01 22:40:06',1,10,'200803','开 - uruchomić',1,''),(1536,'2014-10-01 22:40:11',1,8,'116654','开始 [kai1shi3]',1,''),(1537,'2014-10-01 22:40:17',1,9,'135566','zacząć',1,''),(1538,'2014-10-01 22:40:18',1,10,'200804','开始 - zacząć',1,''),(1539,'2014-10-01 22:40:25',1,8,'116655','开玩笑 [kai1wan2xiao4]',1,''),(1540,'2014-10-01 22:40:33',1,9,'135567','żartować',1,''),(1541,'2014-10-01 22:40:34',1,10,'200805','开玩笑 - żartować',1,''),(1542,'2014-10-01 22:40:39',1,8,'116656','开学 [kai1xue2]',1,''),(1543,'2014-10-01 22:41:02',1,9,'135568','zacząć szkołę',1,''),(1544,'2014-10-01 22:41:03',1,10,'200806','开学 - zacząć szkołę',1,''),(1545,'2014-10-01 22:41:09',1,8,'116657','看 [kan4]',1,''),(1546,'2014-10-01 22:41:12',1,9,'135569','patrzyć',1,''),(1547,'2014-10-01 22:41:14',1,10,'200807','看 - patrzyć',1,''),(1548,'2014-10-01 22:41:19',1,9,'135570','oglądać',1,''),(1549,'2014-10-01 22:41:20',1,10,'200808','看 - oglądać',1,''),(1550,'2014-10-01 22:41:25',1,8,'116658','看病 [kan4bing4]',1,''),(1551,'2014-10-01 22:41:33',1,9,'135571','iść do lekarza',1,''),(1552,'2014-10-01 22:41:35',1,10,'200809','看病 - iść do lekarza',1,''),(1553,'2014-10-01 22:41:43',1,8,'116659','看见 [kan4jian4]',1,''),(1554,'2014-10-01 22:41:50',1,9,'135572','dostrzegać',1,''),(1555,'2014-10-01 22:41:51',1,10,'200810','看见 - dostrzegać',1,''),(1556,'2014-10-01 22:41:56',1,8,'116660','考试 [kao3shi4]',1,''),(1557,'2014-10-01 22:42:01',1,9,'135573','egzamin',1,''),(1558,'2014-10-01 22:42:03',1,10,'200811','考试 - egzamin',1,''),(1559,'2014-10-01 22:42:10',1,9,'135574','test',1,''),(1560,'2014-10-01 22:42:11',1,10,'200812','考试 - test',1,''),(1561,'2014-10-01 22:42:23',1,9,'135575','zdawać egzamin',1,''),(1562,'2014-10-01 22:42:24',1,10,'200813','考试 - zdawać egzamin',1,''),(1563,'2014-10-01 22:42:30',1,8,'116661','棵 [ke1]',1,''),(1564,'2014-10-01 22:42:37',1,9,'135576','(klasyfikator dla roślin)',1,''),(1565,'2014-10-01 22:42:38',1,10,'200814','棵 - (klasyfikator dla roślin)',1,''),(1566,'2014-10-01 22:42:47',1,8,'116662','科学 [ke1xue2]',1,''),(1567,'2014-10-01 22:42:50',1,9,'135577','nauka',1,''),(1568,'2014-10-01 22:42:51',1,10,'200815','科学 - nauka',1,''),(1569,'2014-10-01 22:42:57',1,8,'116663','咳嗽 [ke2sou5]',1,''),(1570,'2014-10-01 22:43:00',1,9,'135578','kaszel',1,''),(1571,'2014-10-01 22:43:01',1,10,'200816','咳嗽 - kaszel',1,''),(1572,'2014-10-01 22:43:07',1,8,'116664','可能 [ke3neng2]',1,''),(1573,'2014-10-01 22:43:56',1,9,'135579','możliwe',1,''),(1574,'2014-10-01 22:43:58',1,10,'200817','可能 - możliwe',1,''),(1575,'2014-10-01 22:44:03',1,8,'116665','可是 [ke3shi4]',1,''),(1576,'2014-10-01 22:44:06',1,10,'200818','可是 - ale',1,''),(1577,'2014-10-01 22:44:14',1,8,'116666','可以 [ke3yi3]',1,''),(1578,'2014-10-01 22:44:17',1,9,'135580','móc',1,''),(1579,'2014-10-01 22:44:18',1,10,'200819','可以 - móc',1,''),(1580,'2014-10-01 22:44:22',1,8,'116667','渴 [ke3]',1,''),(1581,'2014-10-01 22:44:26',1,9,'135581','spragniony',1,''),(1582,'2014-10-01 22:44:27',1,10,'200820','渴 - spragniony',1,''),(1583,'2014-10-01 22:44:34',1,8,'116668','克 [ke4]',1,''),(1584,'2014-10-01 22:44:37',1,9,'135582','gram',1,''),(1585,'2014-10-01 22:44:39',1,10,'200821','克 - gram',1,''),(1586,'2014-10-01 22:45:04',1,8,'116669','刻 [ke4]',1,''),(1587,'2014-10-01 22:45:11',1,10,'200822','刻 - gram',1,''),(1588,'2014-10-01 22:45:23',1,9,'135583','kwartał',1,''),(1589,'2014-10-01 22:45:25',1,10,'200823','刻 - kwartał',1,''),(1590,'2014-10-01 22:45:31',1,8,'116670','客气 [ke4qi5]',1,''),(1591,'2014-10-01 22:45:38',1,9,'135584','grzeczny',1,''),(1592,'2014-10-01 22:45:39',1,10,'200824','客气 - grzeczny',1,''),(1593,'2014-10-01 22:45:47',1,8,'116671','课 [ke4]',1,''),(1594,'2014-10-01 22:45:50',1,9,'135585','lekcja',1,''),(1595,'2014-10-01 22:45:51',1,10,'200825','课 - lekcja',1,''),(1596,'2014-10-01 22:45:56',1,8,'116672','课本 [ke4ben3]',1,''),(1597,'2014-10-01 22:52:47',1,9,'135586','textbook',1,''),(1598,'2014-10-01 22:52:49',1,10,'200826','课本 - textbook',1,''),(1599,'2014-10-01 22:52:59',1,8,'116673','课文 [ke4wen2]',1,''),(1600,'2014-10-01 22:53:03',1,9,'135587','tekst',1,''),(1601,'2014-10-01 22:53:04',1,10,'200827','课文 - tekst',1,''),(1602,'2014-10-01 22:53:10',1,8,'116674','空气 [kong1qi4]',1,''),(1603,'2014-10-01 22:53:14',1,9,'135588','powietrze',1,''),(1604,'2014-10-01 22:53:15',1,10,'200828','空气 - powietrze',1,''),(1605,'2014-10-01 22:53:29',1,8,'116675','口 [kou3]',1,''),(1606,'2014-10-01 22:53:33',1,9,'135589','usta',1,''),(1607,'2014-10-01 22:53:34',1,10,'200829','口 - usta',1,''),(1608,'2014-10-01 22:53:41',1,8,'116676','口语 [kou3yu3]',1,''),(1609,'2014-10-01 22:53:46',1,9,'135590','język mówiony',1,''),(1610,'2014-10-01 22:53:47',1,10,'200830','口语 - język mówiony',1,''),(1611,'2014-10-01 22:53:52',1,8,'116677','哭 [ku2]',1,''),(1612,'2014-10-01 22:53:57',1,8,'116677','哭 [ku1]',2,'Zmieniono pinyin'),(1613,'2014-10-01 22:54:05',1,9,'135591','płakać',1,''),(1614,'2014-10-01 22:54:09',1,10,'200831','哭 - płakać',1,''),(1615,'2014-10-01 22:54:15',1,8,'116678','苦 [ku3]',1,''),(1616,'2014-10-01 22:54:18',1,9,'135592','gorzki',1,''),(1617,'2014-10-01 22:54:19',1,10,'200832','苦 - gorzki',1,''),(1618,'2014-10-01 22:54:26',1,8,'116679','块 [kuai4]',1,''),(1619,'2014-10-01 22:54:30',1,9,'135593','kawałek',1,''),(1620,'2014-10-01 22:54:31',1,10,'200833','块 - kawałek',1,''),(1621,'2014-10-01 22:54:36',1,9,'135594','yuan',1,''),(1622,'2014-10-01 22:54:37',1,10,'200834','块 - yuan',1,''),(1623,'2014-10-01 22:54:47',1,9,'135595','szybki',1,''),(1624,'2014-10-01 22:54:49',1,10,'200835','块 - szybki',1,''),(1625,'2014-10-01 22:54:53',1,9,'135596','ostry',1,''),(1626,'2014-10-01 22:54:54',1,10,'200836','块 - ostry',1,''),(1627,'2014-10-01 22:55:00',1,8,'116680','困难 [kun4nan2]',1,''),(1628,'2014-10-01 22:55:04',1,9,'135597','trudność',1,''),(1629,'2014-10-01 22:55:07',1,10,'200837','困难 - trudność',1,''),(1630,'2014-10-01 22:55:12',1,8,'116681','拉 [la1]',1,''),(1631,'2014-10-01 22:55:16',1,9,'135598','ciągnąć',1,''),(1632,'2014-10-01 22:55:17',1,10,'200838','拉 - ciągnąć',1,''),(1633,'2014-10-01 22:55:22',1,8,'116682','啦 [la]',1,''),(1634,'2014-10-01 22:55:31',1,8,'116682','啦 [la5]',2,'Zmieniono pinyin'),(1635,'2014-10-01 22:55:47',1,10,'200839','啦 - (partykuła modalna na końcu zdania)',1,''),(1636,'2014-10-01 22:55:54',1,8,'116683','来 [lai2]',1,''),(1637,'2014-10-01 22:55:58',1,9,'135599','przyjść',1,''),(1638,'2014-10-01 22:55:59',1,10,'200840','来 - przyjść',1,''),(1639,'2014-10-01 22:56:04',1,8,'116684','蓝 [lan2]',1,''),(1640,'2014-10-01 22:56:08',1,9,'135600','niebieski',1,''),(1641,'2014-10-01 22:56:09',1,10,'200841','蓝 - niebieski',1,''),(1642,'2014-10-01 22:56:16',1,8,'116685','篮球 [koszykówka]',1,''),(1643,'2014-10-01 22:56:31',1,8,'116685','篮球 [lan2qiu2]',2,'Zmieniono pinyin'),(1644,'2014-10-01 22:56:37',1,9,'135601','koszykówka',1,''),(1645,'2014-10-01 22:56:38',1,10,'200842','篮球 - koszykówka',1,''),(1646,'2014-10-01 22:56:45',1,8,'116686','劳动 [lao2dong4]',1,''),(1647,'2014-10-01 22:56:53',1,10,'200843','劳动 - praca',1,''),(1648,'2014-10-01 22:57:01',1,8,'116687','劳驾 [lao2 jia4]',1,''),(1649,'2014-10-01 22:57:12',1,10,'200844','劳驾 - przepraszam',1,''),(1650,'2014-10-01 22:57:28',1,8,'116688','老 [lao3]',1,''),(1651,'2014-10-01 22:57:30',1,9,'135602','stary',1,''),(1652,'2014-10-01 22:57:31',1,10,'200845','老 - stary',1,''),(1653,'2014-10-01 22:57:41',1,8,'116689','老师 [lao3shi1]',1,''),(1654,'2014-10-01 22:57:49',1,10,'200846','老师 - nauczyciel',1,''),(1655,'2014-10-01 22:57:57',1,8,'116690','了 [le5]',1,''),(1656,'2014-10-01 22:58:02',1,10,'200847','了 - (partykuła modalna na końcu zdania)',1,''),(1657,'2014-10-01 22:58:06',1,8,'116691','累 [lei4]',1,''),(1658,'2014-10-01 22:58:10',1,9,'135603','zmęczony',1,''),(1659,'2014-10-01 22:58:11',1,10,'200848','累 - zmęczony',1,''),(1660,'2014-10-01 22:58:16',1,8,'116692','冷 [leng3]',1,''),(1661,'2014-10-01 22:58:20',1,9,'135604','zimny',1,''),(1662,'2014-10-01 22:58:21',1,10,'200849','冷 - zimny',1,''),(1663,'2014-10-01 22:58:27',1,8,'116693','离 [li2]',1,''),(1664,'2014-10-01 22:58:47',1,10,'200850','离 - wyjść',1,''),(1665,'2014-10-01 22:58:54',1,8,'116694','离开 [li2kai1]',1,''),(1666,'2014-10-01 22:59:19',1,9,'135605','odejść',1,''),(1667,'2014-10-01 22:59:20',1,10,'200851','离开 - odejść',1,''),(1668,'2014-10-01 22:59:25',1,8,'116695','里 [li3]',1,''),(1669,'2014-10-01 22:59:29',1,9,'135606','w',1,''),(1670,'2014-10-01 22:59:30',1,10,'200852','里 - w',1,''),(1671,'2014-10-01 22:59:39',1,8,'116696','里边 [li3bian5]',1,''),(1672,'2014-10-01 22:59:43',1,9,'135607','wewnątrz',1,''),(1673,'2014-10-01 22:59:44',1,10,'200853','里边 - wewnątrz',1,''),(1674,'2014-10-01 22:59:52',1,8,'116697','礼物 [li3wu4]',1,''),(1675,'2014-10-01 22:59:58',1,9,'135608','prezent',1,''),(1676,'2014-10-01 22:59:59',1,10,'200854','礼物 - prezent',1,''),(1677,'2014-10-01 23:00:05',1,8,'116698','历史 [li4shi3]',1,''),(1678,'2014-10-01 23:00:11',1,9,'135609','historia',1,''),(1679,'2014-10-01 23:00:12',1,10,'200855','历史 - historia',1,''),(1680,'2014-10-01 23:00:18',1,8,'116699','利用 [li4yong4]',1,''),(1681,'2014-10-01 23:00:21',1,9,'135610','użyć',1,''),(1682,'2014-10-01 23:00:23',1,10,'200856','利用 - użyć',1,''),(1683,'2014-10-01 23:00:28',1,8,'116700','例如 [li4ru2]',1,''),(1684,'2014-10-01 23:00:34',1,9,'135611','na przykład',1,''),(1685,'2014-10-01 23:00:35',1,10,'200857','例如 - na przykład',1,''),(1686,'2014-10-01 23:00:40',1,8,'116701','立刻 [li4ke4]',1,''),(1687,'2014-10-01 23:00:44',1,9,'135612','natychmiast',1,''),(1688,'2014-10-01 23:00:45',1,10,'200858','立刻 - natychmiast',1,''),(1689,'2014-10-01 23:00:52',1,8,'116702','俩 [lia3]',1,''),(1690,'2014-10-01 23:01:02',1,10,'200859','俩 - dwa',1,''),(1691,'2014-10-01 23:01:09',1,8,'116703','联系 [lian2xi4]',1,''),(1692,'2014-10-01 23:01:15',1,9,'135613','połączenie',1,''),(1693,'2014-10-01 23:01:16',1,10,'200860','联系 - połączenie',1,''),(1694,'2014-10-01 23:01:22',1,8,'116704','脸 [lian3]',1,''),(1695,'2014-10-01 23:01:26',1,9,'135614','twarz',1,''),(1696,'2014-10-01 23:01:28',1,10,'200861','脸 - twarz',1,''),(1697,'2014-10-01 23:01:34',1,8,'116705','练习 [lian4xi2]',1,''),(1698,'2014-10-01 23:01:48',1,10,'200862','练习 - ćwiczyć',1,''),(1699,'2014-10-01 23:01:55',1,8,'116706','凉快 [liang4kuai5]',1,''),(1700,'2014-10-01 23:02:00',1,9,'135615','chłodny',1,''),(1701,'2014-10-01 23:02:02',1,10,'200863','凉快 - chłodny',1,''),(1702,'2014-10-01 23:02:08',1,8,'116707','两 [liang3]',1,''),(1703,'2014-10-01 23:02:16',1,10,'200864','两 - dwa',1,''),(1704,'2014-10-01 23:02:25',1,8,'116708','辆 [liang4]',1,''),(1705,'2014-10-01 23:02:35',1,9,'135616','(klasyfikator dla samochodów)',1,''),(1706,'2014-10-01 23:02:37',1,10,'200865','辆 - (klasyfikator dla samochodów)',1,''),(1707,'2014-10-01 23:02:43',1,8,'116709','亮 [liang4]',1,''),(1708,'2014-10-01 23:03:04',1,9,'135617','jasny',1,''),(1709,'2014-10-01 23:03:05',1,10,'200866','亮 - jasny',1,''),(1710,'2014-10-01 23:03:11',1,8,'116710','了 [liao3]',1,''),(1711,'2014-10-01 23:03:19',1,9,'135618','być w stanie',1,''),(1712,'2014-10-01 23:03:21',1,10,'200867','了 - być w stanie',1,''),(1713,'2014-10-01 23:03:26',1,8,'116711','了解 [liao3jie3]',1,''),(1714,'2014-10-01 23:03:36',1,10,'200868','了解 - rozumieć',1,''),(1715,'2014-10-01 23:03:42',1,8,'116712','零 [ling2]',1,''),(1716,'2014-10-01 23:03:44',1,9,'135619','zero',1,''),(1717,'2014-10-01 23:03:45',1,10,'200869','零 - zero',1,''),(1718,'2014-10-01 23:03:51',1,8,'116713','领导 [ling3dao3]',1,''),(1719,'2014-10-01 23:03:55',1,9,'135620','przewodzić',1,''),(1720,'2014-10-01 23:03:56',1,10,'200870','领导 - przewodzić',1,''),(1721,'2014-10-01 23:04:00',1,8,'116714','留 [liu2]',1,''),(1722,'2014-10-01 23:04:03',1,9,'135621','zostać',1,''),(1723,'2014-10-01 23:04:04',1,10,'200871','留 - zostać',1,''),(1724,'2014-10-01 23:04:09',1,8,'116715','留念 [liu2nian4]',1,''),(1725,'2014-10-01 23:04:20',1,9,'135622','zachować na pamiątkę',1,''),(1726,'2014-10-01 23:04:22',1,10,'200872','留念 - zachować na pamiątkę',1,''),(1727,'2014-10-01 23:04:33',1,8,'116716','留学生 [liu2xue2sheng1]',1,''),(1728,'2014-10-01 23:04:43',1,9,'135623','student-obcokrajowiec',1,''),(1729,'2014-10-01 23:04:44',1,10,'200873','留学生 - student-obcokrajowiec',1,''),(1730,'2014-10-01 23:04:50',1,8,'116717','流 [liu2]',1,''),(1731,'2014-10-01 23:04:53',1,9,'135624','strumień',1,''),(1732,'2014-10-01 23:04:54',1,10,'200874','流 - strumień',1,''),(1733,'2014-10-01 23:05:01',1,8,'116718','六 [liu6]',1,''),(1734,'2014-10-01 23:05:07',1,9,'135625','sześć',1,''),(1735,'2014-10-01 23:05:08',1,10,'200875','六 - sześć',1,''),(1736,'2014-10-01 23:05:14',1,8,'116719','楼 [lou2]',1,''),(1737,'2014-10-01 23:05:22',1,9,'135626','piętrowy budynek',1,''),(1738,'2014-10-01 23:05:23',1,10,'200876','楼 - piętrowy budynek',1,''),(1739,'2014-10-01 23:05:28',1,8,'116720','路 [droga]',1,''),(1740,'2014-10-01 23:05:40',1,8,'116720','路 [lu4]',2,'Zmieniono pinyin'),(1741,'2014-10-01 23:05:48',1,10,'200877','路 - droga',1,''),(1742,'2014-10-01 23:05:57',1,8,'116721','录音 [lu4yin1]',1,''),(1743,'2014-10-01 23:06:05',1,9,'135627','nagrać dźwięk',1,''),(1744,'2014-10-01 23:06:06',1,10,'200878','录音 - nagrać dźwięk',1,''),(1745,'2014-10-01 23:06:13',1,8,'116722','旅行 [lu3xing2]',1,''),(1746,'2014-10-01 23:06:18',1,9,'135628','podróż',1,''),(1747,'2014-10-01 23:06:19',1,10,'200879','旅行 - podróż',1,''),(1748,'2014-10-01 23:06:28',1,8,'116723','绿 [lv4]',1,''),(1749,'2014-10-01 23:06:35',1,9,'135629','zielony',1,''),(1750,'2014-10-01 23:06:36',1,10,'200880','绿 - zielony',1,''),(1751,'2014-10-01 23:06:45',1,8,'116722','旅行 [lv3xing2]',2,'Zmieniono pinyin'),(1752,'2014-10-01 23:06:57',1,8,'116724','乱 [luan4]',1,''),(1753,'2014-10-01 23:07:15',1,9,'135630','chaotyczny',1,''),(1754,'2014-10-01 23:07:17',1,10,'200881','乱 - chaotyczny',1,''),(1755,'2014-10-01 23:07:27',1,8,'116725','妈妈 [ma1ma5]',1,''),(1756,'2014-10-01 23:07:30',1,9,'135631','mama',1,''),(1757,'2014-10-01 23:07:31',1,10,'200882','妈妈 - mama',1,''),(1758,'2014-10-01 23:07:38',1,8,'116726','麻烦 [ma2fan5]',1,''),(1759,'2014-10-01 23:07:43',1,9,'135632','kłopotliwy',1,''),(1760,'2014-10-01 23:07:45',1,10,'200883','麻烦 - kłopotliwy',1,''),(1761,'2014-10-01 23:07:49',1,8,'116727','马 [ma]',1,''),(1762,'2014-10-01 23:07:58',1,8,'116727','马 [ma3]',2,'Zmieniono pinyin'),(1763,'2014-10-01 23:08:03',1,9,'135633','koń',1,''),(1764,'2014-10-01 23:08:04',1,10,'200884','马 - koń',1,''),(1765,'2014-10-01 23:08:13',1,8,'116728','马上 [ma3shang4]',1,''),(1766,'2014-10-01 23:08:22',1,10,'200885','马上 - natychmiast',1,''),(1767,'2014-10-01 23:08:28',1,8,'116729','嘛 [ma5]',1,''),(1768,'2014-10-01 23:08:40',1,9,'135634','(partykuła modalna wyrażająca ponaglenie)',1,''),(1769,'2014-10-01 23:08:52',1,10,'200886','嘛 - (partykuła modalna wyrażająca ponaglenie)',1,''),(1770,'2014-10-01 23:08:58',1,8,'116730','吗 [ma5]',1,''),(1771,'2014-10-01 23:09:10',1,9,'135635','(partykuła modalna wyrażająca pytanie)',1,''),(1772,'2014-10-01 23:09:12',1,10,'200887','吗 - (partykuła modalna wyrażająca pytanie)',1,''),(1773,'2014-10-01 23:09:18',1,8,'116731','买 [mai3]',1,''),(1774,'2014-10-01 23:09:21',1,9,'135636','kupić',1,''),(1775,'2014-10-01 23:09:23',1,10,'200888','买 - kupić',1,''),(1776,'2014-10-01 23:09:29',1,8,'116732','卖 [mai4]',1,''),(1777,'2014-10-01 23:09:33',1,9,'135637','sprzedać',1,''),(1778,'2014-10-01 23:09:35',1,10,'200889','卖 - sprzedać',1,''),(1779,'2014-10-01 23:09:41',1,8,'116733','满 [pełny]',1,''),(1780,'2014-10-01 23:09:46',1,9,'135638','pełny',1,''),(1781,'2014-10-01 23:09:53',1,8,'116733','满 [man3]',2,'Zmieniono pinyin'),(1782,'2014-10-01 23:09:56',1,10,'200890','满 - pełny',1,''),(1783,'2014-10-01 23:10:02',1,8,'116734','满意 [man3yi4]',1,''),(1784,'2014-10-01 23:10:06',1,9,'135639','zadowolony',1,''),(1785,'2014-10-01 23:10:08',1,10,'200891','满意 - zadowolony',1,''),(1786,'2014-10-01 23:10:14',1,8,'116735','慢 [man4]',1,''),(1787,'2014-10-01 23:10:18',1,9,'135640','powolny',1,''),(1788,'2014-10-01 23:10:19',1,10,'200892','慢 - powolny',1,''),(1789,'2014-10-01 23:10:25',1,8,'116736','忙 [mang2]',1,''),(1790,'2014-10-01 23:10:29',1,9,'135641','zajęty',1,''),(1791,'2014-10-01 23:10:30',1,10,'200893','忙 - zajęty',1,''),(1792,'2014-10-01 23:10:35',1,8,'116737','毛 [mao2]',1,''),(1793,'2014-10-01 23:10:44',1,9,'135642','włos',1,''),(1794,'2014-10-01 23:10:46',1,10,'200894','毛 - włos',1,''),(1795,'2014-10-01 23:10:50',1,8,'116738','帽子 [czapka]',1,''),(1796,'2014-10-01 23:10:53',1,9,'135643','czapka',1,''),(1797,'2014-10-01 23:10:59',1,8,'116738','帽子 [mao4zi5]',2,'Zmieniono pinyin'),(1798,'2014-10-01 23:11:03',1,10,'200895','帽子 - czapka',1,''),(1799,'2014-10-01 23:11:09',1,8,'116739','没 [nie]',1,''),(1800,'2014-10-01 23:11:17',1,8,'116739','没 [mei2]',2,'Zmieniono pinyin'),(1801,'2014-10-01 23:11:25',1,10,'200896','没 - nie',1,''),(1802,'2014-10-01 23:11:32',1,8,'116740','没关系 [mei2guan1xi4]',1,''),(1803,'2014-10-01 23:11:39',1,9,'135644','bez znaczenia',1,''),(1804,'2014-10-01 23:11:40',1,10,'200897','没关系 - bez znaczenia',1,''),(1805,'2014-10-01 23:11:53',1,8,'116741','没意思 [mei2yi4si5]',1,''),(1806,'2014-10-01 23:11:57',1,9,'135645','nduny',1,''),(1807,'2014-10-01 23:12:04',1,9,'135645','nudny',2,'Zmieniono word'),(1808,'2014-10-01 23:12:07',1,10,'200898','没意思 - nudny',1,''),(1809,'2014-10-01 23:12:15',1,8,'116742','没有 [mei2you3]',1,''),(1810,'2014-10-01 23:12:17',1,9,'135646','nie ma',1,''),(1811,'2014-10-01 23:12:18',1,10,'200899','没有 - nie ma',1,''),(1812,'2014-10-01 23:12:23',1,8,'116743','每 [mei3]',1,''),(1813,'2014-10-01 23:12:39',1,10,'200900','每 - każdy',1,''),(1814,'2014-10-23 19:11:58',1,8,'116744','妹妹 [mei4mei5]',1,''),(1815,'2014-10-23 19:12:09',1,9,'135647','młodsza siostra',1,''),(1816,'2014-10-23 19:12:11',1,10,'200901','妹妹 - młodsza siostra',1,''),(1817,'2014-10-23 19:13:17',1,8,'116745','门 [men2]',1,''),(1818,'2014-10-23 19:13:21',1,9,'135648','drzwi',1,''),(1819,'2014-10-23 19:13:23',1,10,'200902','门 - drzwi',1,''),(1820,'2014-10-23 19:13:33',1,9,'135649','brama',1,''),(1821,'2014-10-23 19:13:34',1,10,'200903','门 - brama',1,''),(1822,'2014-10-23 19:13:48',1,8,'116746','门口 [men2kou3]',1,''),(1823,'2014-10-23 19:13:56',1,9,'135650','wejście',1,''),(1824,'2014-10-23 19:13:57',1,10,'200904','门口 - wejście',1,''),(1825,'2014-10-23 19:14:10',1,10,'200905','门口 - brama',1,''),(1826,'2014-10-23 19:14:18',1,8,'116747','们 [men2]',1,''),(1827,'2014-10-23 19:14:33',1,8,'116747','们 [men5]',2,'Zmieniono pinyin'),(1828,'2014-10-23 19:14:44',1,9,'135651','(partykuła liczby mnogiej)',1,''),(1829,'2014-10-23 19:15:11',1,10,'200906','们 - (partykuła liczby mnogiej)',1,''),(1830,'2014-10-23 19:15:19',1,8,'116748','米 [mi3]',1,''),(1831,'2014-10-23 19:15:27',1,9,'135652','metr',1,''),(1832,'2014-10-23 19:15:28',1,10,'200907','米 - metr',1,''),(1833,'2014-10-23 19:15:37',1,8,'116749','米饭 [mi3fan4]',1,''),(1834,'2014-10-23 19:15:44',1,9,'135653','ryż',1,''),(1835,'2014-10-23 19:15:45',1,10,'200908','米饭 - ryż',1,''),(1836,'2014-10-23 19:15:53',1,8,'116750','面包 [mian4bao1]',1,''),(1837,'2014-10-23 19:15:59',1,9,'135654','chleb',1,''),(1838,'2014-10-23 19:16:00',1,10,'200909','面包 - chleb',1,''),(1839,'2014-10-23 19:16:23',1,8,'116751','面条儿 [makaron]',1,''),(1840,'2014-10-23 19:16:36',1,8,'116751','面条儿 [mian4tiao2er5]',2,'Zmieniono pinyin'),(1841,'2014-10-23 19:16:43',1,9,'135655','makaron',1,''),(1842,'2014-10-23 19:16:44',1,10,'200910','面条儿 - makaron',1,''),(1843,'2014-10-23 19:16:52',1,8,'116752','民族 [min2zu2]',1,''),(1844,'2014-10-23 19:17:05',1,9,'135656','narodowość',1,''),(1845,'2014-10-23 19:17:06',1,10,'200911','民族 - narodowość',1,''),(1846,'2014-10-23 19:17:14',1,8,'116753','明年 [ming2nian2]',1,''),(1847,'2014-10-23 19:17:20',1,9,'135657','przyszły rok',1,''),(1848,'2014-10-23 19:17:21',1,10,'200912','明年 - przyszły rok',1,''),(1849,'2014-10-23 19:17:32',1,8,'116754','明天 [ming2tian1]',1,''),(1850,'2014-10-23 19:17:42',1,9,'135658','jutro',1,''),(1851,'2014-10-23 19:17:44',1,10,'200913','明天 - jutro',1,''),(1852,'2014-10-23 19:17:50',1,8,'116755','名字 [ming2tian1]',1,''),(1853,'2014-10-23 19:18:04',1,8,'116755','名字 [ming2zi5]',2,'Zmieniono pinyin'),(1854,'2014-10-23 19:18:12',1,9,'135659','imię',1,''),(1855,'2014-10-23 19:18:15',1,10,'200914','名字 - imię',1,''),(1856,'2014-10-23 19:18:28',1,8,'116756','母亲 [mu3qin1]',1,''),(1857,'2014-10-23 19:18:30',1,9,'135660','matka',1,''),(1858,'2014-10-23 19:18:32',1,10,'200915','母亲 - matka',1,''),(1859,'2014-10-23 19:18:40',1,8,'116757','目前 [mu4qian2]',1,''),(1860,'2014-10-23 19:18:48',1,9,'135661','teraźniejszość',1,''),(1861,'2014-10-23 19:18:51',1,10,'200916','目前 - teraźniejszość',1,''),(1862,'2014-10-23 19:18:57',1,9,'135662','obecnie',1,''),(1863,'2014-10-23 19:18:59',1,10,'200917','目前 - obecnie',1,''),(1864,'2014-10-23 19:19:06',1,8,'116758','拿 [na2]',1,''),(1865,'2014-10-23 19:19:10',1,9,'135663','wziąć',1,''),(1866,'2014-10-23 19:19:12',1,10,'200918','拿 - wziąć',1,''),(1867,'2014-10-23 19:19:19',1,8,'116759','哪 [na3]',1,''),(1868,'2014-10-23 19:19:30',1,9,'135664','który',1,''),(1869,'2014-10-23 19:19:31',1,10,'200919','哪 - który',1,''),(1870,'2014-10-23 19:19:40',1,8,'116760','哪里 [na3li5]',1,''),(1871,'2014-10-23 19:19:43',1,9,'135665','gdzie',1,''),(1872,'2014-10-23 19:19:45',1,10,'200920','哪里 - gdzie',1,''),(1873,'2014-10-23 19:19:55',1,8,'116761','哪儿 [na3er5]',1,''),(1874,'2014-10-23 19:20:03',1,10,'200921','哪儿 - gdzie',1,''),(1875,'2014-10-23 19:20:09',1,8,'116762','那 [na4]',1,''),(1876,'2014-10-23 19:20:12',1,9,'135666','ten',1,''),(1877,'2014-10-23 19:20:13',1,10,'200922','那 - ten',1,''),(1878,'2014-10-23 19:20:25',1,9,'135667','to',1,''),(1879,'2014-10-23 19:20:26',1,10,'200923','那 - to',1,''),(1880,'2014-10-23 19:20:38',1,9,'135668','więc',1,''),(1881,'2014-10-23 19:20:39',1,10,'200924','那 - więc',1,''),(1882,'2014-10-23 19:20:46',1,8,'116763','那个 [na4ge5]',1,''),(1883,'2014-10-23 19:20:53',1,10,'200925','那个 - ten',1,''),(1884,'2014-10-23 19:21:00',1,8,'116764','那里 [na4li5]',1,''),(1885,'2014-10-23 19:21:04',1,9,'135669','tam',1,''),(1886,'2014-10-23 19:21:05',1,10,'200926','那里 - tam',1,''),(1887,'2014-10-23 19:21:12',1,8,'116765','那么 [na4me5]',1,''),(1888,'2014-10-23 19:21:21',1,9,'135670','w ten sposób',1,''),(1889,'2014-10-23 19:21:22',1,10,'200927','那么 - w ten sposób',1,''),(1890,'2014-10-23 19:21:35',1,10,'200928','那么 - więc',1,''),(1891,'2014-10-23 19:21:43',1,8,'116766','那些 [na4xie5]',1,''),(1892,'2014-10-23 19:21:46',1,9,'135671','te',1,''),(1893,'2014-10-23 19:21:48',1,10,'200929','那些 - te',1,''),(1894,'2014-10-23 19:21:59',1,8,'116767','那样 [na4yang4]',1,''),(1895,'2014-10-23 19:22:11',1,9,'135672','w tamten sposób',1,''),(1896,'2014-10-23 19:22:12',1,10,'200930','那样 - w tamten sposób',1,''),(1897,'2014-10-23 19:22:23',1,8,'116768','南 [nan2]',1,''),(1898,'2014-10-23 19:22:28',1,9,'135673','południe',1,''),(1899,'2014-10-23 19:22:29',1,10,'200931','南 - południe',1,''),(1900,'2014-10-23 19:22:37',1,8,'116769','南边 [nan2bian5]',1,''),(1901,'2014-10-23 19:23:06',1,10,'200932','南边 - południe',1,''),(1902,'2014-10-23 19:23:12',1,8,'116770','男 [nan2]',1,''),(1903,'2014-10-23 19:23:21',1,9,'135674','samiec',1,''),(1904,'2014-10-23 19:23:22',1,10,'200933','男 - samiec',1,''),(1905,'2014-10-23 19:23:29',1,8,'116771','难 [nan2]',1,''),(1906,'2014-10-23 19:23:33',1,9,'135675','trudny',1,''),(1907,'2014-10-23 19:23:34',1,10,'200934','难 - trudny',1,''),(1908,'2014-10-23 19:23:41',1,8,'116772','呢 [ne5]',1,''),(1909,'2014-10-23 19:24:01',1,10,'200935','呢 - (partykuła modalna na końcu zdania)',1,''),(1910,'2014-10-23 19:24:08',1,8,'116773','内 [nei4]',1,''),(1911,'2014-10-23 19:24:24',1,10,'200936','内 - wewnątrz',1,''),(1912,'2014-10-23 19:24:32',1,8,'116774','内容 [nei4rong2]',1,''),(1913,'2014-10-23 19:24:36',1,9,'135676','zawartość',1,''),(1914,'2014-10-23 19:24:39',1,10,'200937','内容 - zawartość',1,''),(1915,'2014-10-23 19:24:45',1,8,'116775','能 [neng2]',1,''),(1916,'2014-10-23 19:24:57',1,10,'200938','能 - móc',1,''),(1917,'2014-10-23 19:25:06',1,8,'116776','能够 [neng2gou4]',1,''),(1918,'2014-10-23 19:25:17',1,10,'200939','能够 - móc',1,''),(1919,'2014-10-23 19:25:24',1,8,'116777','你 [ni3]',1,''),(1920,'2014-10-23 19:25:26',1,9,'135677','ty',1,''),(1921,'2014-10-23 19:25:27',1,10,'200940','你 - ty',1,''),(1922,'2014-10-23 19:25:33',1,8,'116778','你们 [mo3men5]',1,''),(1923,'2014-10-23 19:25:43',1,8,'116778','你们 [ni3men5]',2,'Zmieniono pinyin'),(1924,'2014-10-23 19:25:49',1,9,'135678','wy',1,''),(1925,'2014-10-23 19:25:50',1,10,'200941','你们 - wy',1,''),(1926,'2014-10-23 19:25:56',1,8,'116779','年 [nian2]',1,''),(1927,'2014-10-23 19:25:59',1,9,'135679','rok',1,''),(1928,'2014-10-23 19:26:01',1,10,'200942','年 - rok',1,''),(1929,'2014-10-23 19:26:10',1,8,'116780','年级 [nian2ji2]',1,''),(1930,'2014-10-23 19:26:14',1,9,'135680','rocznik',1,''),(1931,'2014-10-23 19:26:16',1,10,'200943','年级 - rocznik',1,''),(1932,'2014-10-23 19:26:22',1,8,'116781','年纪 [nian2ji4]',1,''),(1933,'2014-10-23 19:26:27',1,9,'135681','wiek',1,''),(1934,'2014-10-23 19:26:32',1,10,'200944','年纪 - wiek',1,''),(1935,'2014-10-23 19:26:41',1,8,'116782','年轻 [nian2qing1]',1,''),(1936,'2014-10-23 19:26:48',1,9,'135682','młody',1,''),(1937,'2014-10-23 19:26:50',1,10,'200945','年轻 - młody',1,''),(1938,'2014-10-23 19:26:56',1,8,'116783','念 [nian4]',1,''),(1939,'2014-10-23 19:27:21',1,10,'200946','念 - czytać na głos',1,''),(1940,'2014-10-23 19:27:27',1,8,'116784','您 [nin2]',1,''),(1941,'2014-10-23 19:27:32',1,9,'135683','Ty',1,''),(1942,'2014-10-23 19:27:34',1,10,'200947','您 - Ty',1,''),(1943,'2014-10-23 19:27:42',1,8,'116785','牛 [niu2]',1,''),(1944,'2014-10-23 19:27:46',1,9,'135684','krowa',1,''),(1945,'2014-10-23 19:27:47',1,10,'200948','牛 - krowa',1,''),(1946,'2014-10-23 19:27:55',1,9,'135685','wół',1,''),(1947,'2014-10-23 19:27:56',1,10,'200949','牛 - wół',1,''),(1948,'2014-10-23 19:28:06',1,8,'116786','牛奶 [niu2nai3]',1,''),(1949,'2014-10-23 19:28:09',1,9,'135686','mleko',1,''),(1950,'2014-10-23 19:28:13',1,10,'200950','牛奶 - mleko',1,''),(1951,'2014-10-23 19:28:19',1,8,'116787','农村 [nong2cun1]',1,''),(1952,'2014-10-23 19:28:24',1,9,'135687','wieś',1,''),(1953,'2014-10-23 19:28:26',1,10,'200951','农村 - wieś',1,''),(1954,'2014-10-23 19:28:36',1,8,'116788','农民 [nong2min2]',1,''),(1955,'2014-10-23 19:28:40',1,9,'135688','wieśniak',1,''),(1956,'2014-10-23 19:28:42',1,10,'200952','农民 - wieśniak',1,''),(1957,'2014-10-23 19:28:50',1,8,'116789','农业 [nong2ye4]',1,''),(1958,'2014-10-23 19:28:53',1,9,'135689','rolnictwo',1,''),(1959,'2014-10-23 19:28:55',1,10,'200953','农业 - rolnictwo',1,''),(1960,'2014-10-23 19:29:01',1,8,'116790','努力 [nu3li4]',1,''),(1961,'2014-10-23 19:29:07',1,9,'135690','ciężko pracować',1,''),(1962,'2014-10-23 19:29:08',1,10,'200954','努力 - ciężko pracować',1,''),(1963,'2014-10-23 19:29:16',1,8,'116791','女 [nv3]',1,''),(1964,'2014-10-23 19:29:18',1,9,'135691','samica',1,''),(1965,'2014-10-23 19:29:20',1,10,'200955','女 - samica',1,''),(1966,'2014-10-23 19:29:25',1,9,'135692','kobieta',1,''),(1967,'2014-10-23 19:29:26',1,10,'200956','女 - kobieta',1,''),(1968,'2014-10-23 19:29:34',1,8,'116792','女儿 [nv3er5]',1,''),(1969,'2014-10-23 19:29:38',1,9,'135693','córka',1,''),(1970,'2014-10-23 19:29:40',1,10,'200957','女儿 - córka',1,''),(1971,'2014-10-23 19:29:49',1,8,'116793','暖和 [nuan3huo5]',1,''),(1972,'2014-10-23 19:29:56',1,9,'135694','ciepły',1,''),(1973,'2014-10-23 19:29:58',1,10,'200958','暖和 - ciepły',1,''),(1974,'2014-10-23 19:30:03',1,8,'116794','爬 [pa2]',1,''),(1975,'2014-10-23 19:30:09',1,9,'135695','wspinać się',1,''),(1976,'2014-10-23 19:30:11',1,10,'200959','爬 - wspinać się',1,''),(1977,'2014-10-23 19:30:16',1,8,'116795','怕 [pa4]',1,''),(1978,'2014-10-23 19:30:20',1,9,'135696','bać się',1,''),(1979,'2014-10-23 19:30:21',1,10,'200960','怕 - bać się',1,''),(1980,'2014-10-23 19:30:26',1,8,'116796','拍 [pai1]',1,''),(1981,'2014-10-23 19:30:29',1,9,'135697','klaskać',1,''),(1982,'2014-10-23 19:30:30',1,10,'200961','拍 - klaskać',1,''),(1983,'2014-10-23 19:30:36',1,8,'116797','排球 [pai2qui2]',1,''),(1984,'2014-10-23 19:30:40',1,9,'135698','siatkówka',1,''),(1985,'2014-10-23 19:30:42',1,10,'200962','排球 - siatkówka',1,''),(1986,'2014-10-23 19:30:48',1,8,'116798','派 [pai4]',1,''),(1987,'2014-10-23 19:30:58',1,10,'200963','派 - wysłać',1,''),(1988,'2014-10-23 19:31:05',1,8,'116799','旁边 [pang2bian1]',1,''),(1989,'2014-10-23 19:31:09',1,9,'135699','obok',1,''),(1990,'2014-10-23 19:31:11',1,10,'200964','旁边 - obok',1,''),(1991,'2014-10-23 19:31:16',1,8,'116800','跑 [pao3]',1,''),(1992,'2014-10-23 19:31:24',1,9,'135700','uciekać',1,''),(1993,'2014-10-23 19:31:26',1,10,'200965','跑 - uciekać',1,''),(1994,'2014-10-23 19:31:35',1,8,'116801','跑步 [pao3bu4]',1,''),(1995,'2014-10-23 19:31:43',1,9,'135701','biegać',1,''),(1996,'2014-10-23 19:31:45',1,10,'200966','跑步 - biegać',1,''),(1997,'2014-10-23 19:31:55',1,8,'116802','朋友 [peng2you3]',1,''),(1998,'2014-10-23 19:32:02',1,8,'116802','朋友 [peng2you5]',2,'Zmieniono pinyin'),(1999,'2014-10-23 19:32:07',1,9,'135702','przyjaciel',1,''),(2000,'2014-10-23 19:32:08',1,10,'200967','朋友 - przyjaciel',1,''),(2001,'2014-10-23 19:32:15',1,8,'116803','碰 [peng4]',1,''),(2002,'2014-10-23 19:32:27',1,9,'135703','wpaść',1,''),(2003,'2014-10-23 19:32:29',1,10,'200968','碰 - wpaść',1,''),(2004,'2014-10-23 19:32:34',1,8,'116804','批评 [pi1ping2]',1,''),(2005,'2014-10-23 19:32:39',1,9,'135704','krytykować',1,''),(2006,'2014-10-23 19:32:41',1,10,'200969','批评 - krytykować',1,''),(2007,'2014-10-23 19:32:47',1,8,'116805','啤酒 [pi2jiu3]',1,''),(2008,'2014-10-23 19:32:50',1,9,'135705','piwo',1,''),(2009,'2014-10-23 19:32:51',1,10,'200970','啤酒 - piwo',1,''),(2010,'2014-10-23 19:32:57',1,8,'116806','篇 [pian1]',1,''),(2011,'2014-10-23 19:33:09',1,9,'135706','(klasyfikator artykułów)',1,''),(2012,'2014-10-23 19:33:10',1,10,'200971','篇 - (klasyfikator artykułów)',1,''),(2013,'2014-10-23 19:33:16',1,8,'116807','便宜 [pian2yi4]',1,''),(2014,'2014-10-23 19:33:19',1,9,'135707','tani',1,''),(2015,'2014-10-23 19:33:21',1,10,'200972','便宜 - tani',1,''),(2016,'2014-10-23 19:33:28',1,8,'116808','片 [pian4]',1,''),(2017,'2014-10-23 19:33:31',1,9,'135708','plaster',1,''),(2018,'2014-10-23 19:33:33',1,10,'200973','片 - plaster',1,''),(2019,'2014-10-23 19:33:40',1,8,'116809','漂亮 [piao4liang5]',1,''),(2020,'2014-10-23 19:33:46',1,9,'135709','piękny',1,''),(2021,'2014-10-23 19:33:48',1,10,'200974','漂亮 - piękny',1,''),(2022,'2014-10-23 19:34:03',1,10,'200975','漂亮 - ładny',1,''),(2023,'2014-10-23 19:34:09',1,8,'116810','票 [piao4]',1,''),(2024,'2014-10-23 19:34:11',1,9,'135710','bilet',1,''),(2025,'2014-10-23 19:34:13',1,10,'200976','票 - bilet',1,''),(2026,'2014-10-23 19:34:20',1,8,'116811','苹果 [ping2guo3]',1,''),(2027,'2014-10-23 19:34:25',1,9,'135711','jabłko',1,''),(2028,'2014-10-23 19:34:27',1,10,'200977','苹果 - jabłko',1,''),(2029,'2014-10-23 19:34:36',1,8,'116812','瓶 [ping2]',1,''),(2030,'2014-10-23 19:34:39',1,9,'135712','butelka',1,''),(2031,'2014-10-23 19:34:41',1,10,'200978','瓶 - butelka',1,''),(2032,'2014-10-23 19:34:47',1,8,'116813','破 [po4]',1,''),(2033,'2014-10-23 19:34:55',1,9,'135713','zniszczony',1,''),(2034,'2014-10-23 19:34:57',1,10,'200979','破 - zniszczony',1,''),(2035,'2014-10-23 19:35:10',1,10,'200980','破 - zepsuty',1,''),(2036,'2014-10-23 19:35:15',1,8,'116814','七 [qi1]',1,''),(2037,'2014-10-23 19:35:19',1,9,'135714','siedem',1,''),(2038,'2014-10-23 19:35:21',1,10,'200981','七 - siedem',1,''),(2039,'2014-10-23 19:35:27',1,8,'116815','骑 [qi2]',1,''),(2040,'2014-10-23 19:35:34',1,9,'135715','jeździć na',1,''),(2041,'2014-10-23 19:35:36',1,10,'200982','骑 - jeździć na',1,''),(2042,'2014-10-23 19:35:44',1,8,'116816','起 [qi3]',1,''),(2043,'2014-10-23 19:35:52',1,10,'200983','起 - podnieść',1,''),(2044,'2014-10-23 19:36:00',1,8,'116817','起床 [qi3chuang2]',1,''),(2045,'2014-10-23 19:36:05',1,9,'135716','wstać',1,''),(2046,'2014-10-23 19:36:07',1,10,'200984','起床 - wstać',1,''),(2047,'2014-10-23 19:36:15',1,8,'116818','起来 [qi3lai2]',1,''),(2048,'2014-10-23 19:36:20',1,10,'200985','起来 - wstać',1,''),(2049,'2014-10-23 19:36:27',1,8,'116819','汽车 [qi4che1]',1,''),(2050,'2014-10-23 19:36:36',1,10,'200986','汽车 - samochód',1,''),(2051,'2014-10-23 19:36:45',1,8,'116820','汽水 [qi4shui3]',1,''),(2052,'2014-10-23 19:36:54',1,9,'135717','woda gazowana',1,''),(2053,'2014-10-23 19:36:56',1,10,'200987','汽水 - woda gazowana',1,''),(2054,'2014-10-23 19:37:04',1,8,'116821','铅笔 [qian1bi3]',1,''),(2055,'2014-10-23 19:37:16',1,10,'200988','铅笔 - ołówek',1,''),(2056,'2014-10-23 19:37:22',1,8,'116822','千 [qian1]',1,''),(2057,'2014-10-23 19:37:28',1,9,'135718','tysiąć',1,''),(2058,'2014-10-23 19:37:30',1,10,'200989','千 - tysiąć',1,''),(2059,'2014-10-23 19:37:37',1,8,'116823','钱 [qian2]',1,''),(2060,'2014-10-23 19:37:42',1,9,'135719','pieniądze',1,''),(2061,'2014-10-23 19:37:43',1,10,'200990','钱 - pieniądze',1,''),(2062,'2014-10-23 19:37:53',1,8,'116824','前 [qian2]',1,''),(2063,'2014-10-23 19:37:57',1,9,'135720','z przodu',1,''),(2064,'2014-10-23 19:37:58',1,10,'200991','前 - z przodu',1,''),(2065,'2014-10-23 19:38:06',1,8,'116825','前边 [qian2bian5]',1,''),(2066,'2014-10-23 19:38:11',1,10,'200992','前边 - z przodu',1,''),(2067,'2014-10-23 19:38:17',1,8,'116826','浅 [qian3]',1,''),(2068,'2014-10-23 19:38:21',1,9,'135721','płytki',1,''),(2069,'2014-10-23 19:38:23',1,10,'200993','浅 - płytki',1,''),(2070,'2014-10-23 19:38:29',1,8,'116827','墙 [qiang2]',1,''),(2071,'2014-10-23 19:38:33',1,9,'135722','ściania',1,''),(2072,'2014-10-23 19:38:41',1,9,'135722','ściana',2,'Zmieniono word'),(2073,'2014-10-23 19:38:44',1,10,'200994','墙 - ściana',1,''),(2074,'2014-10-23 19:38:50',1,8,'116828','桥 [qiao2]',1,''),(2075,'2014-10-23 19:38:54',1,9,'135723','most',1,''),(2076,'2014-10-23 19:38:56',1,10,'200995','桥 - most',1,''),(2077,'2014-10-23 19:39:06',1,8,'116829','青年 [qing1nian2]',1,''),(2078,'2014-10-23 19:39:12',1,9,'135724','młoda osoba',1,''),(2079,'2014-10-23 19:39:16',1,10,'200996','青年 - młoda osoba',1,''),(2080,'2014-10-23 19:39:24',1,8,'116830','轻 [qing1]',1,''),(2081,'2014-10-23 19:39:27',1,9,'135725','lekki',1,''),(2082,'2014-10-23 19:39:29',1,10,'200997','轻 - lekki',1,''),(2083,'2014-10-23 19:39:40',1,8,'116831','清楚 [qing1chu5]',1,''),(2084,'2014-10-23 19:39:45',1,9,'135726','czyty',1,''),(2085,'2014-10-23 19:39:58',1,9,'135726','czyty',3,''),(2086,'2014-10-23 19:40:03',1,10,'200998','清楚 - jasny',1,''),(2087,'2014-10-23 19:40:13',1,10,'200999','清楚 - czysty',1,''),(2088,'2014-10-23 19:40:20',1,8,'116832','晴 [qing2]',1,''),(2089,'2014-10-23 19:40:24',1,9,'135727','słoneczny',1,''),(2090,'2014-10-23 19:40:25',1,10,'201000','晴 - słoneczny',1,''),(2091,'2014-10-23 19:40:33',1,8,'116833','情况 [qing2kuang4]',1,''),(2092,'2014-10-23 19:40:37',1,9,'135728','sytuacja',1,''),(2093,'2014-10-23 19:40:38',1,10,'201001','情况 - sytuacja',1,''),(2094,'2014-10-23 19:40:44',1,8,'116834','请 [qing3]',1,''),(2095,'2014-10-23 19:40:48',1,9,'135729','prosić',1,''),(2096,'2014-10-23 19:40:50',1,10,'201002','请 - prosić',1,''),(2097,'2014-10-23 19:40:56',1,8,'116835','请假 [qing3jia4]',1,''),(2098,'2014-10-23 19:42:48',1,9,'135730','prosić o wolne',1,''),(2099,'2014-10-23 19:42:49',1,10,'201003','请假 - prosić o wolne',1,''),(2100,'2014-10-23 19:42:57',1,8,'116836','请问 [qing3wen4]',1,''),(2101,'2014-10-23 19:43:07',1,10,'201004','请问 - przepraszam',1,''),(2102,'2014-10-23 19:43:12',1,8,'116837','秋 [qiu1]',1,''),(2103,'2014-10-23 19:43:16',1,9,'135731','jesień',1,''),(2104,'2014-10-23 19:43:17',1,10,'201005','秋 - jesień',1,''),(2105,'2014-10-23 19:43:19',1,10,'201005','秋 - jesień',2,'Żadne pole nie zmienione.'),(2106,'2014-10-23 19:43:26',1,8,'116838','秋天 [qiu1tian1]',1,''),(2107,'2014-10-23 19:43:30',1,10,'201006','秋天 - jesień',1,''),(2108,'2014-10-23 19:43:33',1,10,'201006','秋天 - jesień',2,'Żadne pole nie zmienione.'),(2109,'2014-10-23 19:43:39',1,8,'116839','球 [qiu2]',1,''),(2110,'2014-10-23 19:43:46',1,9,'135732','piłka',1,''),(2111,'2014-10-23 19:43:48',1,10,'201007','球 - piłka',1,''),(2112,'2014-10-23 19:43:54',1,8,'116840','取得 [otrzymać]',1,''),(2113,'2014-10-23 19:44:06',1,8,'116840','取得 [qu3de2]',2,'Zmieniono pinyin'),(2114,'2014-10-23 19:44:18',1,9,'135733','dostać',1,''),(2115,'2014-10-23 19:44:20',1,10,'201008','取得 - dostać',1,''),(2116,'2014-10-23 19:44:30',1,10,'201009','取得 - otrzymać',1,''),(2117,'2014-10-23 19:44:36',1,8,'116841','去 [qu4]',1,''),(2118,'2014-10-23 19:44:40',1,9,'135734','iść do',1,''),(2119,'2014-10-23 19:44:43',1,10,'201010','去 - iść do',1,''),(2120,'2014-10-23 19:44:50',1,8,'116842','去年 [qu4nian2]',1,''),(2121,'2014-10-23 19:44:55',1,9,'135735','zeszły rok',1,''),(2122,'2014-10-23 19:44:57',1,10,'201011','去年 - zeszły rok',1,''),(2123,'2014-10-23 19:45:08',1,8,'116843','全 [quan2]',1,''),(2124,'2014-10-23 19:45:11',1,9,'135736','cały',1,''),(2125,'2014-10-23 19:45:12',1,10,'201012','全 - cały',1,''),(2126,'2014-10-23 19:45:18',1,8,'116844','全部 [cały]',1,''),(2127,'2014-10-23 19:45:31',1,8,'116844','全部 [quan2bu4]',2,'Zmieniono pinyin'),(2128,'2014-10-23 19:45:37',1,10,'201013','全部 - cały',1,''),(2129,'2014-10-23 19:45:45',1,8,'116845','全体 [quan2ti3]',1,''),(2130,'2014-10-23 19:45:52',1,10,'201014','全体 - cały',1,''),(2131,'2014-10-23 19:46:00',1,8,'116846','确实 [prawdziwy]',1,''),(2132,'2014-10-23 19:46:07',1,8,'116846','确实 [que4shi2]',2,'Zmieniono pinyin'),(2133,'2014-10-23 19:46:12',1,9,'135737','prawdziwy',1,''),(2134,'2014-10-23 19:46:14',1,10,'201015','确实 - prawdziwy',1,''),(2135,'2014-10-23 19:46:22',1,8,'116847','然后 [ran2hou4]',1,''),(2136,'2014-10-23 19:46:27',1,9,'135738','później',1,''),(2137,'2014-10-23 19:46:29',1,10,'201016','然后 - później',1,''),(2138,'2014-10-23 19:46:34',1,9,'135739','potem',1,''),(2139,'2014-10-23 19:46:35',1,10,'201017','然后 - potem',1,''),(2140,'2014-10-23 19:46:42',1,8,'116848','让 [rang4]',1,''),(2141,'2014-10-23 19:46:47',1,9,'135740','pozwolić',1,''),(2142,'2014-10-23 19:46:49',1,10,'201018','让 - pozwolić',1,''),(2143,'2014-10-23 19:46:55',1,8,'116849','热 [re4]',1,''),(2144,'2014-10-23 19:46:59',1,9,'135741','gorąct',1,''),(2145,'2014-10-23 19:47:09',1,9,'135741','gorąct\\y',2,'Zmieniono word'),(2146,'2014-10-23 19:47:16',1,9,'135741','gorący',2,'Zmieniono word'),(2147,'2014-10-23 19:47:18',1,10,'201019','热 - gorący',1,''),(2148,'2014-10-23 19:47:26',1,8,'116850','热情 [re4qing2]',1,''),(2149,'2014-10-23 19:47:32',1,9,'135742','entuzjastyczny',1,''),(2150,'2014-10-23 19:47:33',1,10,'201020','热情 - entuzjastyczny',1,''),(2151,'2014-10-23 19:47:38',1,8,'116851','人 [ren2]',1,''),(2152,'2014-10-23 19:47:43',1,9,'135743','człowiek',1,''),(2153,'2014-10-23 19:47:44',1,10,'201021','人 - człowiek',1,''),(2154,'2014-10-23 19:47:53',1,8,'116852','人们 [ren2men]',1,''),(2155,'2014-10-23 19:47:56',1,9,'135744','ludzie',1,''),(2156,'2014-10-23 19:47:57',1,10,'201022','人们 - ludzie',1,''),(2157,'2014-10-23 19:48:05',1,8,'116853','人民 [ren2min2]',1,''),(2158,'2014-10-23 19:48:10',1,9,'135745','lud',1,''),(2159,'2014-10-23 19:48:11',1,10,'201023','人民 - lud',1,''),(2160,'2014-10-23 19:48:18',1,8,'116854','任何 [ren4he2]',1,''),(2161,'2014-10-23 19:48:23',1,9,'135746','jakikolwiek',1,''),(2162,'2014-10-23 19:48:25',1,10,'201024','任何 - jakikolwiek',1,''),(2163,'2014-10-23 19:48:32',1,8,'116855','认识 [ren4shi5]',1,''),(2164,'2014-10-23 19:48:35',1,9,'135747','znać',1,''),(2165,'2014-10-23 19:48:37',1,10,'201025','认识 - znać',1,''),(2166,'2014-10-23 19:48:44',1,8,'116856','认为 [ren4wei2]',1,''),(2167,'2014-10-23 19:48:59',1,10,'201026','认为 - myśleć',1,''),(2168,'2014-10-23 19:49:09',1,8,'116857','认真 [ren4zhen1]',1,''),(2169,'2014-10-23 19:49:30',1,9,'135748','rzetelny',1,''),(2170,'2014-10-23 19:49:37',1,8,'116858','日 [ri4]',1,''),(2171,'2014-10-23 19:49:44',1,9,'135749','dzień miesiąca',1,''),(2172,'2014-10-23 19:49:46',1,10,'201027','日 - dzień miesiąca',1,''),(2173,'2014-10-23 19:49:55',1,8,'116859','日语 [ri4yu3]',1,''),(2174,'2014-10-23 19:50:00',1,9,'135750','język japoński',1,''),(2175,'2014-10-23 19:50:02',1,10,'201028','日语 - język japoński',1,''),(2176,'2014-10-23 19:50:11',1,8,'116860','日子 [ri4zi5]',1,''),(2177,'2014-10-23 19:50:17',1,9,'135751','życie',1,''),(2178,'2014-10-23 19:50:20',1,10,'201029','日子 - życie',1,''),(2179,'2014-10-23 19:50:33',1,9,'135752','dzień',1,''),(2180,'2014-10-23 19:50:35',1,10,'201030','日子 - dzień',1,''),(2181,'2014-10-23 19:50:43',1,8,'116861','容易 [rong2yi4]',1,''),(2182,'2014-10-23 19:50:47',1,9,'135753','łatwy',1,''),(2183,'2014-10-23 19:50:49',1,10,'201031','容易 - łatwy',1,''),(2184,'2014-10-23 19:50:55',1,8,'116862','肉 [rou4]',1,''),(2185,'2014-10-23 19:50:58',1,9,'135754','mięso',1,''),(2186,'2014-10-23 19:51:00',1,10,'201032','肉 - mięso',1,''),(2187,'2014-10-23 19:51:05',1,8,'116863','三 [san1]',1,''),(2188,'2014-10-23 19:51:08',1,9,'135755','trzu',1,''),(2189,'2014-10-23 19:51:13',1,9,'135755','trzy',2,'Zmieniono word'),(2190,'2014-10-23 19:51:22',1,8,'116864','散步 [san4bu4]',1,''),(2191,'2014-10-23 19:51:26',1,9,'135756','spacerować',1,''),(2192,'2014-10-23 19:51:27',1,10,'201033','散步 - spacerować',1,''),(2193,'2014-10-23 19:51:32',1,8,'116865','山 [shan1]',1,''),(2194,'2014-10-23 19:51:36',1,9,'135757','góra',1,''),(2195,'2014-10-23 19:51:38',1,10,'201034','山 - góra',1,''),(2196,'2014-10-23 19:51:45',1,8,'116866','商店 [shang1dian4]',1,''),(2197,'2014-10-23 19:51:48',1,9,'135758','sklep',1,''),(2198,'2014-10-23 19:51:49',1,10,'201035','商店 - sklep',1,''),(2199,'2014-10-23 19:51:57',1,8,'116867','上 [shang4]',1,''),(2200,'2014-10-23 19:52:00',1,9,'135759','na',1,''),(2201,'2014-10-23 19:52:02',1,10,'201036','上 - na',1,''),(2202,'2014-10-23 19:52:15',1,9,'135760','wejść na',1,''),(2203,'2014-10-23 19:52:17',1,10,'201037','上 - wejść na',1,''),(2204,'2014-10-23 19:52:30',1,8,'116868','上边 [shang4bian5]',1,''),(2205,'2014-10-23 19:52:34',1,10,'201038','上边 - na',1,''),(2206,'2014-10-23 19:52:42',1,8,'116869','上课 [iść na lekcje]',1,''),(2207,'2014-10-23 19:52:55',1,8,'116869','上课 [shang4ke4]',2,'Zmieniono pinyin'),(2208,'2014-10-23 19:53:00',1,9,'135761','iść na lekcje',1,''),(2209,'2014-10-23 19:53:02',1,10,'201039','上课 - iść na lekcje',1,''),(2210,'2014-10-23 19:53:10',1,8,'116870','上来 [shang4lai2]',1,''),(2211,'2014-10-23 19:53:18',1,10,'201040','上来 - wstać',1,''),(2212,'2014-10-23 19:53:27',1,8,'116871','上去 [shang4qu4]',1,''),(2213,'2014-10-23 19:53:36',1,10,'201041','上去 - wejść na',1,''),(2214,'2014-10-23 19:53:43',1,8,'116872','上午 [shang4wu3]',1,''),(2215,'2014-10-23 19:53:48',1,9,'135762','przedpołudnie',1,''),(2216,'2014-10-23 19:53:50',1,10,'201042','上午 - przedpołudnie',1,''),(2217,'2014-10-23 19:53:59',1,8,'116873','上学 [shang4xue2]',1,''),(2218,'2014-10-23 19:54:09',1,9,'135763','iść do szkoły',1,''),(2219,'2014-10-23 19:54:10',1,10,'201043','上学 - iść do szkoły',1,''),(2220,'2014-10-23 19:54:16',1,8,'116874','少 [shao3]',1,''),(2221,'2014-10-23 19:54:19',1,9,'135764','mało',1,''),(2222,'2014-10-23 19:54:21',1,10,'201044','少 - mało',1,''),(2223,'2014-10-23 19:54:27',1,8,'116875','社会 [she4hui4]',1,''),(2224,'2014-10-23 19:54:32',1,9,'135765','społeczeństwo',1,''),(2225,'2014-10-23 19:54:34',1,10,'201045','社会 - społeczeństwo',1,''),(2226,'2014-10-23 19:54:40',1,8,'116876','身体 [shen1ti3]',1,''),(2227,'2014-10-23 19:54:43',1,9,'135766','ciało',1,''),(2228,'2014-10-23 19:54:44',1,10,'201046','身体 - ciało',1,''),(2229,'2014-10-23 19:54:51',1,8,'116877','深 [shen1]',1,''),(2230,'2014-10-23 19:54:57',1,9,'135767','głęboki',1,''),(2231,'2014-10-23 19:54:58',1,10,'201047','深 - głęboki',1,''),(2232,'2014-10-23 19:55:05',1,8,'116878','什么 [shen2me5]',1,''),(2233,'2014-10-23 19:55:09',1,9,'135768','co',1,''),(2234,'2014-10-23 19:55:11',1,10,'201048','什么 - co',1,''),(2235,'2014-10-23 19:55:16',1,8,'116879','声 [sheng1]',1,''),(2236,'2014-10-23 19:55:20',1,9,'135769','dźwięk',1,''),(2237,'2014-10-23 19:55:21',1,10,'201049','声 - dźwięk',1,''),(2238,'2014-10-23 19:55:31',1,8,'116880','声调 [sheng1diao4]',1,''),(2239,'2014-10-23 19:55:35',1,9,'135770','ton',1,''),(2240,'2014-10-23 19:55:36',1,10,'201050','声调 - ton',1,''),(2241,'2014-10-23 19:55:43',1,8,'116881','声音 [sheng1yin1]',1,''),(2242,'2014-10-23 19:55:57',1,10,'201051','声音 - dźwięk',1,''),(2243,'2014-10-23 19:56:04',1,8,'116882','生产 [produkować]',1,''),(2244,'2014-10-23 19:56:37',1,8,'116882','生产 [sheng1chan]',2,'Zmieniono pinyin'),(2245,'2014-10-23 19:56:46',1,9,'135771','produkować',1,''),(2246,'2014-10-23 19:56:48',1,10,'201052','生产 - produkować',1,''),(2247,'2014-10-23 19:56:59',1,8,'116883','生词 [sheng1ci2]',1,''),(2248,'2014-10-23 19:57:03',1,9,'135772','nowe słowo',1,''),(2249,'2014-10-23 19:57:05',1,10,'201053','生词 - nowe słowo',1,''),(2250,'2014-10-23 19:57:12',1,8,'116884','生活 [sheng1huo2]',1,''),(2251,'2014-10-23 19:57:21',1,10,'201054','生活 - życie',1,''),(2252,'2014-10-23 19:57:28',1,8,'116885','生日 [sheng1ri4]',1,''),(2253,'2014-10-23 19:57:31',1,9,'135773','urodzint',1,''),(2254,'2014-10-23 19:57:38',1,9,'135773','urodziny',2,'Zmieniono word'),(2255,'2014-10-23 19:57:46',1,8,'116886','省 [sheng3]',1,''),(2256,'2014-10-23 19:57:50',1,9,'135774','prowincja',1,''),(2257,'2014-10-23 19:57:52',1,10,'201055','省 - prowincja',1,''),(2258,'2014-10-23 19:57:59',1,8,'116887','剩 [sheng4]',1,''),(2259,'2014-10-23 19:58:03',1,9,'135775','reszta',1,''),(2260,'2014-10-23 19:58:05',1,10,'201056','剩 - reszta',1,''),(2261,'2014-10-23 19:58:11',1,8,'116888','胜利 [sheng4li4]',1,''),(2262,'2014-10-23 19:58:28',1,9,'135776','zwycięstwo',1,''),(2263,'2014-10-23 19:58:30',1,10,'201057','胜利 - zwycięstwo',1,''),(2264,'2014-10-23 19:59:00',1,8,'116889','师傅 [shi1fu5]',1,''),(2265,'2014-10-23 19:59:03',1,9,'135777','mistrz',1,''),(2266,'2014-10-23 19:59:05',1,10,'201058','师傅 - mistrz',1,''),(2267,'2014-10-23 19:59:16',1,8,'116890','十 [shi2]',1,''),(2268,'2014-10-23 19:59:19',1,9,'135778','dziesięć',1,''),(2269,'2014-10-23 19:59:21',1,10,'201059','十 - dziesięć',1,''),(2270,'2014-10-23 19:59:38',1,8,'116891','十分 [shi2fen1]',1,''),(2271,'2014-10-23 19:59:45',1,9,'135779','niezwykle',1,''),(2272,'2014-10-23 19:59:47',1,10,'201060','十分 - niezwykle',1,''),(2273,'2014-10-23 19:59:52',1,10,'201061','十分 - bardzo',1,''),(2274,'2014-10-23 20:00:33',1,8,'116892','时候 [shi2hou4]',1,''),(2275,'2014-10-23 20:00:38',1,9,'135780','czas',1,''),(2276,'2014-10-23 20:00:40',1,10,'201062','时候 - czas',1,''),(2277,'2014-10-23 20:00:45',1,9,'135781','gdy',1,''),(2278,'2014-10-23 20:00:46',1,10,'201063','时候 - gdy',1,''),(2279,'2014-10-23 20:00:56',1,8,'116893','时间 [shi2jian1]',1,''),(2280,'2014-10-23 20:01:00',1,10,'201064','时间 - czas',1,''),(2281,'2014-10-23 20:01:13',1,8,'116894','食堂 [shi2ang2]',1,''),(2282,'2014-10-23 20:01:24',1,8,'116894','食堂 [shi2tang2]',2,'Zmieniono pinyin'),(2283,'2014-10-23 20:01:30',1,9,'135782','jadalnia',1,''),(2284,'2014-10-23 20:01:32',1,10,'201065','食堂 - jadalnia',1,''),(2285,'2014-10-23 20:01:56',1,8,'116895','实践 [shi2jian4]',1,''),(2286,'2014-10-23 20:02:00',1,9,'135783','praktykować',1,''),(2287,'2014-10-23 20:02:02',1,10,'201066','实践 - praktykować',1,''),(2288,'2014-10-23 20:02:49',1,8,'116896','实现 [shi2xian4]',1,''),(2289,'2014-10-23 20:02:55',1,9,'135784','osiągnąć',1,''),(2290,'2014-10-23 20:02:57',1,10,'201067','实现 - osiągnąć',1,''),(2291,'2014-10-23 20:03:06',1,8,'116897','使用 [shi3yong]',1,''),(2292,'2014-10-23 20:03:12',1,10,'201068','使用 - użyć',1,''),(2293,'2014-10-23 20:03:18',1,8,'116898','世界 [shi4jie4]',1,''),(2294,'2014-10-23 20:03:22',1,9,'135785','świat',1,''),(2295,'2014-10-23 20:03:23',1,10,'201069','世界 - świat',1,''),(2296,'2014-10-23 20:03:32',1,8,'116899','事 [shi4]',1,''),(2297,'2014-10-23 20:03:35',1,9,'135786','sprawa',1,''),(2298,'2014-10-23 20:03:37',1,10,'201070','事 - sprawa',1,''),(2299,'2014-10-23 20:03:46',1,8,'116900','事情 [shi4qing5]',1,''),(2300,'2014-10-23 20:03:50',1,10,'201071','事情 - sprawa',1,''),(2301,'2014-10-23 20:03:55',1,8,'116901','是 [shi4]',1,''),(2302,'2014-10-23 20:03:59',1,9,'135787','być',1,''),(2303,'2014-10-23 20:04:01',1,10,'201072','是 - być',1,''),(2304,'2014-10-23 20:04:09',1,8,'116902','市 [shi4]',1,''),(2305,'2014-10-23 20:04:23',1,10,'201073','市 - miasto',1,''),(2306,'2014-10-23 20:04:30',1,8,'116903','试 [shi4]',1,''),(2307,'2014-10-23 20:04:36',1,9,'135788','próbować',1,''),(2308,'2014-10-23 20:04:38',1,10,'201074','试 - próbować',1,''),(2309,'2014-10-23 20:04:49',1,8,'116904','收 [shou1]',1,''),(2310,'2014-10-23 20:04:58',1,10,'201075','收 - zbierać',1,''),(2311,'2014-10-23 20:05:04',1,10,'201076','收 - otrzymać',1,''),(2312,'2014-10-23 20:05:12',1,8,'116905','收拾 [shou1shi5]',1,''),(2313,'2014-10-23 20:05:16',1,9,'135789','uporządkować',1,''),(2314,'2014-10-23 20:05:17',1,10,'201077','收拾 - uporządkować',1,''),(2315,'2014-10-23 20:05:23',1,8,'116906','手 [shou3]',1,''),(2316,'2014-10-23 20:05:25',1,9,'135790','ręka',1,''),(2317,'2014-10-23 20:05:27',1,10,'201078','手 - ręka',1,''),(2318,'2014-10-23 20:05:37',1,8,'116907','手表 [shou3biao3]',1,''),(2319,'2014-10-23 20:05:42',1,9,'135791','zegarek na ręke',1,''),(2320,'2014-10-23 20:05:53',1,9,'135791','zegarek na rękę',2,'Zmieniono word'),(2321,'2014-10-23 20:06:12',1,8,'116908','首都 [shou3du1]',1,''),(2322,'2014-10-23 20:06:15',1,9,'135792','stolica',1,''),(2323,'2014-10-23 20:06:17',1,10,'201079','首都 - stolica',1,''),(2324,'2014-10-23 20:06:23',1,8,'116909','输 [shu1]',1,''),(2325,'2014-10-23 20:06:32',1,9,'135793','przewieźć',1,''),(2326,'2014-10-23 20:06:33',1,10,'201080','输 - przewieźć',1,''),(2327,'2014-10-23 20:06:39',1,9,'135794','przegrać',1,''),(2328,'2014-10-23 20:06:41',1,10,'201081','输 - przegrać',1,''),(2329,'2014-10-23 20:06:48',1,8,'116910','舒服 [shu1fu5]',1,''),(2330,'2014-10-23 20:06:55',1,9,'135795','przyjemny',1,''),(2331,'2014-10-23 20:06:56',1,10,'201082','舒服 - przyjemny',1,''),(2332,'2014-10-23 20:09:51',1,8,'116911','书 [shu1]',1,''),(2333,'2014-10-23 20:10:00',1,10,'201083','书 - książka',1,''),(2334,'2014-10-23 20:10:08',1,8,'116912','熟 [shu2]',1,''),(2335,'2014-10-23 20:10:13',1,9,'135796','dojrzały',1,''),(2336,'2014-10-23 20:10:14',1,10,'201084','熟 - dojrzały',1,''),(2337,'2014-10-23 20:10:21',1,8,'116913','数 [shu3]',1,''),(2338,'2014-10-23 20:10:34',1,9,'135797','uważać z',1,''),(2339,'2014-10-23 20:10:43',1,9,'135797','uważać za',2,'Zmieniono word'),(2340,'2014-10-23 20:10:45',1,10,'201085','数 - uważać za',1,''),(2341,'2014-10-23 20:10:54',1,8,'116914','树 [shu4]',1,''),(2342,'2014-10-23 20:11:01',1,9,'135798','drzewo',1,''),(2343,'2014-10-23 20:11:02',1,10,'201086','树 - drzewo',1,''),(2344,'2014-10-23 20:11:09',1,8,'116915','数学 [shu4xue2]',1,''),(2345,'2014-10-23 20:11:14',1,9,'135799','matematyka',1,''),(2346,'2014-10-23 20:11:15',1,10,'201087','数学 - matematyka',1,''),(2347,'2014-10-23 20:11:22',1,8,'116916','双 [shuang1]',1,''),(2348,'2014-10-23 20:11:27',1,9,'135800','para',1,''),(2349,'2014-10-23 20:11:28',1,10,'201088','双 - para',1,''),(2350,'2014-10-23 20:11:36',1,8,'116917','谁 [shei2]',1,''),(2351,'2014-10-23 20:11:40',1,9,'135801','kto',1,''),(2352,'2014-10-23 20:11:42',1,10,'201089','谁 - kto',1,''),(2353,'2014-10-23 20:11:48',1,8,'116918','水 [shui3]',1,''),(2354,'2014-10-23 20:11:50',1,9,'135802','woda',1,''),(2355,'2014-10-23 20:11:52',1,10,'201090','水 - woda',1,''),(2356,'2014-10-23 20:12:01',1,8,'116919','水果 [shui3guo3]',1,''),(2357,'2014-10-23 20:12:04',1,9,'135803','owoc',1,''),(2358,'2014-10-23 20:12:06',1,10,'201091','水果 - owoc',1,''),(2359,'2014-10-23 20:12:14',1,8,'116920','水平 [shui3ping2]',1,''),(2360,'2014-10-23 20:12:17',1,9,'135804','poziom',1,''),(2361,'2014-10-23 20:12:18',1,10,'201092','水平 - poziom',1,''),(2362,'2014-10-23 20:12:24',1,8,'116921','睡 [shui4]',1,''),(2363,'2014-10-23 20:12:26',1,9,'135805','spać',1,''),(2364,'2014-10-23 20:12:28',1,10,'201093','睡 - spać',1,''),(2365,'2014-10-23 20:12:35',1,8,'116922','睡觉 [shui4jiao4]',1,''),(2366,'2014-10-23 20:12:42',1,10,'201094','睡觉 - spać',1,''),(2367,'2014-10-23 20:12:48',1,8,'116923','说 [shuo1]',1,''),(2368,'2014-10-23 20:12:58',1,10,'201095','说 - mówić',1,''),(2369,'2014-10-23 20:13:10',1,8,'116924','说明 [shuo1ming2]',1,''),(2370,'2014-10-23 20:13:18',1,9,'135806','tłumaczyć',1,''),(2371,'2014-10-23 20:13:20',1,10,'201096','说明 - tłumaczyć',1,''),(2372,'2014-10-23 20:13:28',1,8,'116925','思想 [si1xiang3]',1,''),(2373,'2014-10-23 20:13:33',1,9,'135807','myśl',1,''),(2374,'2014-10-23 20:13:34',1,10,'201097','思想 - myśl',1,''),(2375,'2014-10-23 20:13:40',1,8,'116926','死 [si3]',1,''),(2376,'2014-10-23 20:13:44',1,9,'135808','umrzeć',1,''),(2377,'2014-10-23 20:13:46',1,10,'201098','死 - umrzeć',1,''),(2378,'2014-10-23 20:13:50',1,8,'116927','四 [si4]',1,''),(2379,'2014-10-23 20:13:53',1,9,'135809','cztery',1,''),(2380,'2014-10-23 20:13:55',1,10,'201099','四 - cztery',1,''),(2381,'2014-10-23 20:14:03',1,8,'116928','送 [song4]',1,''),(2382,'2014-10-23 20:14:09',1,9,'135810','podarować',1,''),(2383,'2014-10-23 20:14:11',1,10,'201100','送 - podarować',1,''),(2384,'2014-10-23 20:14:24',1,10,'201101','送 - dać',1,''),(2385,'2014-10-23 20:15:41',1,8,'116929','酸 [suan1]',1,''),(2386,'2014-10-23 20:15:44',1,9,'135811','kwaśny',1,''),(2387,'2014-10-23 20:15:46',1,10,'201102','酸 - kwaśny',1,''),(2388,'2014-10-23 20:15:55',1,8,'116930','宿舍 [su4she4]',1,''),(2389,'2014-10-23 20:15:58',1,9,'135812','akademik',1,''),(2390,'2014-10-23 20:15:59',1,10,'201103','宿舍 - akademik',1,''),(2391,'2014-10-23 20:16:06',1,8,'116931','算 [suan4]',1,''),(2392,'2014-10-23 20:16:11',1,9,'135813','liczyć',1,''),(2393,'2014-10-23 20:16:12',1,10,'201104','算 - liczyć',1,''),(2394,'2014-10-23 20:16:18',1,8,'116932','虽然 [sui1ran2]',1,''),(2395,'2014-10-23 20:16:21',1,9,'135814','choć',1,''),(2396,'2014-10-23 20:16:23',1,10,'201105','虽然 - choć',1,''),(2397,'2014-10-23 20:16:33',1,8,'116933','岁 [sui4]',1,''),(2398,'2014-10-23 20:16:42',1,9,'135815','lat',1,''),(2399,'2014-10-23 20:16:44',1,10,'201106','岁 - lat',1,''),(2400,'2014-10-23 20:16:51',1,8,'116934','所以 [suo3yi3]',1,''),(2401,'2014-10-23 20:16:55',1,9,'135816','zatem',1,''),(2402,'2014-10-23 20:16:57',1,10,'201107','所以 - zatem',1,''),(2403,'2014-10-23 20:17:04',1,10,'201108','所以 - więc',1,''),(2404,'2014-10-23 20:17:12',1,8,'116935','所有 [suo3ou3]',1,''),(2405,'2014-10-23 20:17:23',1,8,'116935','所有 [suo3you3]',2,'Zmieniono pinyin'),(2406,'2014-10-23 20:17:29',1,9,'135817','wszystkie',1,''),(2407,'2014-10-23 20:17:31',1,10,'201109','所有 - wszystkie',1,''),(2408,'2014-10-23 20:17:37',1,8,'116936','他 [ta1]',1,''),(2409,'2014-10-23 20:17:40',1,9,'135818','on',1,''),(2410,'2014-10-23 20:17:42',1,10,'201110','他 - on',1,''),(2411,'2014-10-23 20:17:54',1,8,'116937','他们 [oni1]',1,''),(2412,'2014-10-23 20:18:05',1,8,'116937','他们 [ta1men5]',2,'Zmieniono pinyin'),(2413,'2014-10-23 20:18:09',1,9,'135819','oni',1,''),(2414,'2014-10-23 20:18:11',1,10,'201111','他们 - oni',1,''),(2415,'2014-10-23 20:18:25',1,8,'116938','它 [ta1]',1,''),(2416,'2014-10-23 20:18:34',1,10,'201112','它 - to',1,''),(2417,'2014-10-23 20:18:42',1,8,'116939','它们 [tamen5]',1,''),(2418,'2014-10-23 20:18:44',1,9,'135820','one',1,''),(2419,'2014-10-23 20:18:46',1,10,'201113','它们 - one',1,''),(2420,'2014-10-23 20:18:53',1,8,'116940','她 [ta1]',1,''),(2421,'2014-10-23 20:18:56',1,9,'135821','ona',1,''),(2422,'2014-10-23 20:18:57',1,10,'201114','她 - ona',1,''),(2423,'2014-10-23 20:19:06',1,8,'116941','她们 [ta1men5]',1,''),(2424,'2014-10-23 20:19:10',1,10,'201115','她们 - one',1,''),(2425,'2014-10-23 20:19:17',1,8,'116942','抬 [tai2]',1,''),(2426,'2014-10-23 20:19:25',1,10,'201116','抬 - podnieść',1,''),(2427,'2014-10-23 20:19:31',1,8,'116943','太 [tai4]',1,''),(2428,'2014-10-23 20:19:34',1,9,'135822','zbyt',1,''),(2429,'2014-10-23 20:19:36',1,10,'201117','太 - zbyt',1,''),(2430,'2014-10-23 20:19:41',1,8,'116944','太阳 [tai4yang2]',1,''),(2431,'2014-10-23 20:19:45',1,9,'135823','słońce',1,''),(2432,'2014-10-23 20:19:46',1,10,'201118','太阳 - słońce',1,''),(2433,'2014-10-23 20:19:52',1,8,'116945','态度 [tai4du4]',1,''),(2434,'2014-10-23 20:20:00',1,8,'116945','态度 [tai4du5]',2,'Zmieniono pinyin'),(2435,'2014-10-23 20:20:07',1,9,'135824','nastawienie',1,''),(2436,'2014-10-23 20:20:09',1,10,'201119','态度 - nastawienie',1,''),(2437,'2014-10-23 20:20:13',1,8,'116946','谈 [tan2]',1,''),(2438,'2014-10-23 20:20:24',1,9,'135825','rozmawiać',1,''),(2439,'2014-10-23 20:20:28',1,10,'201120','谈 - rozmawiać',1,''),(2440,'2014-10-23 20:20:34',1,8,'116947','汤 [tang1]',1,''),(2441,'2014-10-23 20:20:39',1,9,'135826','zupa',1,''),(2442,'2014-10-23 20:20:41',1,10,'201121','汤 - zupa',1,''),(2443,'2014-10-23 20:20:49',1,8,'116948','糖 [tang2]',1,''),(2444,'2014-10-23 20:20:55',1,9,'135827','cukier',1,''),(2445,'2014-10-23 20:20:57',1,10,'201122','糖 - cukier',1,''),(2446,'2014-10-23 20:21:08',1,9,'135828','cukierek',1,''),(2447,'2014-10-23 20:21:10',1,10,'201123','糖 - cukierek',1,''),(2448,'2014-10-23 20:21:13',1,8,'116949','躺 [tang3]',1,''),(2449,'2014-10-23 20:21:16',1,9,'135829','leżeć',1,''),(2450,'2014-10-23 20:21:17',1,10,'201124','躺 - leżeć',1,''),(2451,'2014-10-23 20:21:26',1,8,'116950','讨论 [tao3lun4]',1,''),(2452,'2014-10-23 20:21:35',1,9,'135830','dyskutować',1,''),(2453,'2014-10-23 20:21:36',1,10,'201125','讨论 - dyskutować',1,''),(2454,'2014-10-23 20:21:44',1,8,'116951','特别 [te4bie2]',1,''),(2455,'2014-10-23 20:22:01',1,9,'135831','specjalny',1,''),(2456,'2014-10-23 20:22:03',1,10,'201126','特别 - specjalny',1,''),(2457,'2014-10-23 20:22:10',1,8,'116952','疼 [teng2]',1,''),(2458,'2014-10-23 20:22:17',1,9,'135832','ból',1,''),(2459,'2014-10-23 20:22:21',1,10,'201127','疼 - ból',1,''),(2460,'2014-10-23 20:22:26',1,8,'116953','踢 [ti1]',1,''),(2461,'2014-10-23 20:22:29',1,9,'135833','kopać',1,''),(2462,'2014-10-23 20:22:31',1,10,'201128','踢 - kopać',1,''),(2463,'2014-10-23 20:22:39',1,8,'116954','提 [ti2]',1,''),(2464,'2014-10-23 20:22:53',1,10,'201129','提 - nieść',1,''),(2465,'2014-10-23 20:23:06',1,8,'116955','提高 [ti2gao4]',1,''),(2466,'2014-10-23 20:23:10',1,9,'135834','zwiększyć',1,''),(2467,'2014-10-23 20:23:12',1,10,'201130','提高 - zwiększyć',1,''),(2468,'2014-10-23 20:23:17',1,9,'135835','podwyższyć',1,''),(2469,'2014-10-23 20:23:19',1,10,'201131','提高 - podwyższyć',1,''),(2470,'2014-10-23 20:23:27',1,8,'116956','体育 [ti3yu4]',1,''),(2471,'2014-10-23 20:23:36',1,9,'135836','trening fizyczny',1,''),(2472,'2014-10-23 20:23:38',1,10,'201132','体育 - trening fizyczny',1,''),(2473,'2014-10-23 20:23:43',1,8,'116957','天 [tian1]',1,''),(2474,'2014-10-23 20:23:46',1,9,'135837','niebo',1,''),(2475,'2014-10-23 20:23:47',1,10,'201133','天 - niebo',1,''),(2476,'2014-10-23 20:23:55',1,10,'201134','天 - dzień',1,''),(2477,'2014-10-23 20:24:01',1,8,'116958','天气 [tian1qi4]',1,''),(2478,'2014-10-23 20:24:10',1,9,'135838','pogoda',1,''),(2479,'2014-10-23 20:24:11',1,10,'201135','天气 - pogoda',1,''),(2480,'2014-10-23 20:24:19',1,8,'116959','条 [tiao2]',1,''),(2481,'2014-10-23 20:24:21',1,9,'135839','pasek',1,''),(2482,'2014-10-23 20:24:23',1,10,'201136','条 - pasek',1,''),(2483,'2014-10-23 20:24:31',1,8,'116960','条件 [tiao2jian4]',1,''),(2484,'2014-10-23 20:24:35',1,9,'135840','wymagania',1,''),(2485,'2014-10-23 20:24:38',1,10,'201137','条件 - wymagania',1,''),(2486,'2014-10-23 20:24:43',1,8,'116961','跳 [tiao4]',1,''),(2487,'2014-10-23 20:24:48',1,9,'135841','skok',1,''),(2488,'2014-10-23 20:24:51',1,10,'201138','跳 - skok',1,''),(2489,'2014-10-23 20:24:58',1,8,'116962','跳舞 [tiao4wu3]',1,''),(2490,'2014-10-23 20:25:01',1,9,'135842','taniec',1,''),(2491,'2014-10-23 20:25:11',1,9,'135842','tańczyć',2,'Zmieniono word'),(2492,'2014-10-23 20:25:14',1,10,'201139','跳舞 - tańczyć',1,''),(2493,'2014-10-23 20:25:20',1,8,'116963','听 [ting1]',1,''),(2494,'2014-10-23 20:25:24',1,9,'135843','słuchać',1,''),(2495,'2014-10-23 20:25:26',1,10,'201140','听 - słuchać',1,''),(2496,'2014-10-23 20:25:37',1,8,'116964','听见 [ting1jian4]',1,''),(2497,'2014-10-23 20:25:42',1,9,'135844','usłyszeć',1,''),(2498,'2014-10-23 20:25:44',1,10,'201141','听见 - usłyszeć',1,''),(2499,'2014-10-23 20:25:52',1,8,'116965','听说 [ting1shuo1]',1,''),(2500,'2014-10-23 20:26:08',1,9,'135845','słyszeć, że',1,''),(2501,'2014-10-23 20:26:09',1,10,'201142','听说 - słyszeć, że',1,''),(2502,'2014-10-23 20:26:17',1,8,'116966','听写 [ting1xie3]',1,''),(2503,'2014-10-23 20:26:31',1,9,'135846','dyktando',1,''),(2504,'2014-10-23 20:26:33',1,10,'201143','听写 - dyktando',1,''),(2505,'2014-10-23 20:26:39',1,8,'116967','停 [ting2]',1,''),(2506,'2014-10-23 20:26:43',1,9,'135847','zatrzymać się',1,''),(2507,'2014-10-23 20:26:45',1,10,'201144','停 - zatrzymać się',1,''),(2508,'2014-10-23 20:26:51',1,8,'116968','挺 [ting3]',1,''),(2509,'2014-10-23 20:26:54',1,9,'135848','raczej',1,''),(2510,'2014-10-23 20:26:56',1,10,'201145','挺 - raczej',1,''),(2511,'2014-10-23 20:27:02',1,8,'116969','通 [tong1]',1,''),(2512,'2014-10-23 20:27:07',1,9,'135849','prowadzić do',1,''),(2513,'2014-10-23 20:27:09',1,10,'201146','通 - prowadzić do',1,''),(2514,'2014-10-23 20:27:17',1,8,'116970','通过 [tong1guo4]',1,''),(2515,'2014-10-23 20:27:30',1,10,'201147','通过 - przejść przez',1,''),(2516,'2014-10-23 20:27:39',1,8,'116971','通知 [tong1zhi1]',1,''),(2517,'2014-10-23 20:27:48',1,9,'135850','powiadomić',1,''),(2518,'2014-10-23 20:27:49',1,10,'201148','通知 - powiadomić',1,''),(2519,'2014-10-23 20:27:56',1,8,'116972','同时 [tong2shi2]',1,''),(2520,'2014-10-23 20:28:01',1,9,'135851','w tym samym czasie',1,''),(2521,'2014-10-23 20:28:02',1,10,'201149','同时 - w tym samym czasie',1,''),(2522,'2014-10-23 20:28:09',1,8,'116973','同学 [tong2xxue2]',1,''),(2523,'2014-10-23 20:28:15',1,9,'135852','kolega ze szkoły',1,''),(2524,'2014-10-23 20:28:16',1,10,'201150','同学 - kolega ze szkoły',1,''),(2525,'2014-10-23 20:28:23',1,8,'116974','同意 [tong2yi4]',1,''),(2526,'2014-10-23 20:28:29',1,9,'135853','zgadzać się',1,''),(2527,'2014-10-23 20:28:31',1,10,'201151','同意 - zgadzać się',1,''),(2528,'2014-10-23 20:28:40',1,8,'116975','同志 [tong2zhi4]',1,''),(2529,'2014-10-23 20:28:53',1,9,'135854','towarzysz',1,''),(2530,'2014-10-23 20:28:55',1,10,'201152','同志 - towarzysz',1,''),(2531,'2014-10-23 20:29:03',1,8,'116976','痛快 [tong4kuai5]',1,''),(2532,'2014-10-23 20:29:06',1,9,'135855','very happy',1,''),(2533,'2014-10-23 20:29:07',1,10,'201153','痛快 - very happy',1,''),(2534,'2014-10-23 20:29:12',1,8,'116977','头 [tou2]',1,''),(2535,'2014-10-23 20:29:15',1,9,'135856','głowa',1,''),(2536,'2014-10-23 20:29:17',1,10,'201154','头 - głowa',1,''),(2537,'2014-10-23 20:29:27',1,10,'201155','头 - pierwszy',1,''),(2538,'2014-10-23 20:29:35',1,8,'116978','突然 [tu1ran2]',1,''),(2539,'2014-10-23 20:29:39',1,9,'135857','nagły',1,''),(2540,'2014-10-23 20:29:41',1,10,'201156','突然 - nagły',1,''),(2541,'2014-10-23 20:29:49',1,8,'116979','图书馆 [tu2shu1guan3]',1,''),(2542,'2014-10-23 20:29:54',1,9,'135858','biblioteka',1,''),(2543,'2014-10-23 20:29:56',1,10,'201157','图书馆 - biblioteka',1,''),(2544,'2014-10-23 20:30:13',1,8,'116980','团结 [tuan2jie2]',1,''),(2545,'2014-10-23 20:30:18',1,9,'135859','jednoczyć się',1,''),(2546,'2014-10-23 20:30:19',1,10,'201158','团结 - jednoczyć się',1,''),(2547,'2014-10-23 20:30:25',1,8,'116981','推 [tui1]',1,''),(2548,'2014-10-23 20:30:28',1,9,'135860','pchać',1,''),(2549,'2014-10-23 20:30:30',1,10,'201159','推 - pchać',1,''),(2550,'2014-10-23 20:30:36',1,8,'116982','腿 [tui3]',1,''),(2551,'2014-10-23 20:30:38',1,9,'135861','noga',1,''),(2552,'2014-10-23 20:30:40',1,10,'201160','腿 - noga',1,''),(2553,'2014-10-23 20:30:47',1,8,'116983','退 [zwrócić]',1,''),(2554,'2014-10-23 20:30:56',1,8,'116983','退 [tui4]',2,'Zmieniono pinyin'),(2555,'2014-10-23 20:31:04',1,9,'135862','wycofać',1,''),(2556,'2014-10-23 20:31:06',1,10,'201161','退 - wycofać',1,''),(2557,'2014-10-23 20:31:11',1,8,'116984','脱 [tuo1]',1,''),(2558,'2014-10-23 20:31:14',1,9,'135863','zdjąć',1,''),(2559,'2014-10-23 20:31:16',1,10,'201162','脱 - zdjąć',1,''),(2560,'2014-10-23 20:31:22',1,8,'116985','袜子 [wa4zi5]',1,''),(2561,'2014-10-23 20:31:25',1,9,'135864','skarpetki',1,''),(2562,'2014-10-23 20:31:27',1,10,'201163','袜子 - skarpetki',1,''),(2563,'2014-10-23 20:31:31',1,8,'116986','外 [wai4]',1,''),(2564,'2014-10-23 20:31:36',1,9,'135865','zewnętrzny',1,''),(2565,'2014-10-23 20:31:38',1,10,'201164','外 - zewnętrzny',1,''),(2566,'2014-10-23 20:31:48',1,9,'135866','zewnątrz',1,''),(2567,'2014-10-23 20:31:49',1,10,'201165','外 - zewnątrz',1,''),(2568,'2014-10-23 20:31:55',1,8,'116987','外边 [wai4bian5]',1,''),(2569,'2014-10-23 20:31:59',1,10,'201166','外边 - zewnątrz',1,''),(2570,'2014-10-23 20:32:07',1,8,'116988','外国 [wai4guo2]',1,''),(2571,'2014-10-23 20:32:15',1,9,'135867','obcy kraj',1,''),(2572,'2014-10-23 20:32:17',1,10,'201167','外国 - obcy kraj',1,''),(2573,'2014-10-23 20:32:24',1,8,'116989','外语 [wai4yu3]',1,''),(2574,'2014-10-23 20:32:28',1,9,'135868','język obcy',1,''),(2575,'2014-10-23 20:32:30',1,10,'201168','外语 - język obcy',1,''),(2576,'2014-10-23 20:32:35',1,8,'116990','完 [wan2]',1,''),(2577,'2014-10-23 20:32:39',1,9,'135869','skończyć',1,''),(2578,'2014-10-23 20:32:41',1,10,'201169','完 - skończyć',1,''),(2579,'2014-10-23 20:32:51',1,8,'116991','完成 [wan2cheng2]',1,''),(2580,'2014-10-23 20:33:01',1,10,'201170','完成 - ukończyć',1,''),(2581,'2014-10-23 20:33:08',1,8,'116992','完全 [wan2quan2]',1,''),(2582,'2014-10-23 20:33:16',1,10,'201171','完全 - cały',1,''),(2583,'2014-10-23 20:33:25',1,8,'116993','玩儿 [wan2er5]',1,''),(2584,'2014-10-23 20:33:32',1,9,'135870','bawić się',1,''),(2585,'2014-10-23 20:33:34',1,10,'201172','玩儿 - bawić się',1,''),(2586,'2014-10-23 20:33:39',1,8,'116994','碗 [wan3]',1,''),(2587,'2014-10-23 20:33:41',1,9,'135871','miska',1,''),(2588,'2014-10-23 20:33:43',1,10,'201173','碗 - miska',1,''),(2589,'2014-10-23 20:33:48',1,8,'116995','晚 [wan3]',1,''),(2590,'2014-10-23 20:33:53',1,9,'135872','późno',1,''),(2591,'2014-10-23 20:33:55',1,10,'201174','晚 - późno',1,''),(2592,'2014-10-23 20:34:01',1,8,'116996','晚饭 [wan3fan4]',1,''),(2593,'2014-10-23 20:34:04',1,9,'135873','olacja',1,''),(2594,'2014-10-23 20:34:12',1,9,'135873','kolacja',2,'Zmieniono word'),(2595,'2014-10-23 20:34:14',1,10,'201175','晚饭 - kolacja',1,''),(2596,'2014-10-23 20:34:21',1,8,'116997','晚会 [wan3hui4]',1,''),(2597,'2014-10-23 20:34:28',1,9,'135874','wieczorne spotkanie',1,''),(2598,'2014-10-23 20:34:30',1,10,'201176','晚会 - wieczorne spotkanie',1,''),(2599,'2014-10-23 20:34:42',1,8,'116998','晚上 [wan3shang5]',1,''),(2600,'2014-10-23 20:34:50',1,9,'135875','wieczór',1,''),(2601,'2014-10-23 20:34:52',1,10,'201177','晚上 - wieczór',1,''),(2602,'2014-10-23 20:35:00',1,8,'116999','万 [wan4]',1,''),(2603,'2014-10-23 20:35:09',1,9,'135876','dziesięć tysięcy',1,''),(2604,'2014-10-23 20:35:11',1,10,'201178','万 - dziesięć tysięcy',1,''),(2605,'2014-10-23 20:35:19',1,8,'117000','往 [wang3]',1,''),(2606,'2014-10-23 20:35:23',1,9,'135877','kierować się do',1,''),(2607,'2014-10-23 20:35:25',1,10,'201179','往 - kierować się do',1,''),(2608,'2014-10-23 20:35:40',1,9,'135878','w stronę',1,''),(2609,'2014-10-23 20:35:42',1,10,'201180','往 - w stronę',1,''),(2610,'2014-10-23 20:35:47',1,8,'117001','忘 [wang4]',1,''),(2611,'2014-10-23 20:35:52',1,9,'135879','zapomnieć',1,''),(2612,'2014-10-23 20:35:54',1,10,'201181','忘 - zapomnieć',1,''),(2613,'2014-10-23 20:36:06',1,8,'117002','危险 [wei1xian3]',1,''),(2614,'2014-10-23 20:36:17',1,9,'135880','niebezpieczny',1,''),(2615,'2014-10-23 20:36:19',1,10,'201182','危险 - niebezpieczny',1,''),(2616,'2014-10-23 20:36:24',1,8,'117003','为 [wei2]',1,''),(2617,'2014-10-23 20:36:34',1,9,'135881','działać',1,''),(2618,'2014-10-23 20:36:36',1,10,'201183','为 - działać',1,''),(2619,'2014-10-23 20:36:41',1,8,'117004','伟大 [wei3da4]',1,''),(2620,'2014-10-23 20:36:46',1,9,'135882','wielki',1,''),(2621,'2014-10-23 20:36:47',1,10,'201184','伟大 - wielki',1,''),(2622,'2014-10-23 20:36:53',1,8,'117005','喂 [wei4]',1,''),(2623,'2014-10-23 20:36:56',1,9,'135883','halo4',1,''),(2624,'2014-10-23 20:37:04',1,9,'135883','halo',2,'Zmieniono word'),(2625,'2014-10-23 20:37:06',1,10,'201185','喂 - halo',1,''),(2626,'2014-10-23 20:37:21',1,8,'117006','为了 [wei4le5]',1,''),(2627,'2014-10-23 20:37:26',1,9,'135884','w celu',1,''),(2628,'2014-10-23 20:37:27',1,10,'201186','为了 - w celu',1,''),(2629,'2014-10-23 20:37:36',1,8,'117007','为什么 [wei4shen2me5]',1,''),(2630,'2014-10-23 20:37:41',1,9,'135885','dlaczego',1,''),(2631,'2014-10-23 20:37:42',1,10,'201187','为什么 - dlaczego',1,''),(2632,'2014-10-23 20:37:49',1,8,'117008','文化 [wen2hua4]',1,''),(2633,'2014-10-23 20:37:52',1,9,'135886','kultura',1,''),(2634,'2014-10-23 20:37:53',1,10,'201188','文化 - kultura',1,''),(2635,'2014-10-23 20:37:59',1,9,'135887','cywilizacja',1,''),(2636,'2014-10-23 20:38:01',1,10,'201189','文化 - cywilizacja',1,''),(2637,'2014-10-23 20:38:13',1,8,'117009','文学 [wen2xue2]',1,''),(2638,'2014-10-23 20:38:20',1,9,'135888','literatura',1,''),(2639,'2014-10-23 20:38:22',1,10,'201190','文学 - literatura',1,''),(2640,'2014-10-23 20:38:31',1,8,'117010','文学家 [wen2xue2jia1]',1,''),(2641,'2014-10-23 20:38:35',1,9,'135889','pisarz',1,''),(2642,'2014-10-23 20:38:36',1,10,'201191','文学家 - pisarz',1,''),(2643,'2014-10-23 20:38:42',1,8,'117011','文艺 [wen2yi4]',1,''),(2644,'2014-10-23 20:38:49',1,9,'135890','literatura i sztuka',1,''),(2645,'2014-10-23 20:38:51',1,10,'201192','文艺 - literatura i sztuka',1,''),(2646,'2014-10-23 20:39:01',1,8,'117012','文章 [wen2zhang1]',1,''),(2647,'2014-10-23 20:39:05',1,9,'135891','artykuł',1,''),(2648,'2014-10-23 20:39:07',1,10,'201193','文章 - artykuł',1,''),(2649,'2014-10-23 20:39:12',1,8,'117013','问 [wen4]',1,''),(2650,'2014-10-23 20:39:15',1,9,'135892','pytać',1,''),(2651,'2014-10-23 20:39:17',1,10,'201194','问 - pytać',1,''),(2652,'2014-10-23 20:39:24',1,8,'117014','问好 [wen4hao3]',1,''),(2653,'2014-10-23 20:39:28',1,9,'135893','pozdrawiać',1,''),(2654,'2014-10-23 20:39:29',1,10,'201195','问好 - pozdrawiać',1,''),(2655,'2014-10-23 20:39:35',1,8,'117015','问题 [wen4ti2]',1,''),(2656,'2014-10-23 20:39:38',1,9,'135894','problem',1,''),(2657,'2014-10-23 20:39:39',1,10,'201196','问题 - problem',1,''),(2658,'2014-10-23 20:39:44',1,9,'135895','pytanie',1,''),(2659,'2014-10-23 20:39:46',1,10,'201197','问题 - pytanie',1,''),(2660,'2014-10-23 20:39:52',1,8,'117016','我 [wo3]',1,''),(2661,'2014-10-23 20:39:54',1,9,'135896','ja',1,''),(2662,'2014-10-23 20:39:56',1,10,'201198','我 - ja',1,''),(2663,'2014-10-23 20:40:14',1,8,'117017','我们 [wo3men5]',1,''),(2664,'2014-10-23 20:40:17',1,9,'135897','my',1,''),(2665,'2014-10-23 20:40:20',1,10,'201199','我们 - my',1,''),(2666,'2014-10-23 20:40:25',1,8,'117018','握手 [wo4shou3]',1,''),(2667,'2014-10-23 20:40:44',1,9,'135898','uścisnąć ręcee',1,''),(2668,'2014-10-23 20:40:53',1,9,'135898','uścisnąć ręce',2,'Zmieniono word'),(2669,'2014-10-23 20:42:12',1,10,'201200','握手 - uścisnąć ręce',1,''),(2670,'2014-10-23 20:42:19',1,8,'117019','屋子 [wu1zi5]',1,''),(2671,'2014-10-23 20:42:29',1,10,'201201','屋子 - pokój',1,''),(2672,'2014-10-23 20:42:35',1,8,'117020','五 [wu3]',1,''),(2673,'2014-10-23 20:42:38',1,9,'135899','pięć',1,''),(2674,'2014-10-23 20:42:40',1,10,'201202','五 - pięć',1,''),(2675,'2014-10-23 20:42:46',1,8,'117021','午饭 [wu3fan4]',1,''),(2676,'2014-10-23 20:42:49',1,9,'135900','obiad',1,''),(2677,'2014-10-23 20:42:51',1,10,'201203','午饭 - obiad',1,''),(2678,'2014-10-23 20:42:56',1,8,'117022','物理 [wu4li3]',1,''),(2679,'2014-10-23 20:42:59',1,9,'135901','fizyka',1,''),(2680,'2014-10-23 20:43:00',1,10,'201204','物理 - fizyka',1,''),(2681,'2014-10-23 20:43:05',1,8,'117023','西 [xi1]',1,''),(2682,'2014-10-23 20:43:10',1,9,'135902','zachó',1,''),(2683,'2014-10-23 20:43:25',1,9,'135902','zachód',2,'Zmieniono word'),(2684,'2014-10-23 20:43:27',1,10,'201205','西 - zachód',1,''),(2685,'2014-10-23 20:43:34',1,8,'117024','西边 [xi1bian5]',1,''),(2686,'2014-10-23 20:43:43',1,10,'201206','西边 - zachód',1,''),(2687,'2014-10-23 20:43:50',1,8,'117025','希望 [xi1wang4]',1,''),(2688,'2014-10-23 20:43:55',1,9,'135903','mieć nadzieję',1,''),(2689,'2014-10-23 20:43:56',1,10,'201207','希望 - mieć nadzieję',1,''),(2690,'2014-10-23 20:44:04',1,8,'117026','习惯 [xi2guan4]',1,''),(2691,'2014-10-23 20:44:20',1,9,'135904','być przyzwyczajonym',1,''),(2692,'2014-10-23 20:44:22',1,10,'201208','习惯 - być przyzwyczajonym',1,''),(2693,'2014-10-23 20:44:51',1,8,'117027','喜欢 [xi3huan5]',1,''),(2694,'2014-10-23 20:44:57',1,9,'135905','lubić',1,''),(2695,'2014-10-23 20:44:59',1,10,'201209','喜欢 - lubić',1,''),(2696,'2014-10-23 20:45:12',1,8,'117028','洗 [xi3]',1,''),(2697,'2014-10-23 20:45:19',1,9,'135906','myć',1,''),(2698,'2014-10-23 20:45:21',1,10,'201210','洗 - myć',1,''),(2699,'2014-10-23 20:47:01',1,8,'117029','洗澡 [xi3zao3]',1,''),(2700,'2014-10-23 20:47:11',1,9,'135907','brać prysznic',1,''),(2701,'2014-10-23 20:47:19',1,10,'201211','洗澡 - brać prysznic',1,''),(2702,'2014-10-23 20:47:30',1,8,'117030','系 [xi4]',1,''),(2703,'2014-10-23 20:47:40',1,9,'135908','wydział',1,''),(2704,'2014-10-23 20:47:42',1,10,'201212','系 - wydział',1,''),(2705,'2014-10-23 20:48:03',1,8,'117031','细 [xi4]',1,''),(2706,'2014-10-23 20:48:15',1,9,'135909','cienki',1,''),(2707,'2014-10-23 20:48:17',1,10,'201213','细 - cienki',1,''),(2708,'2014-10-23 20:48:21',1,8,'117032','下 [xia4]',1,''),(2709,'2014-10-23 20:48:24',1,9,'135910','pod',1,''),(2710,'2014-10-23 20:48:26',1,10,'201214','下 - pod',1,''),(2711,'2014-10-23 20:48:33',1,8,'117033','下边 [xia4bian5]',1,''),(2712,'2014-10-23 20:48:38',1,10,'201215','下边 - pod',1,''),(2713,'2014-10-23 20:48:50',1,8,'117034','下课 [xia4ke4]',1,''),(2714,'2014-10-23 20:48:57',1,9,'135911','kończyć zajęcia',1,''),(2715,'2014-10-23 20:48:59',1,10,'201216','下课 - kończyć zajęcia',1,''),(2716,'2014-10-23 20:49:05',1,8,'117035','下来 [przyjść na dół]',1,''),(2717,'2014-10-23 20:49:13',1,8,'117035','下来 [xia4lai2]',2,'Zmieniono pinyin'),(2718,'2014-10-23 20:49:19',1,9,'135912','przyjść na dół',1,''),(2719,'2014-10-23 20:49:21',1,10,'201217','下来 - przyjść na dół',1,''),(2720,'2014-10-23 20:49:38',1,8,'117036','下去 [xia4qu4]',1,''),(2721,'2014-10-23 20:49:45',1,9,'135913','pójść na dół',1,''),(2722,'2014-10-23 20:49:48',1,10,'201218','下去 - pójść na dół',1,''),(2723,'2014-10-23 20:49:53',1,8,'117037','下午 [xia4wu3]',1,''),(2724,'2014-10-23 20:49:56',1,9,'135914','popołudnie',1,''),(2725,'2014-10-23 20:49:58',1,10,'201219','下午 - popołudnie',1,''),(2726,'2014-10-23 20:50:05',1,8,'117038','夏 [lai4]',1,''),(2727,'2014-10-23 20:50:14',1,8,'117038','夏 [xia4]',2,'Zmieniono pinyin'),(2728,'2014-10-23 20:50:18',1,9,'135915','lato',1,''),(2729,'2014-10-23 20:50:20',1,10,'201220','夏 - lato',1,''),(2730,'2014-10-23 20:50:25',1,8,'117039','夏天 [xia4tian1]',1,''),(2731,'2014-10-23 20:50:29',1,10,'201221','夏天 - lato',1,''),(2732,'2014-10-23 20:50:33',1,8,'117040','先 [xian1]',1,''),(2733,'2014-10-23 20:50:37',1,9,'135916','najpierw',1,''),(2734,'2014-10-23 20:50:38',1,10,'201222','先 - najpierw',1,''),(2735,'2014-10-23 20:50:45',1,8,'117041','先生 [xian1sheng5]',1,''),(2736,'2014-10-23 20:50:49',1,9,'135917','pan',1,''),(2737,'2014-10-23 20:50:51',1,10,'201223','先生 - pan',1,''),(2738,'2014-10-23 20:50:57',1,8,'117042','现代 [xian4dai4]',1,''),(2739,'2014-10-23 20:51:01',1,9,'135918','współczesny',1,''),(2740,'2014-10-23 20:51:03',1,10,'201224','现代 - współczesny',1,''),(2741,'2014-10-23 20:51:09',1,8,'117043','现在 [xian4zai4]',1,''),(2742,'2014-10-23 20:51:12',1,9,'135919','teraz',1,''),(2743,'2014-10-23 20:51:13',1,10,'201225','现在 - teraz',1,''),(2744,'2014-10-23 20:51:19',1,8,'117044','相信 [xiang1xin4]',1,''),(2745,'2014-10-23 20:51:24',1,9,'135920','wierzyć',1,''),(2746,'2014-10-23 20:51:25',1,10,'201226','相信 - wierzyć',1,''),(2747,'2014-10-23 20:51:30',1,8,'117045','香 [xiang1]',1,''),(2748,'2014-10-23 20:51:34',1,9,'135921','pachnący',1,''),(2749,'2014-10-23 20:51:36',1,10,'201227','香 - pachnący',1,''),(2750,'2014-10-23 20:51:41',1,8,'117046','香蕉 [xiang1jiao1]',1,''),(2751,'2014-10-23 20:51:45',1,9,'135922','banan',1,''),(2752,'2014-10-23 20:51:46',1,10,'201228','香蕉 - banan',1,''),(2753,'2014-10-23 20:51:52',1,8,'117047','想 [xiang3]',1,''),(2754,'2014-10-23 20:52:02',1,9,'135923','tęsknić',1,''),(2755,'2014-10-23 20:52:04',1,10,'201229','想 - tęsknić',1,''),(2756,'2014-10-23 20:52:11',1,10,'201230','想 - myśleć',1,''),(2757,'2014-10-23 20:52:16',1,8,'117048','响 [xiang3]',1,''),(2758,'2014-10-23 20:52:26',1,9,'135924','wydawać odgłos',1,''),(2759,'2014-10-23 20:52:28',1,10,'201231','响 - wydawać odgłos',1,''),(2760,'2014-10-23 20:52:43',1,10,'201232','响 - głośny',1,''),(2761,'2014-10-23 20:52:48',1,8,'117049','像 [xiang54]',1,''),(2762,'2014-10-23 20:52:57',1,8,'117049','像 [xiang4]',2,'Zmieniono pinyin'),(2763,'2014-10-23 20:53:08',1,10,'201233','像 - wyglądać jak',1,''),(2764,'2014-10-23 20:53:13',1,8,'117050','向 [xiang4]',1,''),(2765,'2014-10-23 20:53:24',1,10,'201234','向 - w kierunku',1,''),(2766,'2014-10-23 20:53:31',1,8,'117051','消息 [xiao1xi5]',1,''),(2767,'2014-10-23 20:53:35',1,9,'135925','wiadomość',1,''),(2768,'2014-10-23 20:53:37',1,10,'201235','消息 - wiadomość',1,''),(2769,'2014-10-23 20:53:41',1,8,'117052','小 [xiao3]',1,''),(2770,'2014-10-23 20:53:45',1,9,'135926','mały',1,''),(2771,'2014-10-23 20:53:47',1,10,'201236','小 - mały',1,''),(2772,'2014-10-23 20:53:55',1,8,'117053','小孩儿 [xiao3hai2er5]',1,''),(2773,'2014-10-23 20:54:05',1,10,'201237','小孩儿 - dziecko',1,''),(2774,'2014-10-23 20:54:17',1,8,'117054','小姐 [xiao3jie3]',1,''),(2775,'2014-10-23 20:54:26',1,8,'117054','小姐 [xiao3jie5]',2,'Zmieniono pinyin'),(2776,'2014-10-23 20:54:35',1,9,'135927','panna',1,''),(2777,'2014-10-23 20:54:37',1,10,'201238','小姐 - panna',1,''),(2778,'2014-10-23 20:54:42',1,8,'117055','小时 [xiao3shi2]',1,''),(2779,'2014-10-23 20:54:51',1,10,'201239','小时 - godzina',1,''),(2780,'2014-10-23 20:55:02',1,8,'117056','笑 [śmiać się]',1,''),(2781,'2014-10-23 20:55:10',1,8,'117056','笑 [xiao4]',2,'Zmieniono pinyin'),(2782,'2014-10-23 20:55:15',1,9,'135928','śmiać się',1,''),(2783,'2014-10-23 20:55:17',1,10,'201240','笑 - śmiać się',1,''),(2784,'2014-10-23 20:55:24',1,8,'117057','鞋 [xie2]',1,''),(2785,'2014-10-23 20:55:26',1,9,'135929','buty',1,''),(2786,'2014-10-23 20:55:28',1,10,'201241','鞋 - buty',1,''),(2787,'2014-10-23 20:55:50',1,8,'117058','写 [xie3]',1,''),(2788,'2014-10-23 20:55:54',1,9,'135930','pisać',1,''),(2789,'2014-10-23 20:55:56',1,10,'201242','写 - pisać',1,''),(2790,'2014-10-23 20:56:03',1,8,'117059','谢谢 [xie4xie5]',1,''),(2791,'2014-10-23 20:56:08',1,9,'135931','dziękuję',1,''),(2792,'2014-10-23 20:56:10',1,10,'201243','谢谢 - dziękuję',1,''),(2793,'2014-10-23 20:56:20',1,8,'117060','辛苦 [xin1ku3]',1,''),(2794,'2014-10-23 20:56:31',1,9,'135932','pracochłonny',1,''),(2795,'2014-10-23 20:56:33',1,10,'201244','辛苦 - pracochłonny',1,''),(2796,'2014-10-23 20:56:37',1,8,'117061','新 [xin1]',1,''),(2797,'2014-10-23 20:56:40',1,9,'135933','nowy',1,''),(2798,'2014-10-23 20:56:41',1,10,'201245','新 - nowy',1,''),(2799,'2014-10-23 20:56:47',1,8,'117062','新年 [xin1nian2]',1,''),(2800,'2014-10-23 20:56:51',1,9,'135934','Nowy Rok',1,''),(2801,'2014-10-23 20:56:52',1,10,'201246','新年 - Nowy Rok',1,''),(2802,'2014-10-23 20:57:00',1,8,'117063','新闻 [xin1wen2]',1,''),(2803,'2014-10-23 20:57:04',1,9,'135935','wiadomości',1,''),(2804,'2014-10-23 20:57:06',1,10,'201247','新闻 - wiadomości',1,''),(2805,'2014-10-23 20:57:10',1,8,'117064','心 [xin1]',1,''),(2806,'2014-10-23 20:57:13',1,9,'135936','serce',1,''),(2807,'2014-10-23 20:57:15',1,10,'201248','心 - serce',1,''),(2808,'2014-10-23 20:57:26',1,9,'135937','umysł',1,''),(2809,'2014-10-23 20:57:27',1,10,'201249','心 - umysł',1,''),(2810,'2014-10-23 20:57:35',1,9,'135938','uczucia',1,''),(2811,'2014-10-23 20:57:36',1,10,'201250','心 - uczucia',1,''),(2812,'2014-10-23 20:57:42',1,8,'117065','信 [xin4]',1,''),(2813,'2014-10-23 20:57:48',1,9,'135939','ufać',1,''),(2814,'2014-10-23 20:57:50',1,10,'201251','信 - ufać',1,''),(2815,'2014-10-23 20:58:03',1,8,'117066','信封 [xin4feng1]',1,''),(2816,'2014-10-23 20:58:10',1,9,'135940','koperta',1,''),(2817,'2014-10-23 20:58:12',1,10,'201252','信封 - koperta',1,''),(2818,'2014-10-23 20:58:19',1,8,'117067','星期 [xinq1qi1]',1,''),(2819,'2014-10-23 20:58:26',1,9,'135941','tydzień',1,''),(2820,'2014-10-23 20:58:27',1,10,'201253','星期 - tydzień',1,''),(2821,'2014-10-23 20:58:37',1,8,'117068','星期日 [xing1qi1ri4]',1,''),(2822,'2014-10-23 20:58:40',1,9,'135942','niedzieila',1,''),(2823,'2014-10-23 20:58:58',1,9,'135942','niedziela',2,'Zmieniono word'),(2824,'2014-10-23 20:59:01',1,10,'201254','星期日 - niedziela',1,''),(2825,'2014-10-23 20:59:10',1,8,'117069','星期天 [xing1qi1tian1]',1,''),(2826,'2014-10-23 20:59:14',1,10,'201255','星期天 - niedziela',1,''),(2827,'2014-10-23 20:59:19',1,8,'117070','行 [xing2]',1,''),(2828,'2014-10-23 20:59:21',1,9,'135943','OK',1,''),(2829,'2014-10-23 20:59:23',1,10,'201256','行 - OK',1,''),(2830,'2014-10-23 20:59:34',1,8,'117071','幸福 [xing4fu2]',1,''),(2831,'2014-10-23 20:59:39',1,9,'135944','szczęście',1,''),(2832,'2014-10-23 20:59:40',1,10,'201257','幸福 - szczęście',1,''),(2833,'2014-10-23 20:59:45',1,8,'117072','姓 [xing4]',1,''),(2834,'2014-10-23 20:59:51',1,9,'135945','nazwisko',1,''),(2835,'2014-10-23 20:59:52',1,10,'201258','姓 - nazwisko',1,''),(2836,'2014-10-23 20:59:58',1,8,'117073','休息 [xiu1xi5]',1,''),(2837,'2014-10-23 21:00:02',1,9,'135946','odpoczywać',1,''),(2838,'2014-10-23 21:00:04',1,10,'201259','休息 - odpoczywać',1,''),(2839,'2014-10-23 21:00:09',1,8,'117074','需要 [xu1yao4]',1,''),(2840,'2014-10-23 21:00:14',1,9,'135947','potrzebować',1,''),(2841,'2014-10-23 21:00:16',1,10,'201260','需要 - potrzebować',1,''),(2842,'2014-10-23 21:00:22',1,8,'117075','许多 [xu3duo1]',1,''),(2843,'2014-10-23 21:00:25',1,9,'135948','iele',1,''),(2844,'2014-10-23 21:00:33',1,9,'135948','wiele',2,'Zmieniono word'),(2845,'2014-10-23 21:00:43',1,8,'117076','学 [xue2]',1,''),(2846,'2014-10-23 21:00:47',1,9,'135949','uczyć się',1,''),(2847,'2014-10-23 21:00:49',1,10,'201261','学 - uczyć się',1,''),(2848,'2014-10-23 21:00:58',1,8,'117077','学生 [xue2sheng1]',1,''),(2849,'2014-10-23 21:01:04',1,9,'135950','uczeń',1,''),(2850,'2014-10-23 21:01:05',1,10,'201262','学生 - uczeń',1,''),(2851,'2014-10-23 21:01:12',1,8,'117078','学习 [xue2xi2]',1,''),(2852,'2014-10-23 21:01:18',1,10,'201263','学习 - uczyć się',1,''),(2853,'2014-10-23 21:01:24',1,8,'117079','学校 [xue2xiao4]',1,''),(2854,'2014-10-23 21:01:29',1,9,'135951','szkołda',1,''),(2855,'2014-10-23 21:01:36',1,9,'135951','szkoła',2,'Zmieniono word'),(2856,'2014-10-23 21:01:38',1,10,'201264','学校 - szkoła',1,''),(2857,'2014-10-23 21:01:48',1,8,'117080','学院 [xue2yuan4]',1,''),(2858,'2014-10-23 21:01:52',1,9,'135952','instytut',1,''),(2859,'2014-10-23 21:01:53',1,10,'201265','学院 - instytut',1,''),(2860,'2014-10-23 21:02:00',1,8,'117081','雪 [xue3]',1,''),(2861,'2014-10-23 21:02:03',1,9,'135953','śnieg',1,''),(2862,'2014-10-23 21:02:04',1,10,'201266','雪 - śnieg',1,''),(2863,'2014-11-15 15:34:14',1,8,'117082','研究 [yan2jiu1]',1,''),(2864,'2014-11-15 15:34:26',1,9,'135954','badać',1,''),(2865,'2014-11-15 15:34:27',1,10,'201267','研究 - badać',1,''),(2866,'2014-11-15 15:34:37',1,8,'117083','颜色 [yan2se4]',1,''),(2867,'2014-11-15 15:34:40',1,9,'135955','kolor',1,''),(2868,'2014-11-15 15:34:41',1,10,'201268','颜色 - kolor',1,''),(2869,'2014-11-15 15:34:52',1,8,'117084','眼睛 [yan3jing5]',1,''),(2870,'2014-11-15 15:34:56',1,9,'135956','oczy',1,''),(2871,'2014-11-15 15:34:57',1,10,'201269','眼睛 - oczy',1,''),(2872,'2014-11-15 15:35:06',1,8,'117085','演出 [yan3chu1]',1,''),(2873,'2014-11-15 15:35:19',1,9,'135957','wystąpić',1,''),(2874,'2014-11-15 15:35:21',1,10,'201270','演出 - wystąpić',1,''),(2875,'2014-11-15 15:35:33',1,8,'117086','宴会 [yan4hui4]',1,''),(2876,'2014-11-15 15:35:41',1,9,'135958','bankiet',1,''),(2877,'2014-11-15 15:35:43',1,10,'201271','宴会 - bankiet',1,''),(2878,'2014-11-15 15:35:53',1,8,'117087','羊 [yang2]',1,''),(2879,'2014-11-15 15:35:57',1,9,'135959','owca',1,''),(2880,'2014-11-15 15:35:58',1,10,'201272','羊 - owca',1,''),(2881,'2014-11-15 15:36:02',1,9,'135960','koza',1,''),(2882,'2014-11-15 15:36:03',1,10,'201273','羊 - koza',1,''),(2883,'2014-11-15 15:36:13',1,8,'117088','样子 [yang4zi5]',1,''),(2884,'2014-11-15 15:36:17',1,9,'135961','wygląd',1,''),(2885,'2014-11-15 15:36:18',1,10,'201274','样子 - wygląd',1,''),(2886,'2014-11-15 15:36:30',1,8,'117089','要求 [yao1qiu2]',1,''),(2887,'2014-11-15 15:36:41',1,9,'135962','żądać',1,''),(2888,'2014-11-15 15:36:42',1,10,'201275','要求 - żądać',1,''),(2889,'2014-11-15 15:36:50',1,8,'117090','药 [yao4]',1,''),(2890,'2014-11-15 15:36:52',1,9,'135963','lek',1,''),(2891,'2014-11-15 15:36:54',1,10,'201276','药 - lek',1,''),(2892,'2014-11-15 15:37:01',1,8,'117091','要 [yao4]',1,''),(2893,'2014-11-15 15:37:04',1,9,'135964','chcieć',1,''),(2894,'2014-11-15 15:37:06',1,10,'201277','要 - chcieć',1,''),(2895,'2014-11-15 15:37:18',1,8,'117092','要是 [yao4shi5]',1,''),(2896,'2014-11-15 15:37:21',1,9,'135965','jeżeli',1,''),(2897,'2014-11-15 15:37:22',1,10,'201278','要是 - jeżeli',1,''),(2898,'2014-11-15 15:37:31',1,8,'117093','也 [ye3]',1,''),(2899,'2014-11-15 15:37:33',1,9,'135966','też',1,''),(2900,'2014-11-15 15:37:34',1,10,'201279','也 - też',1,''),(2901,'2014-11-15 15:37:48',1,8,'117094','也许 [ye3xu3]',1,''),(2902,'2014-11-15 15:37:51',1,9,'135967','może',1,''),(2903,'2014-11-15 15:37:53',1,10,'201280','也许 - może',1,''),(2904,'2014-11-15 15:38:01',1,8,'117095','页 [ye4]',1,''),(2905,'2014-11-15 15:38:08',1,10,'201281','页 - strona',1,''),(2906,'2014-11-15 15:38:15',1,8,'117096','夜 [ye4]',1,''),(2907,'2014-11-15 15:38:18',1,9,'135968','noc',1,''),(2908,'2014-11-15 15:38:19',1,10,'201282','夜 - noc',1,''),(2909,'2014-11-15 15:38:25',1,8,'117097','一 [yi1]',1,''),(2910,'2014-11-15 15:38:29',1,9,'135969','jeden',1,''),(2911,'2014-11-15 15:38:30',1,10,'201283','一 - jeden',1,''),(2912,'2014-11-15 15:38:37',1,8,'117098','一般 [yi1ban1]',1,''),(2913,'2014-11-15 15:38:40',1,9,'135970','tak sobie',1,''),(2914,'2014-11-15 15:38:41',1,10,'201284','一般 - tak sobie',1,''),(2915,'2014-11-15 15:38:47',1,9,'135971','zwyczajny',1,''),(2916,'2014-11-15 15:38:49',1,10,'201285','一般 - zwyczajny',1,''),(2917,'2014-11-15 15:39:09',1,8,'117099','一点儿 [yi1dian3er5]',1,''),(2918,'2014-11-15 15:39:17',1,10,'201286','一点儿 - trochę',1,''),(2919,'2014-11-15 15:39:28',1,8,'117100','一定 [yi1ding4]',1,''),(2920,'2014-11-15 15:39:39',1,10,'201287','一定 - na pewno',1,''),(2921,'2014-11-15 15:39:51',1,8,'117101','一共 [yi1gong4]',1,''),(2922,'2014-11-15 15:40:33',1,9,'135972','razem',1,''),(2923,'2014-11-15 15:40:35',1,10,'201288','一共 - razem',1,''),(2924,'2014-11-15 15:40:50',1,8,'117102','一会儿 [yi1hui4er5]',1,''),(2925,'2014-11-15 15:41:02',1,9,'135973','za chwilę',1,''),(2926,'2014-11-15 15:41:03',1,10,'201289','一会儿 - za chwilę',1,''),(2927,'2014-11-15 15:41:29',1,8,'117103','一块儿 [yi1kuair4]',1,''),(2928,'2014-11-15 15:41:36',1,9,'135974','to samo miejsce',1,''),(2929,'2014-11-15 15:41:38',1,10,'201290','一块儿 - to samo miejsce',1,''),(2930,'2014-11-15 15:41:43',1,10,'201291','一块儿 - razem',1,''),(2931,'2014-11-15 15:41:50',1,8,'117104','一起 [yi1qi3]',1,''),(2932,'2014-11-15 15:41:55',1,10,'201292','一起 - razem',1,''),(2933,'2014-11-15 15:42:00',1,8,'117105','一切 [yi1qie4]',1,''),(2934,'2014-11-15 15:42:06',1,9,'135975','wszystko',1,''),(2935,'2014-11-15 15:42:07',1,10,'201293','一切 - wszystko',1,''),(2936,'2014-11-15 15:42:15',1,8,'117106','一下 [yi1xia4]',1,''),(2937,'2014-11-15 15:42:24',1,9,'135976','chwilę',1,''),(2938,'2014-11-15 15:42:26',1,10,'201294','一下 - chwilę',1,''),(2939,'2014-11-15 15:42:31',1,10,'201295','一下 - trochę',1,''),(2940,'2014-11-15 15:42:41',1,8,'117107','一些 [yi1xie1]',1,''),(2941,'2014-11-15 15:42:45',1,10,'201296','一些 - trochę',1,''),(2942,'2014-11-15 15:42:52',1,8,'117108','一样 [yi1yang4]',1,''),(2943,'2014-11-15 15:42:56',1,9,'135977','taki sam',1,''),(2944,'2014-11-15 15:42:57',1,10,'201297','一样 - taki sam',1,''),(2945,'2014-11-15 15:43:08',1,8,'117109','一直 [yi1zhi2]',1,''),(2946,'2014-11-15 15:43:15',1,9,'135978','zawsze',1,''),(2947,'2014-11-15 15:43:19',1,10,'201298','一直 - zawsze',1,''),(2948,'2014-11-15 15:43:25',1,8,'117110','医生 [yi1sheng1]',1,''),(2949,'2014-11-15 15:43:33',1,10,'201299','医生 - lekarz',1,''),(2950,'2014-11-15 15:43:38',1,8,'117111','医院 [yi1yuan4]',1,''),(2951,'2014-11-15 15:43:41',1,9,'135979','szpital',1,''),(2952,'2014-11-15 15:43:42',1,10,'201300','医院 - szpital',1,''),(2953,'2014-11-15 15:43:48',1,8,'117112','衣服 [yi1fu5]',1,''),(2954,'2014-11-15 15:43:50',1,9,'135980','ubranie',1,''),(2955,'2014-11-15 15:43:51',1,10,'201301','衣服 - ubranie',1,''),(2956,'2014-11-15 15:43:57',1,8,'117113','椅子 [yi3zi5]',1,''),(2957,'2014-11-15 15:44:00',1,9,'135981','krzesło',1,''),(2958,'2014-11-15 15:44:01',1,10,'201302','椅子 - krzesło',1,''),(2959,'2014-11-15 15:44:09',1,8,'117114','已经 [yi3jing1]',1,''),(2960,'2014-11-15 15:44:18',1,9,'135982','już',1,''),(2961,'2014-11-15 15:44:19',1,10,'201303','已经 - już',1,''),(2962,'2014-11-15 15:44:29',1,8,'117115','以后 [yi3hou4]',1,''),(2963,'2014-11-15 15:45:01',1,10,'201304','以后 - później',1,''),(2964,'2014-11-15 15:45:10',1,8,'117116','以前 [yi3qian1]',1,''),(2965,'2014-11-15 15:45:16',1,9,'135983','wcześniej',1,''),(2966,'2014-11-15 15:45:18',1,10,'201305','以前 - wcześniej',1,''),(2967,'2014-11-15 15:45:28',1,8,'117117','以为 [yi3wei4]',1,''),(2968,'2014-11-15 15:45:33',1,9,'135984','wydawać się',1,''),(2969,'2014-11-15 15:45:35',1,10,'201306','以为 - wydawać się',1,''),(2970,'2014-11-15 15:45:44',1,8,'117118','艺术 [yi4shu4]',1,''),(2971,'2014-11-15 15:45:47',1,9,'135985','sztuka',1,''),(2972,'2014-11-15 15:45:49',1,10,'201307','艺术 - sztuka',1,''),(2973,'2014-11-15 15:45:54',1,8,'117119','亿 [yi4]',1,''),(2974,'2014-11-15 15:45:58',1,9,'135986','sto milionów',1,''),(2975,'2014-11-15 15:45:59',1,10,'201308','亿 - sto milionów',1,''),(2976,'2014-11-15 15:46:08',1,8,'117120','意见 [yi4jian4]',1,''),(2977,'2014-11-15 15:46:11',1,9,'135987','opinia',1,''),(2978,'2014-11-15 15:46:12',1,10,'201309','意见 - opinia',1,''),(2979,'2014-11-15 15:46:19',1,8,'117121','意思 [yi4si5]',1,''),(2980,'2014-11-15 15:46:26',1,9,'135988','znaczenie',1,''),(2981,'2014-11-15 15:46:27',1,10,'201310','意思 - znaczenie',1,''),(2982,'2014-11-15 15:46:32',1,10,'201311','意思 - sens',1,''),(2983,'2014-11-15 15:46:38',1,8,'117122','意义 [yi4yi4]',1,''),(2984,'2014-11-15 15:46:42',1,10,'201312','意义 - sens',1,''),(2985,'2014-11-15 15:46:48',1,10,'201313','意义 - znaczenie',1,''),(2986,'2014-11-15 15:46:54',1,8,'117123','因为 [yin1wei4]',1,''),(2987,'2014-11-15 15:47:00',1,9,'135989','bo',1,''),(2988,'2014-11-15 15:47:01',1,10,'201314','因为 - bo',1,''),(2989,'2014-11-15 15:47:06',1,9,'135990','ponieważ',1,''),(2990,'2014-11-15 15:47:07',1,10,'201315','因为 - ponieważ',1,''),(2991,'2014-11-15 15:47:13',1,8,'117124','音乐 [yin1yu4]',1,''),(2992,'2014-11-15 15:47:25',1,8,'117124','音乐 [yin1yue4]',2,'Zmieniono pinyin'),(2993,'2014-11-15 15:47:28',1,9,'135991','muzyka',1,''),(2994,'2014-11-15 15:47:29',1,10,'201316','音乐 - muzyka',1,''),(2995,'2014-11-15 15:47:36',1,8,'117125','阴 [yin1]',1,''),(2996,'2014-11-15 15:48:01',1,9,'135992','pochmurny',1,''),(2997,'2014-11-15 15:48:03',1,10,'201317','阴 - pochmurny',1,''),(2998,'2014-11-15 15:48:10',1,8,'117126','银行 [yin2hang2]',1,''),(2999,'2014-11-15 15:48:13',1,9,'135993','bank',1,''),(3000,'2014-11-15 15:48:14',1,10,'201318','银行 - bank',1,''),(3001,'2014-11-15 15:48:22',1,8,'117127','英语 [ying1yu3]',1,''),(3002,'2014-11-15 15:48:29',1,9,'135994','język angielski',1,''),(3003,'2014-11-15 15:48:31',1,10,'201319','英语 - język angielski',1,''),(3004,'2014-11-15 15:48:42',1,8,'117128','英文 [ying1wen2]',1,''),(3005,'2014-11-15 15:48:48',1,10,'201320','英文 - język angielski',1,''),(3006,'2014-11-15 15:48:54',1,8,'117129','应该 [ying1gai1]',1,''),(3007,'2014-11-15 15:50:31',1,10,'201321','应该 - powinien',1,''),(3008,'2014-11-15 15:50:36',1,8,'117130','赢 [ying2]',1,''),(3009,'2014-11-15 15:50:39',1,9,'135995','wygrać',1,''),(3010,'2014-11-15 15:50:41',1,10,'201322','赢 - wygrać',1,''),(3011,'2014-11-15 15:50:48',1,8,'117131','影响 [ying3xiang3]',1,''),(3012,'2014-11-15 15:50:51',1,9,'135996','wpływ',1,''),(3013,'2014-11-15 15:50:53',1,10,'201323','影响 - wpływ',1,''),(3014,'2014-11-15 15:50:58',1,8,'117132','永远 [yong3yuan3]',1,''),(3015,'2014-11-15 15:51:07',1,10,'201324','永远 - zawsze',1,''),(3016,'2014-11-15 15:51:14',1,8,'117133','用 [yong4]',1,''),(3017,'2014-11-15 15:51:33',1,10,'201325','用 - użyć',1,''),(3018,'2014-11-15 15:51:38',1,8,'117134','尤其 [you2qi2]',1,''),(3019,'2014-11-15 15:51:43',1,9,'135997','zwłaszcza',1,''),(3020,'2014-11-15 15:51:45',1,10,'201326','尤其 - zwłaszcza',1,''),(3021,'2014-11-15 15:51:50',1,8,'117135','邮局 [you2ju2]',1,''),(3022,'2014-11-15 15:51:53',1,9,'135998','poczta',1,''),(3023,'2014-11-15 15:51:55',1,10,'201327','邮局 - poczta',1,''),(3024,'2014-11-15 15:52:03',1,8,'117136','邮票 [you2piao4]',1,''),(3025,'2014-11-15 15:52:07',1,9,'135999','znaczek pocztowy',1,''),(3026,'2014-11-15 15:52:08',1,10,'201328','邮票 - znaczek pocztowy',1,''),(3027,'2014-11-15 15:52:14',1,8,'117137','游泳 [you2yong3]',1,''),(3028,'2014-11-15 15:52:18',1,9,'136000','pływać',1,''),(3029,'2014-11-15 15:52:19',1,10,'201329','游泳 - pływać',1,''),(3030,'2014-11-15 15:52:26',1,8,'117138','有 [you3]',1,''),(3031,'2014-11-15 15:52:28',1,9,'136001','mieć',1,''),(3032,'2014-11-15 15:56:15',1,10,'201330','有 - mieć',1,''),(3033,'2014-11-15 15:56:22',1,9,'136002','posiadać',1,''),(3034,'2014-11-15 15:56:24',1,10,'201331','有 - posiadać',1,''),(3035,'2014-11-15 15:56:37',1,8,'117139','有的 [you3de5]',1,''),(3036,'2014-11-15 15:56:40',1,9,'136003','niektóre',1,''),(3037,'2014-11-15 15:56:42',1,10,'201332','有的 - niektóre',1,''),(3038,'2014-11-15 15:56:47',1,8,'117140','有名 [you3ming2]',1,''),(3039,'2014-11-15 15:56:50',1,9,'136004','słynny',1,''),(3040,'2014-11-15 15:56:51',1,10,'201333','有名 - słynny',1,''),(3041,'2014-11-15 15:56:58',1,8,'117141','有时候 [you3shi2hou4]',1,''),(3042,'2014-11-15 15:57:05',1,9,'136005','czasem',1,''),(3043,'2014-11-15 15:57:07',1,10,'201334','有时候 - czasem',1,''),(3044,'2014-11-15 15:57:15',1,8,'117142','有些 [you3xie1]',1,''),(3045,'2014-11-15 15:57:20',1,10,'201335','有些 - niektóre',1,''),(3046,'2014-11-15 15:57:31',1,8,'117143','有意思 [you3yi4si5]',1,''),(3047,'2014-11-15 15:57:37',1,9,'136006','interesujący',1,''),(3048,'2014-11-15 15:57:38',1,10,'201336','有意思 - interesujący',1,''),(3049,'2014-11-15 15:59:11',1,8,'117144','友好 [you3hao3]',1,''),(3050,'2014-11-15 15:59:15',1,9,'136007','przyjazny',1,''),(3051,'2014-11-15 15:59:22',1,10,'201337','友好 - przyjazny',1,''),(3052,'2014-11-15 15:59:29',1,8,'117145','友谊 [you3yi4]',1,''),(3053,'2014-11-15 15:59:34',1,9,'136008','przyjażń',1,''),(3054,'2014-11-15 15:59:35',1,10,'201338','友谊 - przyjażń',1,''),(3055,'2014-11-15 15:59:43',1,8,'117146','右 [you4]',1,''),(3056,'2014-11-15 15:59:50',1,9,'136009','prawo',1,''),(3057,'2014-11-15 15:59:51',1,10,'201339','右 - prawo',1,''),(3058,'2014-11-15 15:59:57',1,8,'117147','又 [you4]',1,''),(3059,'2014-11-15 16:00:00',1,9,'136010','znowu',1,''),(3060,'2014-11-15 16:00:02',1,10,'201340','又 - znowu',1,''),(3061,'2014-11-15 16:00:07',1,8,'117148','鱼 [yu2]',1,''),(3062,'2014-11-15 16:00:09',1,9,'136011','ryba',1,''),(3063,'2014-11-15 16:00:10',1,10,'201341','鱼 - ryba',1,''),(3064,'2014-11-15 16:00:16',1,8,'117149','愉快 [yu2kuai4]',1,''),(3065,'2014-11-15 16:00:23',1,9,'136012','radosny',1,''),(3066,'2014-11-15 16:00:25',1,10,'201342','愉快 - radosny',1,''),(3067,'2014-11-15 16:00:29',1,8,'117150','雨 [yu3]',1,''),(3068,'2014-11-15 16:00:36',1,9,'136013','deszcz',1,''),(3069,'2014-11-15 16:00:37',1,10,'201343','雨 - deszcz',1,''),(3070,'2014-11-15 16:00:43',1,8,'117151','语法 [yu3fa3]',1,''),(3071,'2014-11-15 16:00:55',1,9,'136014','gramatyka',1,''),(3072,'2014-11-15 16:01:39',1,10,'201344','语法 - gramatyka',1,''),(3073,'2014-11-15 16:01:45',1,8,'117152','语言 [yu3yan2]',1,''),(3074,'2014-11-15 16:01:48',1,9,'136015','język',1,''),(3075,'2014-11-15 16:01:49',1,10,'201345','语言 - język',1,''),(3076,'2014-11-15 16:01:54',1,8,'117153','遇到 [yu4dao4]',1,''),(3077,'2014-11-15 16:02:19',1,10,'201346','遇到 - spotkać',1,''),(3078,'2014-11-15 16:02:26',1,8,'117154','预习 [yu4xi2]',1,''),(3079,'2014-11-15 16:02:32',1,9,'136016','przegląd',1,''),(3080,'2014-11-15 16:02:48',1,9,'136017','przygotować się do lekcji',1,''),(3081,'2014-11-15 16:02:49',1,10,'201347','预习 - przygotować się do lekcji',1,''),(3082,'2014-11-15 16:02:57',1,8,'117155','元 [yuan2]',1,''),(3083,'2014-11-15 16:03:24',1,9,'136018','yuan (waluta)',1,''),(3084,'2014-11-15 16:03:42',1,10,'201348','元 - yuan (waluta)',1,''),(3085,'2014-11-15 16:03:55',1,8,'117156','原来 [yuan2lai2]',1,''),(3086,'2014-11-15 16:04:02',1,9,'136019','oryginalny',1,''),(3087,'2014-11-15 16:04:03',1,10,'201349','原来 - oryginalny',1,''),(3088,'2014-11-15 16:04:11',1,8,'117157','原谅 [yuan2liang4]',1,''),(3089,'2014-11-15 16:04:17',1,9,'136020','wybaczyć',1,''),(3090,'2014-11-15 16:04:19',1,10,'201350','原谅 - wybaczyć',1,''),(3091,'2014-11-15 16:04:45',1,8,'117158','圆 [yuan2]',1,''),(3092,'2014-11-15 16:06:36',1,9,'136021','okrągły',1,''),(3093,'2014-11-15 16:06:38',1,10,'201351','圆 - okrągły',1,''),(3094,'2014-11-15 16:06:43',1,8,'117159','远 [yuan3]',1,''),(3095,'2014-11-15 16:06:46',1,9,'136022','odległy',1,''),(3096,'2014-11-15 16:06:47',1,10,'201352','远 - odległy',1,''),(3097,'2014-11-15 16:06:55',1,8,'117160','愿意 [yuan4yi4]',1,''),(3098,'2014-11-15 16:07:06',1,9,'136023','chętny',1,''),(3099,'2014-11-15 16:07:08',1,10,'201353','愿意 - chętny',1,''),(3100,'2014-11-15 16:07:16',1,10,'201354','愿意 - chcieć',1,''),(3101,'2014-11-15 16:07:21',1,8,'117161','月 [yue4]',1,''),(3102,'2014-11-15 16:07:28',1,9,'136024','miesiąc',1,''),(3103,'2014-11-15 16:07:29',1,10,'201355','月 - miesiąc',1,''),(3104,'2014-11-15 16:07:36',1,8,'117162','月亮 [yue4liang5]',1,''),(3105,'2014-11-15 16:07:44',1,9,'136025','księżyc',1,''),(3106,'2014-11-15 16:07:45',1,10,'201356','月亮 - księżyc',1,''),(3107,'2014-11-15 16:07:54',1,8,'117163','月球 [yu4qiu2]',1,''),(3108,'2014-11-15 16:08:03',1,8,'117163','月球 [yue4qiu2]',2,'Zmieniono pinyin'),(3109,'2014-11-15 16:08:14',1,10,'201357','月球 - księżyc',1,''),(3110,'2014-11-15 16:08:20',1,8,'117164','云 [yun2]',1,''),(3111,'2014-11-15 16:08:23',1,9,'136026','chmura',1,''),(3112,'2014-11-15 16:08:25',1,10,'201358','云 - chmura',1,''),(3113,'2014-11-15 16:08:33',1,8,'117165','运动 [yun4dong4]',1,''),(3114,'2014-11-15 16:08:53',1,9,'136027','ruch',1,''),(3115,'2014-11-15 16:08:58',1,10,'201359','运动 - ruch',1,''),(3116,'2014-11-15 16:09:05',1,9,'136028','ruszyć się',1,''),(3117,'2014-11-15 16:09:06',1,10,'201360','运动 - ruszyć się',1,''),(3118,'2014-11-15 16:09:10',1,8,'117166','再 [zai4]',1,''),(3119,'2014-11-15 16:09:15',1,10,'201361','再 - znowu',1,''),(3120,'2014-11-15 16:09:21',1,8,'117167','再见 [zai4jian4]',1,''),(3121,'2014-11-15 16:09:27',1,9,'136029','do widzenia',1,''),(3122,'2014-11-15 16:09:28',1,10,'201362','再见 - do widzenia',1,''),(3123,'2014-11-15 16:09:40',1,8,'117168','在 [zai4]',1,''),(3124,'2014-11-15 16:09:44',1,10,'201363','在 - w',1,''),(3125,'2014-11-15 16:09:49',1,9,'136030','być w',1,''),(3126,'2014-11-15 16:09:50',1,10,'201364','在 - być w',1,''),(3127,'2014-11-15 16:09:56',1,8,'117169','咱 [zan2]',1,''),(3128,'2014-11-15 16:10:05',1,10,'201365','咱 - my',1,''),(3129,'2014-11-15 16:10:17',1,8,'117170','咱们 [zan2men5]',1,''),(3130,'2014-11-15 16:10:20',1,10,'201366','咱们 - my',1,''),(3131,'2014-11-15 16:10:24',1,8,'117171','脏 [zang1]',1,''),(3132,'2014-11-15 16:10:27',1,9,'136031','brudny',1,''),(3133,'2014-11-15 16:10:29',1,10,'201367','脏 - brudny',1,''),(3134,'2014-11-15 16:10:36',1,8,'117172','早 [zao3]',1,''),(3135,'2014-11-15 16:10:57',1,9,'136032','wcześnie',1,''),(3136,'2014-11-15 16:10:59',1,10,'201368','早 - wcześnie',1,''),(3137,'2014-11-15 16:15:32',1,8,'117173','早上 [zao3shang4]',1,''),(3138,'2014-11-15 16:15:35',1,9,'136033','rano',1,''),(3139,'2014-11-15 16:15:36',1,10,'201369','早上 - rano',1,''),(3140,'2014-11-15 16:15:43',1,8,'117174','早饭 [zao3fan4]',1,''),(3141,'2014-11-15 16:15:46',1,9,'136034','śniadanie',1,''),(3142,'2014-11-15 16:15:47',1,10,'201370','早饭 - śniadanie',1,''),(3143,'2014-11-15 16:15:53',1,8,'117175','怎么 [zen3me5]',1,''),(3144,'2014-11-15 16:15:55',1,9,'136035','jak',1,''),(3145,'2014-11-15 16:15:57',1,10,'201371','怎么 - jak',1,''),(3146,'2014-11-15 16:16:04',1,8,'117176','怎么样 [zen3me5yang4]',1,''),(3147,'2014-11-15 16:17:00',1,8,'117177','怎样 [zen3yang4]',1,''),(3148,'2014-11-15 16:17:03',1,10,'201372','怎样 - jak',1,''),(3149,'2014-11-15 16:17:10',1,10,'201373','怎么样 - jak',1,''),(3150,'2014-11-15 16:17:15',1,8,'117178','增加 [zeng1jia1]',1,''),(3151,'2014-11-15 16:17:25',1,10,'201374','增加 - zwiększyć',1,''),(3152,'2014-11-15 16:17:38',1,10,'201375','增加 - dodać',1,''),(3153,'2014-11-15 16:17:43',1,8,'117179','展览 [zhan3lan3]',1,''),(3154,'2014-11-15 16:17:51',1,10,'201376','展览 - pokazać',1,''),(3155,'2014-11-15 16:17:59',1,9,'136036','wystawa',1,''),(3156,'2014-11-15 16:18:11',1,10,'201377','展览 - wystawa',1,''),(3157,'2014-11-15 16:18:18',1,8,'117180','占 [zhan4]',1,''),(3158,'2014-11-15 16:18:20',1,9,'136037','zajmować',1,''),(3159,'2014-11-15 16:18:22',1,10,'201378','占 - zajmować',1,''),(3160,'2014-11-15 16:18:27',1,8,'117181','站 [zhan4]',1,''),(3161,'2014-11-15 16:18:36',1,9,'136038','stać',1,''),(3162,'2014-11-15 16:18:37',1,10,'201379','站 - stać',1,''),(3163,'2014-11-15 16:18:50',1,10,'201380','站 - stacja',1,''),(3164,'2014-11-15 16:18:58',1,10,'201381','站 - przystanek',1,''),(3165,'2014-11-15 16:19:04',1,8,'117182','张 [zhang1]',1,''),(3166,'2014-11-15 16:19:36',1,9,'136039','(klasyfikator dla arkuszy papieru)',1,''),(3167,'2014-11-15 16:19:38',1,10,'201382','张 - (klasyfikator dla arkuszy papieru)',1,''),(3168,'2014-11-15 16:19:44',1,8,'117183','长 [zhang3]',1,''),(3169,'2014-11-15 16:19:50',1,9,'136040','rosnąć',1,''),(3170,'2014-11-15 16:19:52',1,10,'201383','长 - rosnąć',1,''),(3171,'2014-11-15 16:20:07',1,8,'117184','掌握 [zhang3wo4]',1,''),(3172,'2014-11-15 16:20:13',1,9,'136041','trzymać',1,''),(3173,'2014-11-15 16:20:15',1,10,'201384','掌握 - trzymać',1,''),(3174,'2014-11-15 16:20:20',1,8,'117185','着急 [zhao2ji2]',1,''),(3175,'2014-11-15 16:20:24',1,9,'136042','zmartwiony',1,''),(3176,'2014-11-15 16:20:25',1,10,'201385','着急 - zmartwiony',1,''),(3177,'2014-11-15 16:20:31',1,8,'117186','找 [zhao3]',1,''),(3178,'2014-11-15 16:20:36',1,9,'136043','szukać',1,''),(3179,'2014-11-15 16:20:37',1,10,'201386','找 - szukać',1,''),(3180,'2014-11-15 16:20:43',1,8,'117187','照顾 [zhao4gu4]',1,''),(3181,'2014-11-15 16:20:46',1,9,'136044','opiekować się',1,''),(3182,'2014-11-15 16:20:48',1,10,'201387','照顾 - opiekować się',1,''),(3183,'2014-11-15 16:20:53',1,8,'117188','照相 [zhao4xiang4]',1,''),(3184,'2014-11-15 16:20:59',1,9,'136045','robić zdjęcie',1,''),(3185,'2014-11-15 16:21:00',1,10,'201388','照相 - robić zdjęcie',1,''),(3186,'2014-11-15 16:21:05',1,8,'117189','这 [ten]',1,''),(3187,'2014-11-15 16:21:13',1,8,'117189','这 [zhe4]',2,'Zmieniono pinyin'),(3188,'2014-11-15 16:21:21',1,10,'201389','这 - ten',1,''),(3189,'2014-11-15 16:21:29',1,8,'117190','这个 [zhe4ge5]',1,''),(3190,'2014-11-15 16:21:32',1,10,'201390','这个 - ten',1,''),(3191,'2014-11-15 16:21:38',1,8,'117191','这里 [zhe4li5]',1,''),(3192,'2014-11-15 16:21:48',1,8,'117191','这里 [zhe4li3]',2,'Zmieniono pinyin'),(3193,'2014-11-15 16:21:57',1,9,'136046','tu',1,''),(3194,'2014-11-15 16:21:58',1,10,'201391','这里 - tu',1,''),(3195,'2014-11-15 16:22:05',1,8,'117192','这儿 [zher4]',1,''),(3196,'2014-11-15 16:22:08',1,10,'201392','这儿 - tu',1,''),(3197,'2014-11-15 16:22:14',1,8,'117193','这么 [zhe4me5]',1,''),(3198,'2014-11-15 16:22:18',1,9,'136047','tak',1,''),(3199,'2014-11-15 16:22:19',1,10,'201393','这么 - tak',1,''),(3200,'2014-11-15 16:22:30',1,9,'136048','tak bardzo',1,''),(3201,'2014-11-15 16:22:32',1,10,'201394','这么 - tak bardzo',1,''),(3202,'2014-11-15 16:22:43',1,8,'117194','这些 [zhe4xie1]',1,''),(3203,'2014-11-15 16:23:44',1,9,'136049','ci',1,''),(3204,'2014-11-15 16:23:51',1,10,'201395','这些 - te',1,''),(3205,'2014-11-15 16:23:59',1,8,'117195','这样 [zhe4yang4]',1,''),(3206,'2014-11-15 16:24:09',1,10,'201396','这样 - w ten sposób',1,''),(3207,'2014-11-15 16:24:15',1,8,'117196','着 [zhe5]',1,''),(3208,'2014-11-15 16:24:29',1,9,'136050','(partykuła oznaczająca trwanie czynności)',1,''),(3209,'2014-11-15 16:24:30',1,10,'201397','着 - (partykuła oznaczająca trwanie czynności)',1,''),(3210,'2014-11-15 16:24:35',1,8,'117197','真 [zhen1]',1,''),(3211,'2014-11-15 16:24:45',1,10,'201398','真 - prawdziwy',1,''),(3212,'2014-11-15 16:24:50',1,8,'117198','真正 [zhen1zheng4]',1,''),(3213,'2014-11-15 16:24:55',1,9,'136051','autentyczny',1,''),(3214,'2014-11-15 16:24:56',1,10,'201399','真正 - autentyczny',1,''),(3215,'2014-11-15 16:25:02',1,8,'117199','整齐 [zheng3qi2]',1,''),(3216,'2014-11-15 16:25:10',1,9,'136052','uporządkowany',1,''),(3217,'2014-11-15 16:25:11',1,10,'201400','整齐 - uporządkowany',1,''),(3218,'2014-11-15 16:25:19',1,8,'117200','正 [zheng4]',1,''),(3219,'2014-11-15 16:25:25',1,9,'136053','prosto',1,''),(3220,'2014-11-15 16:25:26',1,10,'201401','正 - prosto',1,''),(3221,'2014-11-15 16:26:17',1,9,'136053','właściwy',2,'Zmieniono word'),(3222,'2014-11-15 16:26:36',1,8,'117201','正确 [zheng4que4]',1,''),(3223,'2014-11-15 16:26:40',1,9,'136054','prawidłowy',1,''),(3224,'2014-11-15 16:26:41',1,10,'201402','正确 - prawidłowy',1,''),(3225,'2014-11-15 16:26:57',1,10,'201403','正确 - właściwy',1,''),(3226,'2014-11-15 16:27:07',1,10,'201404','正 - prosty',1,''),(3227,'2014-11-15 16:27:36',1,8,'117202','正在 [zheng4zai4]',1,''),(3228,'2014-11-15 16:27:43',1,9,'136055','w czasie',1,''),(3229,'2014-11-15 16:27:47',1,10,'201405','正在 - w czasie',1,''),(3230,'2014-11-15 16:27:57',1,8,'117203','政府 [zheng4fu3]',1,''),(3231,'2014-11-15 16:27:59',1,9,'136056','rząd',1,''),(3232,'2014-11-15 16:28:01',1,10,'201406','政府 - rząd',1,''),(3233,'2014-11-15 16:28:10',1,8,'117204','政治 [zhng4zhi4]',1,''),(3234,'2014-11-15 16:28:14',1,9,'136057','polityka',1,''),(3235,'2014-11-15 16:28:15',1,10,'201407','政治 - polityka',1,''),(3236,'2014-11-15 16:28:20',1,8,'117205','只 [zhi1]',1,''),(3237,'2014-11-15 16:28:35',1,9,'136058','(klasyfikator dla jednej rzeczy z pary)',1,''),(3238,'2014-11-15 16:28:39',1,10,'201408','只 - (klasyfikator dla jednej rzeczy z pary)',1,''),(3239,'2014-11-15 16:28:44',1,8,'117206','支 [zh1]',1,''),(3240,'2014-11-15 16:28:49',1,8,'117206','支 [zhi1]',2,'Zmieniono pinyin'),(3241,'2014-11-15 16:29:04',1,9,'136059','(klasyfikator dla rzeczy w kształcie kija)',1,''),(3242,'2014-11-15 16:29:05',1,10,'201409','支 - (klasyfikator dla rzeczy w kształcie kija)',1,''),(3243,'2014-11-15 16:29:11',1,8,'117207','知道 [zhi1dao4]',1,''),(3244,'2014-11-15 16:29:13',1,9,'136060','wiedzieć',1,''),(3245,'2014-11-15 16:29:14',1,10,'201410','知道 - wiedzieć',1,''),(3246,'2014-11-15 16:29:22',1,8,'117208','知识 [zhi1shi5]',1,''),(3247,'2014-11-15 16:29:25',1,9,'136061','wiedza',1,''),(3248,'2014-11-15 16:29:26',1,10,'201411','知识 - wiedza',1,''),(3249,'2014-11-15 16:29:38',1,8,'117209','之间 [zhi1jian1]',1,''),(3250,'2014-11-15 16:29:42',1,9,'136062','między',1,''),(3251,'2014-11-15 16:29:43',1,10,'201412','之间 - między',1,''),(3252,'2014-11-15 16:29:47',1,8,'117210','指 [zhi3]',1,''),(3253,'2014-11-15 16:29:54',1,9,'136063','wskazywać na',1,''),(3254,'2014-11-15 16:29:55',1,10,'201413','指 - wskazywać na',1,''),(3255,'2014-11-15 16:29:59',1,8,'117211','只 [zhi3]',1,''),(3256,'2014-11-15 16:30:01',1,9,'136064','tylko',1,''),(3257,'2014-11-15 16:30:02',1,10,'201414','只 - tylko',1,''),(3258,'2014-11-15 16:30:07',1,8,'117212','只好 [zhi3hao3]',1,''),(3259,'2014-11-15 16:30:13',1,9,'136065','być zmuszonym do',1,''),(3260,'2014-11-15 16:30:15',1,10,'201415','只好 - być zmuszonym do',1,''),(3261,'2014-11-15 16:30:20',1,8,'117213','纸 [zhi3]',1,''),(3262,'2014-11-15 16:30:22',1,9,'136066','papier',1,''),(3263,'2014-11-15 16:30:23',1,10,'201416','纸 - papier',1,''),(3264,'2014-11-15 16:30:29',1,8,'117214','中 [zhong1]',1,''),(3265,'2014-11-15 16:30:39',1,10,'201417','中 - środek',1,''),(3266,'2014-11-15 16:30:44',1,8,'117215','中间 [zhong1jian1]',1,''),(3267,'2014-11-15 16:30:47',1,9,'136067','wśród',1,''),(3268,'2014-11-15 16:30:48',1,10,'201418','中间 - wśród',1,''),(3269,'2014-11-15 16:30:55',1,8,'117216','中文 [zhong1wen2]',1,''),(3270,'2014-11-15 16:31:05',1,10,'201419','中文 - język chiński',1,''),(3271,'2014-11-15 16:31:17',1,8,'117217','中午 [zhong1wu3]',1,''),(3272,'2014-11-15 16:31:49',1,10,'201420','中午 - południe',1,''),(3273,'2014-11-15 16:31:59',1,8,'117218','中学 [zhong1xue2]',1,''),(3274,'2014-11-15 16:32:29',1,9,'136068','szkoła średnia',1,''),(3275,'2014-11-15 16:32:31',1,10,'201421','中学 - szkoła średnia',1,''),(3276,'2014-11-15 16:32:35',1,8,'117219','钟 [zhong1]',1,''),(3277,'2014-11-15 16:32:38',1,9,'136069','zegar',1,''),(3278,'2014-11-15 16:32:39',1,10,'201422','钟 - zegar',1,''),(3279,'2014-11-15 16:32:48',1,8,'117220','钟头 [zhong1tou2]',1,''),(3280,'2014-11-15 16:32:56',1,10,'201423','钟头 - godzina',1,''),(3281,'2014-11-15 16:33:03',1,8,'117221','种 [zhong3]',1,''),(3282,'2014-11-15 16:33:06',1,9,'136070','rodzaj',1,''),(3283,'2014-11-15 16:33:07',1,10,'201424','种 - rodzaj',1,''),(3284,'2014-11-15 16:33:11',1,8,'117222','重 [zhong4]',1,''),(3285,'2014-11-15 16:33:14',1,9,'136071','ciężki',1,''),(3286,'2014-11-15 16:33:15',1,10,'201425','重 - ciężki',1,''),(3287,'2014-11-15 16:33:20',1,8,'117223','重要 [zhong4yqo4]',1,''),(3288,'2014-11-15 16:33:29',1,8,'117223','重要 [zhong4yao4]',2,'Zmieniono pinyin'),(3289,'2014-11-15 16:33:33',1,9,'136072','ważny',1,''),(3290,'2014-11-15 16:33:34',1,10,'201426','重要 - ważny',1,''),(3291,'2014-11-15 16:33:43',1,8,'117224','周 [zhou1]',1,''),(3292,'2014-11-15 16:33:51',1,10,'201427','周 - tydzień',1,''),(3293,'2014-11-15 16:34:00',1,8,'117225','周围 [zhou1wei2]',1,''),(3294,'2014-11-15 16:34:22',1,9,'136073','około',1,''),(3295,'2014-11-15 16:34:23',1,10,'201428','周围 - około',1,''),(3296,'2014-11-15 16:34:28',1,8,'117226','猪 [zhu1]',1,''),(3297,'2014-11-15 16:34:32',1,9,'136074','świnia',1,''),(3298,'2014-11-15 16:34:33',1,10,'201429','猪 - świnia',1,''),(3299,'2014-11-15 16:34:39',1,8,'117227','主要 [zhuyao4]',1,''),(3300,'2014-11-15 16:34:46',1,8,'117227','主要 [zhu3yao4]',2,'Zmieniono pinyin'),(3301,'2014-11-15 16:34:53',1,9,'136075','główny',1,''),(3302,'2014-11-15 16:34:55',1,10,'201430','主要 - główny',1,''),(3303,'2014-11-15 16:35:02',1,8,'117228','主意 [zhu3yi5]',1,''),(3304,'2014-11-15 16:35:11',1,9,'136076','pomysł',1,''),(3305,'2014-11-15 16:35:12',1,10,'201431','主意 - pomysł',1,''),(3306,'2014-11-15 16:35:17',1,8,'117229','住 [zhu4]',1,''),(3307,'2014-11-15 16:35:20',1,9,'136077','mieszkać',1,''),(3308,'2014-11-15 16:35:22',1,10,'201432','住 - mieszkać',1,''),(3309,'2014-11-15 16:35:28',1,8,'117230','注意 [zhu4yi4]',1,''),(3310,'2014-11-15 16:36:24',1,9,'136078','zwracać uwagę',1,''),(3311,'2014-11-15 16:36:25',1,10,'201433','注意 - zwracać uwagę',1,''),(3312,'2014-11-15 16:36:31',1,8,'117231','祝 [zhu4]',1,''),(3313,'2014-11-15 16:36:37',1,9,'136079','życzyć',1,''),(3314,'2014-11-15 16:36:38',1,10,'201434','祝 - życzyć',1,''),(3315,'2014-11-15 16:36:45',1,8,'117232','装 [zhuang1]',1,''),(3316,'2014-11-15 16:36:50',1,9,'136080','udawać',1,''),(3317,'2014-11-15 16:36:51',1,10,'201435','装 - udawać',1,''),(3318,'2014-11-15 16:36:59',1,8,'117233','准备 [zhun3bei4]',1,''),(3319,'2014-11-15 16:37:03',1,9,'136081','przygotować',1,''),(3320,'2014-11-15 16:37:04',1,10,'201436','准备 - przygotować',1,''),(3321,'2014-11-15 16:37:09',1,8,'117234','桌子 [zhuo2zi5]',1,''),(3322,'2014-11-15 16:37:12',1,9,'136082','stół',1,''),(3323,'2014-11-15 16:37:14',1,10,'201437','桌子 - stół',1,''),(3324,'2014-11-15 16:37:25',1,8,'117235','自己 [zi4ji3]',1,''),(3325,'2014-11-15 16:37:44',1,9,'136083','samego siebie',1,''),(3326,'2014-11-15 16:37:49',1,10,'201438','自己 - samego siebie',1,''),(3327,'2014-11-15 16:37:54',1,9,'136084','własny',1,''),(3328,'2014-11-15 16:37:55',1,10,'201439','自己 - własny',1,''),(3329,'2014-11-15 16:38:05',1,8,'117236','自行车 [zi4xing2che1]',1,''),(3330,'2014-11-15 16:38:08',1,9,'136085','rower',1,''),(3331,'2014-11-15 16:38:09',1,10,'201440','自行车 - rower',1,''),(3332,'2014-11-15 16:38:13',1,8,'117237','字 [zi4]',1,''),(3333,'2014-11-15 16:38:16',1,9,'136086','znak',1,''),(3334,'2014-11-15 16:38:18',1,10,'201441','字 - znak',1,''),(3335,'2014-11-15 16:38:31',1,10,'201442','字 - słowo',1,''),(3336,'2014-11-15 16:38:40',1,8,'117238','总 [zong3]',1,''),(3337,'2014-11-15 16:38:46',1,9,'136087','ostatecznie',1,''),(3338,'2014-11-15 16:38:47',1,10,'201443','总 - ostatecznie',1,''),(3339,'2014-11-15 16:38:59',1,10,'201444','总 - zawsze',1,''),(3340,'2014-11-15 16:39:06',1,8,'117239','足球 [piłka nożna]',1,''),(3341,'2014-11-15 16:39:15',1,8,'117239','足球 [zu2qui2]',2,'Zmieniono pinyin'),(3342,'2014-11-15 16:39:18',1,8,'117239','足球 [zu2qiu2]',2,'Zmieniono pinyin'),(3343,'2014-11-15 16:39:23',1,9,'136088','piłka nożna',1,''),(3344,'2014-11-15 16:39:25',1,10,'201445','足球 - piłka nożna',1,''),(3345,'2014-11-15 16:39:33',1,8,'117240','祖国 [zu3guo2]',1,''),(3346,'2014-11-15 16:39:37',1,9,'136089','ojczyzna',1,''),(3347,'2014-11-15 16:39:38',1,10,'201446','祖国 - ojczyzna',1,''),(3348,'2014-11-15 16:39:47',1,8,'117241','组织 [zu3zhi1]',1,''),(3349,'2014-11-15 16:39:54',1,9,'136090','zorganizować',1,''),(3350,'2014-11-15 16:39:55',1,10,'201447','组织 - zorganizować',1,''),(3351,'2014-11-15 16:40:02',1,8,'117242','嘴 [zui3]',1,''),(3352,'2014-11-15 16:40:09',1,10,'201448','嘴 - usta',1,''),(3353,'2014-11-15 16:40:14',1,8,'117243','最 [zui4]',1,''),(3354,'2014-11-15 16:40:18',1,9,'136091','najbardziej',1,''),(3355,'2014-11-15 16:40:19',1,10,'201449','最 - najbardziej',1,''),(3356,'2014-11-15 16:40:25',1,8,'117244','最初 [zui4chu1]',1,''),(3357,'2014-11-15 16:40:28',1,9,'136092','początkowy',1,''),(3358,'2014-11-15 16:40:30',1,10,'201450','最初 - początkowy',1,''),(3359,'2014-11-15 16:40:36',1,8,'117245','最后 [zui4hou4]',1,''),(3360,'2014-11-15 16:40:40',1,9,'136093','ostateczny',1,''),(3361,'2014-11-15 16:40:41',1,10,'201451','最后 - ostateczny',1,''),(3362,'2014-11-15 16:40:46',1,8,'117246','最近 [zui4jin4]',1,''),(3363,'2014-11-15 16:40:51',1,9,'136094','ostatnio',1,''),(3364,'2014-11-15 16:40:52',1,10,'201452','最近 - ostatnio',1,''),(3365,'2014-11-15 16:41:03',1,9,'136095','najbliższy',1,''),(3366,'2014-11-15 16:41:06',1,10,'201453','最近 - najbliższy',1,''),(3367,'2014-11-15 16:41:13',1,10,'201454','最近 - niedługo',1,''),(3368,'2014-11-15 16:41:19',1,8,'117247','昨天 [zuo2tian1]',1,''),(3369,'2014-11-15 16:41:21',1,9,'136096','wczoraj',1,''),(3370,'2014-11-15 16:41:23',1,10,'201455','昨天 - wczoraj',1,''),(3371,'2014-11-15 16:41:28',1,8,'117248','左 [zuo3]',1,''),(3372,'2014-11-15 16:41:31',1,9,'136097','lewo',1,''),(3373,'2014-11-15 16:41:32',1,10,'201456','左 - lewo',1,''),(3374,'2014-11-15 16:41:37',1,8,'117249','做 [zuo4]',1,''),(3375,'2014-11-15 16:41:41',1,10,'201457','做 - robić',1,''),(3376,'2014-11-15 16:41:46',1,8,'117250','作 [zuo4]',1,''),(3377,'2014-11-15 16:41:51',1,10,'201458','作 - robić',1,''),(3378,'2014-11-15 16:41:58',1,8,'117251','作业 [zuo4ye4]',1,''),(3379,'2014-11-15 16:42:02',1,9,'136098','zadanie domowe',1,''),(3380,'2014-11-15 16:42:03',1,10,'201459','作业 - zadanie domowe',1,''),(3381,'2014-11-15 16:42:07',1,8,'117252','坐 [siedzieć]',1,''),(3382,'2014-11-15 16:42:13',1,8,'117252','坐 [zuo4]',2,'Zmieniono pinyin'),(3383,'2014-11-15 16:42:17',1,9,'136099','siedzieć',1,''),(3384,'2014-11-15 16:42:18',1,10,'201460','坐 - siedzieć',1,''),(3385,'2014-11-15 16:42:26',1,8,'117253','座 [zuo4]',1,''),(3386,'2014-11-15 16:42:34',1,9,'136100','(klasyfikator dla miast)',1,''),(3387,'2014-11-15 16:42:35',1,10,'201461','座 - (klasyfikator dla miast)',1,''),(3388,'2014-11-15 16:51:49',1,8,'117254','你好！ [Cześć!]',1,''),(3389,'2014-11-15 17:01:29',1,11,'1','SentenceZH object',1,''),(3390,'2014-11-15 17:01:43',1,12,'1','SentencePL object',1,''),(3391,'2014-11-15 17:01:45',1,13,'1','SentenceTranslation object',1,''),(3392,'2014-11-15 17:01:57',1,11,'1','SentenceZH object',2,'Zmieniono level'),(3393,'2014-11-15 17:02:14',1,11,'2','SentenceZH object',1,''),(3394,'2014-11-15 17:02:26',1,12,'2','SentencePL object',1,''),(3395,'2014-11-15 17:02:27',1,13,'1','SentenceTranslation object',2,'Zmieniono sentence_zh i sentence_pl'),(3396,'2014-11-15 17:05:35',1,13,'2','SentenceTranslation object',1,''),(3397,'2014-11-15 17:05:47',1,11,'3','我喜欢你',1,''),(3398,'2014-11-15 17:05:55',1,12,'3','Lubię cię.',1,''),(3399,'2014-11-15 17:05:56',1,13,'3','SentenceTranslation object',1,''),(3400,'2014-11-15 17:06:24',1,11,'4','我是波兰人。',1,''),(3401,'2014-11-15 17:06:31',1,12,'4','Jestem Polakiem.',1,''),(3402,'2014-11-15 17:06:32',1,13,'4','SentenceTranslation object',1,''),(3403,'2014-11-15 17:06:57',1,11,'5','我想去中国。',1,''),(3404,'2014-11-15 17:07:07',1,12,'5','Chcę wybrać się do Chin.',1,''),(3405,'2014-11-15 17:07:07',1,13,'5','SentenceTranslation object',1,''),(3406,'2014-11-15 17:07:28',1,11,'6','他是我的朋友。',1,''),(3407,'2014-11-15 17:07:38',1,12,'6','On jest moim przyjacielem.',1,''),(3408,'2014-11-15 17:07:39',1,13,'6','SentenceTranslation object',1,''),(3409,'2014-11-15 17:07:49',1,11,'7','我不懂。',1,''),(3410,'2014-11-15 17:07:55',1,12,'7','Nie rozumiem.',1,''),(3411,'2014-11-15 17:07:56',1,13,'7','SentenceTranslation object',1,''),(3412,'2014-11-15 17:08:11',1,11,'8','你叫什么名字？',1,''),(3413,'2014-11-15 17:08:20',1,12,'8','Jak masz na imię?',1,''),(3414,'2014-11-15 17:08:20',1,13,'8','SentenceTranslation object',1,'');
/*!40000 ALTER TABLE `django_admin_log` ENABLE KEYS */;
UNLOCK TABLES;

--
-- Table structure for table `django_content_type`
--

DROP TABLE IF EXISTS `django_content_type`;
/*!40101 SET @saved_cs_client     = @@character_set_client */;
/*!40101 SET character_set_client = utf8 */;
CREATE TABLE `django_content_type` (
  `id` int(11) NOT NULL AUTO_INCREMENT,
  `name` varchar(100) COLLATE utf8_bin NOT NULL,
  `app_label` varchar(100) COLLATE utf8_bin NOT NULL,
  `model` varchar(100) COLLATE utf8_bin NOT NULL,
  PRIMARY KEY (`id`),
  UNIQUE KEY `app_label` (`app_label`,`model`)
) ENGINE=InnoDB AUTO_INCREMENT=28 DEFAULT CHARSET=utf8 COLLATE=utf8_bin;
/*!40101 SET character_set_client = @saved_cs_client */;

--
-- Dumping data for table `django_content_type`
--

LOCK TABLES `django_content_type` WRITE;
/*!40000 ALTER TABLE `django_content_type` DISABLE KEYS */;
INSERT INTO `django_content_type` VALUES (1,'log entry','admin','logentry'),(2,'permission','auth','permission'),(3,'group','auth','group'),(4,'user','auth','user'),(5,'content type','contenttypes','contenttype'),(6,'session','sessions','session'),(7,'lesson','chinesetool','lesson'),(8,'word zh','chinesetool','wordzh'),(9,'word pl','chinesetool','wordpl'),(10,'word translation','chinesetool','wordtranslation'),(11,'sentence zh','chinesetool','sentencezh'),(12,'sentence pl','chinesetool','sentencepl'),(13,'sentence translation','chinesetool','sentencetranslation'),(14,'migration history','south','migrationhistory'),(15,'subscription','chinesetool','subscription'),(17,'lesson action','chinesetool','lessonaction'),(19,'exercise action','chinesetool','exerciseaction'),(22,'abstract exercise action description','chinesetool','abstractexerciseactiondescription'),(23,'word zh exercise action description','chinesetool','wordzhexerciseactiondescription'),(24,'word pl exercise action description','chinesetool','wordplexerciseactiondescription'),(25,'word skill','chinesetool','wordskill'),(26,'sentence zh exercise action description','chinesetool','sentencezhexerciseactiondescription'),(27,'sentence pl exercise action description','chinesetool','sentenceplexerciseactiondescription');
/*!40000 ALTER TABLE `django_content_type` ENABLE KEYS */;
UNLOCK TABLES;

--
-- Table structure for table `django_session`
--

DROP TABLE IF EXISTS `django_session`;
/*!40101 SET @saved_cs_client     = @@character_set_client */;
/*!40101 SET character_set_client = utf8 */;
CREATE TABLE `django_session` (
  `session_key` varchar(40) COLLATE utf8_bin NOT NULL,
  `session_data` longtext COLLATE utf8_bin NOT NULL,
  `expire_date` datetime NOT NULL,
  PRIMARY KEY (`session_key`),
  KEY `django_session_b7b81f0c` (`expire_date`)
) ENGINE=InnoDB DEFAULT CHARSET=utf8 COLLATE=utf8_bin;
/*!40101 SET character_set_client = @saved_cs_client */;

--
-- Dumping data for table `django_session`
--

LOCK TABLES `django_session` WRITE;
/*!40000 ALTER TABLE `django_session` DISABLE KEYS */;
INSERT INTO `django_session` VALUES ('2q7348cl3742fc9zdodq0qxjfwsm216e','ZjZhNmNmZTVkYzU0NzljY2E0ZTcxZDIzMDE3Njk5MGNjNjBkODJhNDp7Il9hdXRoX3VzZXJfYmFja2VuZCI6ImRqYW5nby5jb250cmliLmF1dGguYmFja2VuZHMuTW9kZWxCYWNrZW5kIiwibGVzc29uIjozLCJkamFuZ29fbGFuZ3VhZ2UiOiJwbCIsIl9hdXRoX3VzZXJfaWQiOjF9','2014-10-06 20:00:42'),('4cpkf5prc2ns32k402la2ae5b86bo25p','Zjc1NDQxY2IyOWQ4Y2I2ZmJmOGI0NTgxMmJiMjQxYThkNWYyN2Q0MDp7Imxlc3NvbiI6eyJmYWlscyI6NCwiY3VycmVudF9leGVyY2lzZSI6Njc0NDAsIm51bWJlciI6NSwid29yZHMiOnsiMCI6NDQ2MDUsIjEiOjc5MDUyLCIyIjozOTQwMiwiMyI6MTI1OTAsIjQiOjY3NDQwfSwiZXhlcmNpc2VfcG9zaXRpb24iOjV9LCJfYXV0aF91c2VyX2lkIjoxLCJkamFuZ29fbGFuZ3VhZ2UiOiJwbCIsIl9hdXRoX3VzZXJfYmFja2VuZCI6ImRqYW5nby5jb250cmliLmF1dGguYmFja2VuZHMuTW9kZWxCYWNrZW5kIn0=','2014-10-02 20:06:40'),('5pqnlp78qptmpow2odf3q8eentaslis5','ZTdmOTAwMzFiYTRkZWEzZGJkYzhmOTJhMGMwNThlNGJiMmMwZjljNzp7Imxlc3NvbiI6eyJwb3NpdGlvbiI6MSwiZmFpbHMiOjAsImN1cnJlbnRfd29yZCI6OTEyMzUsIm51bWJlciI6MjAsIndvcmRzIjp7IjAiOjkxMjM1LCIxIjo3NzgyOSwiMiI6NDc3NjEsIjMiOjg1NzE5LCI0Ijo5NzY3LCI1IjoxMTI4NDgsIjYiOjE4NDE1LCI3Ijo3NDcxMSwiOCI6Mzc5MzQsIjkiOjE3MzQ1LCIxMCI6MjI3MjMsIjExIjo3MTUxMiwiMTIiOjg0NjA4LCIxMyI6NTUwMTYsIjE0Ijo4MTk3MCwiMTUiOjc2ODg2LCIxNiI6ODEyMDQsIjE3IjoxMDAwNTUsIjE4Ijo3OTIzMCwiMTkiOjE4MTM1fX0sIl9hdXRoX3VzZXJfaWQiOjEsIl9hdXRoX3VzZXJfYmFja2VuZCI6ImRqYW5nby5jb250cmliLmF1dGguYmFja2VuZHMuTW9kZWxCYWNrZW5kIn0=','2014-09-23 22:01:12'),('65lhpunvlwb2o746assgnccl0mqnwv61','OTAyNGJmY2E1MTk5ZTYxYjE0OWJkZDExZTRkYjQ0NWY0MWM1MTVjZjp7Il9hdXRoX3VzZXJfaWQiOjEsImRqYW5nb19sYW5ndWFnZSI6InBsIiwiX2F1dGhfdXNlcl9iYWNrZW5kIjoiZGphbmdvLmNvbnRyaWIuYXV0aC5iYWNrZW5kcy5Nb2RlbEJhY2tlbmQifQ==','2014-12-08 21:14:03'),('7g9bmq5hl7e6kc8vbh0rzon5s6q7dl94','MGZmOTNlMzU5MTUxY2Y3M2VjODQxZGRlOTdkOGNmZDE1OWYwZTFiOTp7Imxlc3NvbiI6eyJwb3NpdGlvbiI6MSwiZmFpbHMiOjAsImN1cnJlbnRfd29yZCI6MjI4MzksIm51bWJlciI6MjAsIndvcmRzIjp7IjAiOjIyODM5LCIxIjoxMDMzODEsIjIiOjEwMzUwNiwiMyI6NDU1MDAsIjQiOjk0NjExLCI1IjoyOTM0OCwiNiI6ODkzMzQsIjciOjEwNTUyOCwiOCI6MTExNTcyLCI5IjoxMzg0MSwiMTAiOjYzMDgyLCIxMSI6NTAxNDgsIjEyIjoyMzY4MiwiMTMiOjExNjEzLCIxNCI6NjY2MjYsIjE1Ijo4NTkxOCwiMTYiOjI5MTE1LCIxNyI6ODIyMTAsIjE4IjoxMDIwNjEsIjE5IjozOTY4Mn19LCJfYXV0aF91c2VyX2lkIjoxLCJfYXV0aF91c2VyX2JhY2tlbmQiOiJkamFuZ28uY29udHJpYi5hdXRoLmJhY2tlbmRzLk1vZGVsQmFja2VuZCJ9','2014-09-23 21:40:49'),('8at5x6ikn1s5oqx8k9mq3bbv7671s7hb','ZmVjOGZlZjNiYmNlYTNiNDZiOGY4NTJhYjRhZGY5YmUzMDM5NmVlMjp7Imxlc3NvbiI6eyJwb3NpdGlvbiI6MSwiZmFpbHMiOjAsImN1cnJlbnRfd29yZCI6MTQ2ODksIm51bWJlciI6MjAsIndvcmRzIjp7IjAiOjE0Njg5LCIxIjo3MDA2OCwiMiI6NTU0MzEsIjMiOjE1MDE2LCI0Ijo1Nzg5MCwiNSI6ODU2MTQsIjYiOjExMjI4MiwiNyI6NTQyMTksIjgiOjgxMDIyLCI5IjoxMTA3MzYsIjEwIjo3MjE4MSwiMTEiOjk5NjAwLCIxMiI6OTc3MDgsIjEzIjo4NjkwNywiMTQiOjEwMjQ4NSwiMTUiOjE1MDA3LCIxNiI6ODQyNTIsIjE3Ijo4OTkxNCwiMTgiOjE4MjQwLCIxOSI6NTAzODN9fSwiX2F1dGhfdXNlcl9pZCI6MSwiX2F1dGhfdXNlcl9iYWNrZW5kIjoiZGphbmdvLmNvbnRyaWIuYXV0aC5iYWNrZW5kcy5Nb2RlbEJhY2tlbmQifQ==','2014-09-23 21:37:29'),('ary72kwjnaxf5me6v0otdfu53nin4d8z','M2Y2MTM3MDFmNmNlMmE5ZTkxMWRjOWY5N2IwZDI5MjU1ZjIzYTNhODp7Imxlc3NvbiI6eyJwb3NpdGlvbiI6MSwiZmFpbHMiOjAsImN1cnJlbnRfd29yZCI6MTQ3NDgsIm51bWJlciI6MjAsIndvcmRzIjp7IjAiOjE0NzQ4LCIxIjo0ODY3OCwiMiI6MzA3MTksIjMiOjM3OTAwLCI0IjoxMDM5MjcsIjUiOjEyMTczLCI2Ijo4NTUwMiwiNyI6MTE4MDUsIjgiOjY3MTkwLCI5IjoyOTg1MywiMTAiOjQ1NzU3LCIxMSI6ODkxNDcsIjEyIjo2MDE1NywiMTMiOjEwMzc3NCwiMTQiOjE4NDEwLCIxNSI6MzkyMTAsIjE2IjoxMDI1ODgsIjE3Ijo4MjUyOSwiMTgiOjQxOTg2LCIxOSI6MzQ1Mjd9fX0=','2014-09-23 21:31:39'),('c1txfbp6i4mz1uvswp0efm61i1r0n3ji','ZGJmNWFkYTliZTg3MWIzMWY2OTZhOTU0ODgyYjUyMWYzZWNmY2Q4Mzp7Imxlc3NvbiI6eyJwb3NpdGlvbiI6MSwiZmFpbHMiOjAsImN1cnJlbnRfd29yZCI6MzI1ODcsIm51bWJlciI6MjAsIndvcmRzIjp7IjAiOjMyNTg3LCIxIjo1Njc1OSwiMiI6NDc5NjQsIjMiOjU3NjU3LCI0Ijo3MTMzOSwiNSI6NTc0MzAsIjYiOjExMDgwMywiNyI6NTkxNTUsIjgiOjIwNjQ3LCI5IjoxMTAwNDgsIjEwIjo3Mjg0NCwiMTEiOjEwNDc1MSwiMTIiOjQ2OTUzLCIxMyI6OTc0NDQsIjE0IjoxNDI2NSwiMTUiOjgzOTQ5LCIxNiI6NTUwMjMsIjE3Ijo1MDc1NSwiMTgiOjQzMzAxLCIxOSI6MjA4Njd9fSwiX2F1dGhfdXNlcl9pZCI6MSwiX2F1dGhfdXNlcl9iYWNrZW5kIjoiZGphbmdvLmNvbnRyaWIuYXV0aC5iYWNrZW5kcy5Nb2RlbEJhY2tlbmQifQ==','2014-09-23 21:05:54'),('ff0yuxcc5n17o90lys9t32e690hsq219','NDgwZGY5NjZhNjc2M2Q1NDE3N2Q5ZjNlZWE0ZTlmODBkMzU5MTZkMDp7Il9hdXRoX3VzZXJfYmFja2VuZCI6ImRqYW5nby5jb250cmliLmF1dGguYmFja2VuZHMuTW9kZWxCYWNrZW5kIiwiZGphbmdvX2xhbmd1YWdlIjoicGwiLCJfYXV0aF91c2VyX2lkIjoxfQ==','2014-11-29 15:33:19'),('fvykqh075tb3xhb73oori6tz5kgaj1lw','M2ZjNmEyY2Q0ZDRhNTg0NzhhMzVjYmEzMDZmZWYzNmEzOTRlZDgzNDp7Imxlc3NvbiI6eyJwb3NpdGlvbiI6MSwiZmFpbHMiOjAsImN1cnJlbnRfd29yZCI6MTYwMjEsIm51bWJlciI6MjAsIndvcmRzIjp7IjAiOjE2MDIxLCIxIjoyNDcyOSwiMiI6MTAwNjgxLCIzIjo0ODA3MSwiNCI6ODA2MTMsIjUiOjU1NTIzLCI2IjoyNDQxMiwiNyI6ODk3NjYsIjgiOjI3OTI5LCI5Ijo0MzMyNywiMTAiOjEwMjI5OCwiMTEiOjU3MzUxLCIxMiI6MzQ0MTIsIjEzIjo4MjAzNSwiMTQiOjg0MDcxLCIxNSI6Mjc0MDAsIjE2Ijo4NTkxNCwiMTciOjEwNDc4NSwiMTgiOjkwMjM3LCIxOSI6MTE0NjA0fX0sIl9hdXRoX3VzZXJfaWQiOjEsIl9hdXRoX3VzZXJfYmFja2VuZCI6ImRqYW5nby5jb250cmliLmF1dGguYmFja2VuZHMuTW9kZWxCYWNrZW5kIn0=','2014-09-23 21:02:22'),('j2g5soia6jptsy824q6srfv664jdy6pc','YTQzOTgxMjg5ZWY0ZmViZTE5Yzg3YjQyMjA0NmM5ZDc1ZDQyZDBkNzp7Imxlc3NvbiI6eyJwb3NpdGlvbiI6MSwiZmFpbHMiOjAsImN1cnJlbnRfd29yZCI6NTkwOTAsIm51bWJlciI6MjAsIndvcmRzIjp7IjAiOjU5MDkwLCIxIjo3ODk2NiwiMiI6Nzc3ODEsIjMiOjYzMTgwLCI0IjoyNDE0MywiNSI6MTEyMzcxLCI2IjoxMDk3MDIsIjciOjMwOTg2LCI4IjoxMTU3MTcsIjkiOjg2MjYzLCIxMCI6NjI2MzAsIjExIjoyNDYxOSwiMTIiOjU5MTUwLCIxMyI6MTAxNjUsIjE0Ijo5MTMxMSwiMTUiOjEyMTYzLCIxNiI6NDU4NzUsIjE3Ijo1NjEyOCwiMTgiOjUyODIyLCIxOSI6NzQ3MTR9fSwiX2F1dGhfdXNlcl9pZCI6MSwiX2F1dGhfdXNlcl9iYWNrZW5kIjoiZGphbmdvLmNvbnRyaWIuYXV0aC5iYWNrZW5kcy5Nb2RlbEJhY2tlbmQifQ==','2014-09-23 21:29:16'),('o5f4i34lkb95horbt5t6oy641dpbsl81','NTFjYjUxMTA4MzdmNWQxMGIzNGViOGY0ZTkwN2MyYjUyOTU0NmMwNDp7Il9hdXRoX3VzZXJfYmFja2VuZCI6ImRqYW5nby5jb250cmliLmF1dGguYmFja2VuZHMuTW9kZWxCYWNrZW5kIiwiX2F1dGhfdXNlcl9pZCI6MX0=','2014-09-09 17:33:22'),('ohncyterypruasyeycli1bllu8bsc55e','YzQxMjEyNTJmNjljNjdjNDI1YWQ3ZjFlZDIxMTA5OWRlNThkZTc0Njp7Imxlc3NvbiI6eyJwb3NpdGlvbiI6MSwiZmFpbHMiOjAsImN1cnJlbnRfd29yZCI6OTI4NCwibnVtYmVyIjoyMCwid29yZHMiOnsiMCI6OTI4NCwiMSI6NTY4NDQsIjIiOjQ0MjA0LCIzIjoyMTEzMCwiNCI6MTE2MTI5LCI1Ijo3NTMxMiwiNiI6NjUzNjUsIjciOjYxNjA0LCI4IjozNTAyNiwiOSI6NTQ4ODgsIjEwIjozNjgzNCwiMTEiOjI4NDgzLCIxMiI6MzQ4NjksIjEzIjo1MTA4OCwiMTQiOjM0OTQyLCIxNSI6MjMzMDAsIjE2Ijo4MzM5OSwiMTciOjEwNjUyMywiMTgiOjM1MTAyLCIxOSI6MjQ1Nzh9fSwiX2F1dGhfdXNlcl9pZCI6MSwiX2F1dGhfdXNlcl9iYWNrZW5kIjoiZGphbmdvLmNvbnRyaWIuYXV0aC5iYWNrZW5kcy5Nb2RlbEJhY2tlbmQifQ==','2014-09-23 21:31:40'),('ro6ozk53x69rvn57dcj002pjy6wwzyfb','NTFjYjUxMTA4MzdmNWQxMGIzNGViOGY0ZTkwN2MyYjUyOTU0NmMwNDp7Il9hdXRoX3VzZXJfYmFja2VuZCI6ImRqYW5nby5jb250cmliLmF1dGguYmFja2VuZHMuTW9kZWxCYWNrZW5kIiwiX2F1dGhfdXNlcl9pZCI6MX0=','2014-09-23 21:39:07'),('tf5ag5l6hhmywiaopkaaob7wy83v5pyf','YzEzOWY2ZDI3ZjI4MjUxYzkyOGRkNGEyMzczZjhhMjYwZDcxMjhlZjp7Imxlc3NvbiI6eyJjdXJyZW50X3dvcmQiOjEwMzg2OSwiZmFpbHMiOjIsIndvcmRfcG9zaXRpb24iOjMsIm51bWJlciI6MjAsIndvcmRzIjp7IjAiOjkyMjQ1LCIxIjoxMTM1NTIsIjIiOjEwMzg2OSwiMyI6NDc0NTIsIjQiOjIxOTM2LCI1IjoxMDAzMzYsIjYiOjM2NTExLCI3IjoxNDcyMywiOCI6OTM4NDIsIjkiOjEwNzY4MCwiMTAiOjExMTQyNCwiMTEiOjgzMzExLCIxMiI6NjI3NjYsIjEzIjo3NzY3MiwiMTQiOjE3NjM1LCIxNSI6MzIyNjQsIjE2IjoxMDA4NzgsIjE3IjozNjk5NiwiMTgiOjI2ODU4LCIxOSI6MTE0MTM5fX0sIl9hdXRoX3VzZXJfaWQiOjEsIl9hdXRoX3VzZXJfYmFja2VuZCI6ImRqYW5nby5jb250cmliLmF1dGguYmFja2VuZHMuTW9kZWxCYWNrZW5kIn0=','2014-09-23 22:04:44'),('ud16khiiq3yah1rjxfd63pfgrgsqv5z2','MmJkNGFlYmQ0NjgyOGQ5MDYyYWQwYmNhZGQ3MWQ2MzQwZDEzOTc4YTp7Imxlc3NvbiI6eyJwb3NpdGlvbiI6MSwiZmFpbHMiOjAsImN1cnJlbnRfd29yZCI6NDk5MzAsIm51bWJlciI6MjAsIndvcmRzIjp7IjAiOjQ5OTMwLCIxIjo3NTAyOCwiMiI6MTExNTgyLCIzIjo1NTAwNCwiNCI6NjA3ODYsIjUiOjg3Mjc1LCI2Ijo2Nzk1MiwiNyI6ODUwNzUsIjgiOjg2MzI5LCI5IjozMTA1MiwiMTAiOjg2Mjg4LCIxMSI6NTc1MDAsIjEyIjo1MTg4MCwiMTMiOjExNDc4OCwiMTQiOjExNTIxNCwiMTUiOjQ0NTg0LCIxNiI6NDU4MDUsIjE3IjozNzYxNSwiMTgiOjE0Mjg4LCIxOSI6MzQyNTV9fSwiX2F1dGhfdXNlcl9iYWNrZW5kIjoiZGphbmdvLmNvbnRyaWIuYXV0aC5iYWNrZW5kcy5Nb2RlbEJhY2tlbmQiLCJfYXV0aF91c2VyX2lkIjoxfQ==','2014-09-23 21:57:20'),('vfwfhzqpban45b99gs4rei4js5uybbiu','NTFjYjUxMTA4MzdmNWQxMGIzNGViOGY0ZTkwN2MyYjUyOTU0NmMwNDp7Il9hdXRoX3VzZXJfYmFja2VuZCI6ImRqYW5nby5jb250cmliLmF1dGguYmFja2VuZHMuTW9kZWxCYWNrZW5kIiwiX2F1dGhfdXNlcl9pZCI6MX0=','2014-09-23 21:45:31'),('vh66m3uv7ehy5z2n5y4mo9xknlykiif3','NDgwZGY5NjZhNjc2M2Q1NDE3N2Q5ZjNlZWE0ZTlmODBkMzU5MTZkMDp7Il9hdXRoX3VzZXJfYmFja2VuZCI6ImRqYW5nby5jb250cmliLmF1dGguYmFja2VuZHMuTW9kZWxCYWNrZW5kIiwiZGphbmdvX2xhbmd1YWdlIjoicGwiLCJfYXV0aF91c2VyX2lkIjoxfQ==','2014-11-06 18:53:23'),('wya5vqmd9rithv1qq2lsfoz6tgegi6z8','MGU5MmIwNDA3YmI2YWFmNDA0NTdiMDRkOTEzZmYwNmE3NDBjN2ZiNDp7Il9hdXRoX3VzZXJfYmFja2VuZCI6ImRqYW5nby5jb250cmliLmF1dGguYmFja2VuZHMuTW9kZWxCYWNrZW5kIiwibGVzc29uIjpudWxsLCJkamFuZ29fbGFuZ3VhZ2UiOiJwbCIsIl9hdXRoX3VzZXJfaWQiOjF9','2014-10-01 20:05:18');
/*!40000 ALTER TABLE `django_session` ENABLE KEYS */;
UNLOCK TABLES;

--
-- Table structure for table `south_migrationhistory`
--

DROP TABLE IF EXISTS `south_migrationhistory`;
/*!40101 SET @saved_cs_client     = @@character_set_client */;
/*!40101 SET character_set_client = utf8 */;
CREATE TABLE `south_migrationhistory` (
  `id` int(11) NOT NULL AUTO_INCREMENT,
  `app_name` varchar(255) COLLATE utf8_bin NOT NULL,
  `migration` varchar(255) COLLATE utf8_bin NOT NULL,
  `applied` datetime NOT NULL,
  PRIMARY KEY (`id`)
) ENGINE=InnoDB AUTO_INCREMENT=4 DEFAULT CHARSET=utf8 COLLATE=utf8_bin;
/*!40101 SET character_set_client = @saved_cs_client */;

--
-- Dumping data for table `south_migrationhistory`
--

LOCK TABLES `south_migrationhistory` WRITE;
/*!40000 ALTER TABLE `south_migrationhistory` DISABLE KEYS */;
INSERT INTO `south_migrationhistory` VALUES (3,'chinesetool','0001_initial','2014-11-24 22:28:12');
/*!40000 ALTER TABLE `south_migrationhistory` ENABLE KEYS */;
UNLOCK TABLES;
/*!40103 SET TIME_ZONE=@OLD_TIME_ZONE */;

/*!40101 SET SQL_MODE=@OLD_SQL_MODE */;
/*!40014 SET FOREIGN_KEY_CHECKS=@OLD_FOREIGN_KEY_CHECKS */;
/*!40014 SET UNIQUE_CHECKS=@OLD_UNIQUE_CHECKS */;
/*!40101 SET CHARACTER_SET_CLIENT=@OLD_CHARACTER_SET_CLIENT */;
/*!40101 SET CHARACTER_SET_RESULTS=@OLD_CHARACTER_SET_RESULTS */;
/*!40101 SET COLLATION_CONNECTION=@OLD_COLLATION_CONNECTION */;
/*!40111 SET SQL_NOTES=@OLD_SQL_NOTES */;

-- Dump completed on 2014-11-24 23:28:59
